time,core_level,up_level,downcomer_level,pzr_level,sgin_level,sgbr_level,react_pow,pzr_heater,rcpin_vel,rcpout_vel,core_temp_1,core_temp_2,core_temp_3,core_temp_4,core_temp_5,core_temp_6,core_temp_7,core_temp_8,core_temp_9,core_temp_10,core_temp_11,core_temp_12,hot_leg_pres,sg_pres,return_pipe_flow,return_valve_flow,br_mfw_flow1,in_mfw_flow1,in_afw_flow1,br_lp_flow,in_lp_flow,heat_ex_flow_f,heat_ex_v_flow_f,heat_ex_f_flow_f,heat_ex_flow_i,heat_ex_v_flow_i,heat_ex_f_flow_i,afw_intact_flow,sg_junction_flow,sg_jun_172_flow,sg_jun_176_flow,sg_bottom_flow,sg_bottom_flow_2,cr_ex_temp_g,cr_ex_temp_f,cr_en_temp_g,cr_en_temp_f,btm_pool_temp_f,top_pool_temp_f,mid_pool_temp_f,top_pool_temp_g,diverter_temp_g,diverter_temp_f,return_temp_g,return_temp_f,hx_temp_g,hx_temp_f,sg_exit_temp_g,sg_exit_temp_f,sg_entr_temp_g,sg_entr_temp_f,void_pool_05,void_pool_04,void_pool_03,void_pool_06,void_pool_02,void_pool_01,void_pool_07,void_pool_08,void_pool_09,void_pool_10,void_pool_11,void_pool_12,top_pool_pres,valve_position,top_hx_pres,bot_hx_pres,val_pres,div_pressure,void_hx_04,void_hx_01,void_rp_04,void_rp_01,void_rp_08
0.0000e+00,4.0766e+00,3.8194e+00,5.5374e+00,8.8550e+00,1.2200e+01,1.2200e+01,3.2500e+09,0.0000e+00,1.2451e+02,1.2451e+02,5.8916e+02,5.9170e+02,6.0232e+02,6.0584e+02,6.0974e+02,6.1314e+02,6.1625e+02,6.1941e+02,6.1858e+02,6.2083e+02,6.1146e+02,6.1163e+02,1.5500e+07,6.7085e+06,0.0000e+00,0.0000e+00,4.5578e+02,1.3244e+03,0.0000e+00,4.3562e+03,1.2436e+04,0.0000e+00,0.0000e+00,0.0000e+00,0.0000e+00,0.0000e+00,0.0000e+00,0.0000e+00,5.3276e+03,0.0000e+00,0.0000e+00,5.3276e+03,5.3276e+03,6.1839e+02,6.0338e+02,6.1918e+02,5.7080e+02,3.0537e+02,3.0537e+02,3.0537e+02,3.7313e+02,5.5603e+02,5.5603e+02,5.5603e+02,5.5603e+02,5.5603e+02,5.5603e+02,5.5610e+02,5.5615e+02,5.5662e+02,5.5452e+02,1.0000e+00,1.0000e+00,1.0000e+00,1.0000e+00,1.0000e+00,1.0000e+00,1.0000e+00,1.0000e+00,0.0000e+00,0.0000e+00,0.0000e+00,0.0000e+00,1.0135e+05,0.0000e+00,6.7000e+06,6.7000e+06,0.0000e+00,6.7000e+06,1.0000e+00,1.0000e+00,1.0000e+00,1.0000e+00,1.0000e+00
5.0338e+00,4.0766e+00,3.8194e+00,5.5374e+00,8.8546e+00,1.2202e+01,1.2200e+01,3.2500e+09,0.0000e+00,1.2451e+02,1.2451e+02,5.8916e+02,5.9170e+02,6.0232e+02,6.0583e+02,6.0974e+02,6.1314e+02,6.1625e+02,6.1941e+02,6.1858e+02,6.2083e+02,6.1146e+02,6.1163e+02,1.5499e+07,6.7065e+06,1.3616e-04,0.0000e+00,4.5578e+02,1.3241e+03,0.0000e+00,4.3562e+03,1.2436e+04,3.2789e+00,0.0000e+00,0.0000e+00,1.9037e+00,0.0000e+00,0.0000e+00,0.0000e+00,5.3254e+03,0.0000e+00,0.0000e+00,5.3254e+03,5.3269e+03,6.1838e+02,6.0338e+02,6.1917e+02,5.7080e+02,3.0540e+02,3.0541e+02,3.0540e+02,3.8081e+02,5.5598e+02,5.5601e+02,5.5656e+02,5.5604e+02,5.5606e+02,4.7867e+02,5.5608e+02,5.5613e+02,5.5660e+02,5.5451e+02,1.0000e+00,1.0000e+00,1.0000e+00,1.0000e+00,1.0000e+00,1.0000e+00,1.0000e+00,9.9654e-01,0.0000e+00,0.0000e+00,0.0000e+00,0.0000e+00,1.3245e+05,0.0000e+00,6.6945e+06,6.7238e+06,0.0000e+00,6.6977e+06,9.9999e-01,5.7189e-01,1.0000e+00,1.0000e+00,1.0000e+00
1.0017e+01,4.0766e+00,3.8194e+00,5.5374e+00,8.8538e+00,1.2201e+01,1.2200e+01,3.2500e+09,0.0000e+00,1.2451e+02,1.2451e+02,5.8915e+02,5.9169e+02,6.0231e+02,6.0583e+02,6.0973e+02,6.1313e+02,6.1625e+02,6.1940e+02,6.1857e+02,6.2082e+02,6.1145e+02,6.1162e+02,1.5496e+07,6.7060e+06,1.6792e-04,0.0000e+00,4.5578e+02,1.3236e+03,0.0000e+00,4.3562e+03,1.2436e+04,3.2935e+00,0.0000e+00,0.0000e+00,9.2797e-01,0.0000e+00,0.0000e+00,0.0000e+00,5.3298e+03,0.0000e+00,0.0000e+00,5.3287e+03,5.3274e+03,6.1837e+02,6.0337e+02,6.1916e+02,5.7079e+02,3.0542e+02,3.0544e+02,3.0542e+02,3.8079e+02,5.5598e+02,5.5600e+02,5.5658e+02,5.5604e+02,5.5606e+02,4.3699e+02,5.5607e+02,5.5612e+02,5.5660e+02,5.5450e+02,1.0000e+00,1.0000e+00,1.0000e+00,1.0000e+00,1.0000e+00,1.0000e+00,1.0000e+00,9.9307e-01,0.0000e+00,0.0000e+00,0.0000e+00,0.0000e+00,1.3237e+05,0.0000e+00,6.6940e+06,6.7252e+06,0.0000e+00,6.6971e+06,1.0000e+00,6.4326e-01,1.0000e+00,1.0000e+00,1.0000e+00
1.5001e+01,4.0766e+00,3.8194e+00,5.5374e+00,8.8534e+00,1.2199e+01,1.2200e+01,3.2500e+09,0.0000e+00,1.2451e+02,1.2451e+02,5.8914e+02,5.9168e+02,6.0231e+02,6.0582e+02,6.0972e+02,6.1313e+02,6.1624e+02,6.1939e+02,6.1857e+02,6.2081e+02,6.1145e+02,6.1162e+02,1.5494e+07,6.7066e+06,2.3649e-04,0.0000e+00,4.5577e+02,1.3230e+03,0.0000e+00,4.3562e+03,1.2437e+04,2.5374e+00,0.0000e+00,0.0000e+00,5.0666e-01,0.0000e+00,0.0000e+00,0.0000e+00,5.3295e+03,0.0000e+00,0.0000e+00,5.3281e+03,5.3268e+03,6.1836e+02,6.0336e+02,6.1915e+02,5.7079e+02,3.0543e+02,3.0548e+02,3.0543e+02,3.8077e+02,5.5599e+02,5.5601e+02,5.5662e+02,5.5603e+02,5.5608e+02,4.0748e+02,5.5608e+02,5.5613e+02,5.5660e+02,5.5450e+02,1.0000e+00,1.0000e+00,1.0000e+00,1.0000e+00,1.0000e+00,1.0000e+00,1.0000e+00,9.8960e-01,0.0000e+00,0.0000e+00,0.0000e+00,0.0000e+00,1.3229e+05,0.0000e+00,6.6949e+06,6.7278e+06,0.0000e+00,6.6978e+06,1.0000e+00,8.0242e-01,1.0000e+00,1.0000e+00,1.0000e+00
2.0018e+01,4.0766e+00,3.8194e+00,5.5374e+00,8.8536e+00,1.2198e+01,1.2200e+01,3.2500e+09,0.0000e+00,1.2451e+02,1.2451e+02,5.8914e+02,5.9168e+02,6.0231e+02,6.0582e+02,6.0972e+02,6.1313e+02,6.1624e+02,6.1939e+02,6.1857e+02,6.2081e+02,6.1145e+02,6.1162e+02,1.5495e+07,6.7081e+06,2.2481e-04,0.0000e+00,4.5575e+02,1.3225e+03,0.0000e+00,4.3562e+03,1.2437e+04,1.4654e+00,0.0000e+00,0.0000e+00,2.9543e-01,0.0000e+00,0.0000e+00,0.0000e+00,5.3279e+03,0.0000e+00,0.0000e+00,5.3273e+03,5.3263e+03,6.1836e+02,6.0336e+02,6.1915e+02,5.7079e+02,3.0544e+02,3.0551e+02,3.0544e+02,3.8075e+02,5.5601e+02,5.5602e+02,5.5665e+02,5.5602e+02,5.5611e+02,3.8440e+02,5.5610e+02,5.5614e+02,5.5662e+02,5.5451e+02,1.0000e+00,1.0000e+00,1.0000e+00,1.0000e+00,1.0000e+00,1.0000e+00,1.0000e+00,9.8611e-01,0.0000e+00,0.0000e+00,0.0000e+00,0.0000e+00,1.3220e+05,0.0000e+00,6.6974e+06,6.7315e+06,0.0000e+00,6.6993e+06,1.0000e+00,8.7772e-01,1.0000e+00,1.0000e+00,1.0000e+00
2.5002e+01,4.0766e+00,3.8194e+00,5.5374e+00,8.8546e+00,1.2197e+01,1.2200e+01,3.2500e+09,0.0000e+00,1.2451e+02,1.2451e+02,5.8915e+02,5.9169e+02,6.0232e+02,6.0583e+02,6.0973e+02,6.1313e+02,6.1625e+02,6.1940e+02,6.1857e+02,6.2082e+02,6.1145e+02,6.1162e+02,1.5497e+07,6.7096e+06,1.2530e-04,0.0000e+00,4.5572e+02,1.3223e+03,0.0000e+00,4.3562e+03,1.2437e+04,8.8706e-01,0.0000e+00,0.0000e+00,1.8201e-01,0.0000e+00,0.0000e+00,0.0000e+00,5.3254e+03,0.0000e+00,0.0000e+00,5.3259e+03,5.3260e+03,6.1838e+02,6.0337e+02,6.1916e+02,5.7079e+02,3.0544e+02,3.0553e+02,3.0544e+02,3.8073e+02,5.5603e+02,5.5604e+02,5.5668e+02,5.5601e+02,5.5613e+02,3.6638e+02,5.5611e+02,5.5616e+02,5.5663e+02,5.5453e+02,1.0000e+00,1.0000e+00,1.0000e+00,1.0000e+00,1.0000e+00,1.0000e+00,1.0000e+00,9.8265e-01,0.0000e+00,0.0000e+00,0.0000e+00,0.0000e+00,1.3212e+05,0.0000e+00,6.6991e+06,6.7338e+06,0.0000e+00,6.7008e+06,1.0000e+00,8.9488e-01,1.0000e+00,1.0000e+00,1.0000e+00
3.0019e+01,4.0766e+00,3.8194e+00,5.5374e+00,8.8557e+00,1.2197e+01,1.2200e+01,3.2500e+09,0.0000e+00,1.2451e+02,1.2451e+02,5.8916e+02,5.9170e+02,6.0232e+02,6.0584e+02,6.0974e+02,6.1314e+02,6.1625e+02,6.1941e+02,6.1858e+02,6.2083e+02,6.1146e+02,6.1163e+02,1.5500e+07,6.7104e+06,1.4526e-04,0.0000e+00,4.5569e+02,1.3224e+03,0.0000e+00,4.3562e+03,1.2436e+04,5.7972e-01,0.0000e+00,0.0000e+00,1.1707e-01,0.0000e+00,0.0000e+00,0.0000e+00,5.3242e+03,0.0000e+00,0.0000e+00,5.3250e+03,5.3256e+03,6.1839e+02,6.0338e+02,6.1918e+02,5.7080e+02,3.0545e+02,3.0555e+02,3.0545e+02,3.8071e+02,5.5604e+02,5.5605e+02,5.5669e+02,5.5601e+02,5.5614e+02,3.5244e+02,5.5612e+02,5.5617e+02,5.5664e+02,5.5454e+02,1.0000e+00,1.0000e+00,1.0000e+00,1.0000e+00,1.0000e+00,1.0000e+00,1.0000e+00,9.7916e-01,0.0000e+00,0.0000e+00,0.0000e+00,0.0000e+00,1.3203e+05,0.0000e+00,6.7000e+06,6.7351e+06,0.0000e+00,6.7016e+06,1.0000e+00,8.9943e-01,1.0000e+00,1.0000e+00,1.0000e+00
3.5003e+01,4.0766e+00,3.8194e+00,5.5374e+00,8.8566e+00,1.2198e+01,1.2200e+01,3.2500e+09,0.0000e+00,1.2451e+02,1.2451e+02,5.8917e+02,5.9171e+02,6.0233e+02,6.0584e+02,6.0974e+02,6.1315e+02,6.1626e+02,6.1941e+02,6.1859e+02,6.2084e+02,6.1147e+02,6.1164e+02,1.5503e+07,6.7106e+06,2.4581e-05,0.0000e+00,4.5569e+02,1.3228e+03,0.0000e+00,4.3562e+03,1.2436e+04,5.1004e-01,0.0000e+00,0.0000e+00,7.7978e-02,0.0000e+00,0.0000e+00,0.0000e+00,5.3238e+03,0.0000e+00,0.0000e+00,5.3248e+03,5.3256e+03,6.1841e+02,6.0339e+02,6.1919e+02,5.7081e+02,3.0545e+02,3.0556e+02,3.0545e+02,3.8069e+02,5.5604e+02,5.5605e+02,5.5670e+02,5.5600e+02,5.5615e+02,3.4198e+02,5.5612e+02,5.5617e+02,5.5664e+02,5.5454e+02,1.0000e+00,1.0000e+00,1.0000e+00,1.0000e+00,1.0000e+00,1.0000e+00,1.0000e+00,9.7570e-01,0.0000e+00,0.0000e+00,0.0000e+00,0.0000e+00,1.3195e+05,0.0000e+00,6.7003e+06,6.7357e+06,0.0000e+00,6.7018e+06,1.0000e+00,9.0737e-01,1.0000e+00,1.0000e+00,1.0000e+00
4.0020e+01,4.0766e+00,3.8194e+00,5.5374e+00,8.8571e+00,1.2198e+01,1.2200e+01,3.2500e+09,0.0000e+00,1.2451e+02,1.2451e+02,5.8917e+02,5.9171e+02,6.0234e+02,6.0585e+02,6.0975e+02,6.1315e+02,6.1627e+02,6.1942e+02,6.1859e+02,6.2084e+02,6.1147e+02,6.1164e+02,1.5504e+07,6.7103e+06,3.8854e-05,0.0000e+00,4.5572e+02,1.3233e+03,0.0000e+00,4.3562e+03,1.2436e+04,4.2208e-01,0.0000e+00,0.0000e+00,5.3816e-02,0.0000e+00,0.0000e+00,0.0000e+00,5.3244e+03,0.0000e+00,0.0000e+00,5.3249e+03,5.3256e+03,6.1841e+02,6.0339e+02,6.1920e+02,5.7082e+02,3.0545e+02,3.0556e+02,3.0545e+02,3.8068e+02,5.5604e+02,5.5604e+02,5.5670e+02,5.5600e+02,5.5615e+02,3.3407e+02,5.5612e+02,5.5617e+02,5.5664e+02,5.5454e+02,1.0000e+00,1.0000e+00,1.0000e+00,1.0000e+00,1.0000e+00,1.0000e+00,1.0000e+00,9.7221e-01,0.0000e+00,0.0000e+00,0.0000e+00,0.0000e+00,1.3186e+05,0.0000e+00,6.7004e+06,6.7360e+06,0.0000e+00,6.7015e+06,1.0000e+00,9.2297e-01,1.0000e+00,1.0000e+00,1.0000e+00
4.5004e+01,4.0766e+00,3.8194e+00,5.5374e+00,8.8572e+00,1.2199e+01,1.2200e+01,3.2500e+09,0.0000e+00,1.2451e+02,1.2451e+02,5.8917e+02,5.9171e+02,6.0234e+02,6.0585e+02,6.0975e+02,6.1315e+02,6.1627e+02,6.1942e+02,6.1860e+02,6.2084e+02,6.1147e+02,6.1164e+02,1.5504e+07,6.7097e+06,-1.7287e-05,0.0000e+00,4.5577e+02,1.3237e+03,0.0000e+00,4.3562e+03,1.2436e+04,3.3813e-01,0.0000e+00,0.0000e+00,3.8103e-02,0.0000e+00,0.0000e+00,0.0000e+00,5.3251e+03,0.0000e+00,0.0000e+00,5.3253e+03,5.3257e+03,6.1841e+02,6.0339e+02,6.1920e+02,5.7082e+02,3.0545e+02,3.0557e+02,3.0546e+02,3.8066e+02,5.5603e+02,5.5604e+02,5.5670e+02,5.5600e+02,5.5615e+02,3.2815e+02,5.5611e+02,5.5616e+02,5.5663e+02,5.5454e+02,1.0000e+00,1.0000e+00,1.0000e+00,1.0000e+00,1.0000e+00,1.0000e+00,1.0000e+00,9.6875e-01,0.0000e+00,0.0000e+00,0.0000e+00,0.0000e+00,1.3178e+05,0.0000e+00,6.7001e+06,6.7359e+06,0.0000e+00,6.7009e+06,1.0000e+00,9.3716e-01,1.0000e+00,1.0000e+00,1.0000e+00
5.0021e+01,4.0766e+00,3.8194e+00,5.5374e+00,8.8569e+00,1.2199e+01,1.2201e+01,3.2500e+09,0.0000e+00,1.2451e+02,1.2451e+02,5.8917e+02,5.9171e+02,6.0233e+02,6.0585e+02,6.0975e+02,6.1315e+02,6.1627e+02,6.1942e+02,6.1859e+02,6.2084e+02,6.1147e+02,6.1164e+02,1.5503e+07,6.7091e+06,3.3730e-06,0.0000e+00,4.5582e+02,1.3242e+03,0.0000e+00,4.3562e+03,1.2436e+04,2.6980e-01,0.0000e+00,0.0000e+00,2.7753e-02,0.0000e+00,0.0000e+00,0.0000e+00,5.3257e+03,0.0000e+00,0.0000e+00,5.3257e+03,5.3258e+03,6.1841e+02,6.0339e+02,6.1919e+02,5.7081e+02,3.0545e+02,3.0557e+02,3.0546e+02,3.8064e+02,5.5602e+02,5.5603e+02,5.5670e+02,5.5600e+02,5.5614e+02,3.2360e+02,5.5610e+02,5.5616e+02,5.5663e+02,5.5453e+02,1.0000e+00,1.0000e+00,1.0000e+00,1.0000e+00,1.0000e+00,1.0000e+00,1.0000e+00,9.6527e-01,0.0000e+00,0.0000e+00,0.0000e+00,0.0000e+00,1.3169e+05,0.0000e+00,6.6992e+06,6.7352e+06,0.0000e+00,6.7003e+06,1.0000e+00,9.4905e-01,1.0000e+00,1.0000e+00,1.0000e+00
5.5005e+01,4.0766e+00,3.8194e+00,5.5374e+00,8.8565e+00,1.2199e+01,1.2200e+01,3.2500e+09,0.0000e+00,1.2451e+02,1.2451e+02,5.8917e+02,5.9170e+02,6.0233e+02,6.0584e+02,6.0974e+02,6.1315e+02,6.1626e+02,6.1941e+02,6.1859e+02,6.2084e+02,6.1147e+02,6.1164e+02,1.5502e+07,6.7085e+06,2.1586e-05,0.0000e+00,4.5585e+02,1.3245e+03,0.0000e+00,4.3562e+03,1.2436e+04,2.1643e-01,0.0000e+00,0.0000e+00,2.0748e-02,0.0000e+00,0.0000e+00,0.0000e+00,5.3262e+03,0.0000e+00,0.0000e+00,5.3260e+03,5.3259e+03,6.1840e+02,6.0339e+02,6.1919e+02,5.7081e+02,3.0545e+02,3.0558e+02,3.0546e+02,3.8062e+02,5.5602e+02,5.5603e+02,5.5670e+02,5.5600e+02,5.5614e+02,3.2012e+02,5.5610e+02,5.5615e+02,5.5662e+02,5.5452e+02,1.0000e+00,1.0000e+00,1.0000e+00,1.0000e+00,1.0000e+00,1.0000e+00,1.0000e+00,9.6181e-01,0.0000e+00,0.0000e+00,0.0000e+00,0.0000e+00,1.3161e+05,0.0000e+00,6.6994e+06,6.7355e+06,0.0000e+00,6.6997e+06,1.0000e+00,9.5866e-01,1.0000e+00,1.0000e+00,1.0000e+00
6.0022e+01,4.0766e+00,3.8194e+00,5.5374e+00,8.8560e+00,1.2198e+01,1.2200e+01,3.2500e+09,0.0000e+00,1.2451e+02,1.2451e+02,5.8916e+02,5.9170e+02,6.0233e+02,6.0584e+02,6.0974e+02,6.1314e+02,6.1626e+02,6.1941e+02,6.1859e+02,6.2083e+02,6.1146e+02,6.1163e+02,1.5500e+07,6.7081e+06,2.0409e-05,0.0000e+00,4.5587e+02,1.3247e+03,0.0000e+00,4.3562e+03,1.2436e+04,1.7409e-01,0.0000e+00,0.0000e+00,1.5735e-02,0.0000e+00,0.0000e+00,0.0000e+00,5.3265e+03,0.0000e+00,0.0000e+00,5.3261e+03,5.3259e+03,6.1839e+02,6.0338e+02,6.1918e+02,5.7080e+02,3.0546e+02,3.0558e+02,3.0546e+02,3.8060e+02,5.5602e+02,5.5602e+02,5.5670e+02,5.5600e+02,5.5614e+02,3.1739e+02,5.5609e+02,5.5615e+02,5.5662e+02,5.5452e+02,1.0000e+00,1.0000e+00,1.0000e+00,1.0000e+00,1.0000e+00,1.0000e+00,1.0000e+00,9.5833e-01,0.0000e+00,0.0000e+00,0.0000e+00,0.0000e+00,1.3152e+05,0.0000e+00,6.6996e+06,6.7358e+06,0.0000e+00,6.6993e+06,1.0000e+00,9.6652e-01,1.0000e+00,1.0000e+00,1.0000e+00
6.5006e+01,4.0766e+00,3.8194e+00,5.5374e+00,8.8556e+00,1.2198e+01,1.2200e+01,3.2500e+09,0.0000e+00,1.2451e+02,1.2451e+02,5.8916e+02,5.9170e+02,6.0232e+02,6.0583e+02,6.0974e+02,6.1314e+02,6.1625e+02,6.1941e+02,6.1858e+02,6.2083e+02,6.1146e+02,6.1163e+02,1.5498e+07,6.7079e+06,3.2543e-05,0.0000e+00,4.5587e+02,1.3248e+03,0.0000e+00,4.3562e+03,1.2436e+04,1.4081e-01,0.0000e+00,0.0000e+00,1.2213e-02,0.0000e+00,0.0000e+00,0.0000e+00,5.3266e+03,0.0000e+00,0.0000e+00,5.3262e+03,5.3259e+03,6.1838e+02,6.0338e+02,6.1917e+02,5.7080e+02,3.0546e+02,3.0558e+02,3.0546e+02,3.8058e+02,5.5602e+02,5.5602e+02,5.5671e+02,5.5600e+02,5.5615e+02,3.1527e+02,5.5609e+02,5.5614e+02,5.5661e+02,5.5452e+02,1.0000e+00,1.0000e+00,1.0000e+00,1.0000e+00,1.0000e+00,1.0000e+00,1.0000e+00,9.5488e-01,0.0000e+00,0.0000e+00,0.0000e+00,0.0000e+00,1.3144e+05,0.0000e+00,6.6999e+06,6.7362e+06,0.0000e+00,6.6991e+06,1.0000e+00,9.7283e-01,1.0000e+00,1.0000e+00,1.0000e+00
7.0023e+01,4.0766e+00,3.8194e+00,5.5374e+00,8.8554e+00,1.2198e+01,1.2200e+01,3.2500e+09,0.0000e+00,1.2451e+02,1.2451e+02,5.8916e+02,5.9169e+02,6.0232e+02,6.0583e+02,6.0973e+02,6.1314e+02,6.1625e+02,6.1940e+02,6.1858e+02,6.2082e+02,6.1146e+02,6.1163e+02,1.5497e+07,6.7079e+06,2.9483e-05,0.0000e+00,4.5585e+02,1.3248e+03,0.0000e+00,4.3562e+03,1.2436e+04,1.1412e-01,0.0000e+00,0.0000e+00,9.5628e-03,0.0000e+00,0.0000e+00,0.0000e+00,5.3265e+03,0.0000e+00,0.0000e+00,5.3262e+03,5.3259e+03,6.1838e+02,6.0338e+02,6.1916e+02,5.7080e+02,3.0546e+02,3.0558e+02,3.0546e+02,3.8056e+02,5.5602e+02,5.5602e+02,5.5671e+02,5.5600e+02,5.5615e+02,3.1357e+02,5.5609e+02,5.5614e+02,5.5661e+02,5.5451e+02,1.0000e+00,1.0000e+00,1.0000e+00,1.0000e+00,1.0000e+00,1.0000e+00,1.0000e+00,9.5141e-01,0.0000e+00,0.0000e+00,0.0000e+00,0.0000e+00,1.3135e+05,0.0000e+00,6.7003e+06,6.7366e+06,0.0000e+00,6.6991e+06,1.0000e+00,9.7798e-01,1.0000e+00,1.0000e+00,1.0000e+00
7.5007e+01,4.0766e+00,3.8194e+00,5.5374e+00,8.8553e+00,1.2197e+01,1.2200e+01,3.2500e+09,0.0000e+00,1.2451e+02,1.2451e+02,5.8915e+02,5.9169e+02,6.0232e+02,6.0583e+02,6.0973e+02,6.1314e+02,6.1625e+02,6.1940e+02,6.1858e+02,6.2082e+02,6.1146e+02,6.1163e+02,1.5497e+07,6.7081e+06,2.6722e-05,0.0000e+00,4.5582e+02,1.3248e+03,0.0000e+00,4.3562e+03,1.2436e+04,9.2869e-02,0.0000e+00,0.0000e+00,7.5979e-03,0.0000e+00,0.0000e+00,0.0000e+00,5.3263e+03,0.0000e+00,0.0000e+00,5.3261e+03,5.3259e+03,6.1838e+02,6.0337e+02,6.1916e+02,5.7080e+02,3.0546e+02,3.0558e+02,3.0546e+02,3.8054e+02,5.5602e+02,5.5602e+02,5.5672e+02,5.5599e+02,5.5616e+02,3.1223e+02,5.5609e+02,5.5614e+02,5.5662e+02,5.5451e+02,1.0000e+00,1.0000e+00,1.0000e+00,1.0000e+00,1.0000e+00,1.0000e+00,1.0000e+00,9.4796e-01,0.0000e+00,0.0000e+00,0.0000e+00,0.0000e+00,1.3127e+05,0.0000e+00,6.7006e+06,6.7371e+06,0.0000e+00,6.6992e+06,1.0000e+00,9.8211e-01,1.0000e+00,1.0000e+00,1.0000e+00
8.0024e+01,4.0766e+00,3.8194e+00,5.5374e+00,8.8554e+00,1.2197e+01,1.2200e+01,3.2500e+09,0.0000e+00,1.2451e+02,1.2451e+02,5.8915e+02,5.9169e+02,6.0232e+02,6.0583e+02,6.0973e+02,6.1314e+02,6.1625e+02,6.1940e+02,6.1858e+02,6.2082e+02,6.1146e+02,6.1163e+02,1.5497e+07,6.7082e+06,2.4215e-05,0.0000e+00,4.5579e+02,1.3247e+03,0.0000e+00,4.3562e+03,1.2436e+04,7.5637e-02,0.0000e+00,0.0000e+00,6.0969e-03,0.0000e+00,0.0000e+00,0.0000e+00,5.3261e+03,0.0000e+00,0.0000e+00,5.3260e+03,5.3259e+03,6.1838e+02,6.0337e+02,6.1916e+02,5.7080e+02,3.0546e+02,3.0558e+02,3.0546e+02,3.8052e+02,5.5602e+02,5.5602e+02,5.5672e+02,5.5599e+02,5.5616e+02,3.1114e+02,5.5610e+02,5.5615e+02,5.5662e+02,5.5452e+02,1.0000e+00,1.0000e+00,1.0000e+00,1.0000e+00,1.0000e+00,1.0000e+00,1.0000e+00,9.4448e-01,0.0000e+00,0.0000e+00,0.0000e+00,0.0000e+00,1.3118e+05,0.0000e+00,6.7010e+06,6.7374e+06,0.0000e+00,6.6994e+06,1.0000e+00,9.8546e-01,1.0000e+00,1.0000e+00,1.0000e+00
8.5008e+01,4.0766e+00,3.8194e+00,5.5374e+00,8.8556e+00,1.2197e+01,1.2200e+01,3.2500e+09,0.0000e+00,1.2451e+02,1.2451e+02,5.8916e+02,5.9169e+02,6.0232e+02,6.0583e+02,6.0973e+02,6.1314e+02,6.1625e+02,6.1940e+02,6.1858e+02,6.2082e+02,6.1146e+02,6.1163e+02,1.5497e+07,6.7084e+06,1.9969e-05,0.0000e+00,4.5577e+02,1.3246e+03,0.0000e+00,4.3562e+03,1.2436e+04,6.1808e-02,0.0000e+00,0.0000e+00,4.9416e-03,0.0000e+00,0.0000e+00,0.0000e+00,5.3260e+03,0.0000e+00,0.0000e+00,5.3259e+03,5.3259e+03,6.1838e+02,6.0337e+02,6.1916e+02,5.7080e+02,3.0546e+02,3.0558e+02,3.0547e+02,3.8051e+02,5.5603e+02,5.5603e+02,5.5672e+02,5.5599e+02,5.5616e+02,3.1026e+02,5.5610e+02,5.5615e+02,5.5662e+02,5.5452e+02,1.0000e+00,1.0000e+00,1.0000e+00,1.0000e+00,1.0000e+00,1.0000e+00,1.0000e+00,9.4104e-01,0.0000e+00,0.0000e+00,0.0000e+00,0.0000e+00,1.3110e+05,0.0000e+00,6.7013e+06,6.7378e+06,0.0000e+00,6.6996e+06,1.0000e+00,9.8815e-01,1.0000e+00,1.0000e+00,1.0000e+00
9.0026e+01,4.0766e+00,3.8194e+00,5.5374e+00,8.8559e+00,1.2197e+01,1.2200e+01,3.2500e+09,0.0000e+00,1.2451e+02,1.2451e+02,5.8916e+02,5.9170e+02,6.0232e+02,6.0583e+02,6.0973e+02,6.1314e+02,6.1625e+02,6.1940e+02,6.1858e+02,6.2083e+02,6.1146e+02,6.1163e+02,1.5498e+07,6.7086e+06,1.4480e-05,0.0000e+00,4.5575e+02,1.3246e+03,0.0000e+00,4.3562e+03,1.2436e+04,5.0527e-02,0.0000e+00,0.0000e+00,4.0270e-03,0.0000e+00,0.0000e+00,0.0000e+00,5.3259e+03,0.0000e+00,0.0000e+00,5.3259e+03,5.3259e+03,6.1838e+02,6.0338e+02,6.1916e+02,5.7080e+02,3.0546e+02,3.0557e+02,3.0547e+02,3.8049e+02,5.5603e+02,5.5603e+02,5.5673e+02,5.5599e+02,5.5617e+02,3.0954e+02,5.5610e+02,5.5615e+02,5.5662e+02,5.5452e+02,1.0000e+00,1.0000e+00,1.0000e+00,1.0000e+00,1.0000e+00,1.0000e+00,1.0000e+00,9.3757e-01,0.0000e+00,0.0000e+00,0.0000e+00,0.0000e+00,1.3102e+05,0.0000e+00,6.7015e+06,6.7380e+06,0.0000e+00,6.6998e+06,1.0000e+00,9.9034e-01,1.0000e+00,1.0000e+00,1.0000e+00
9.5009e+01,4.0766e+00,3.8194e+00,5.5374e+00,8.8561e+00,1.2197e+01,1.2200e+01,3.2500e+09,0.0000e+00,1.2451e+02,1.2451e+02,5.8916e+02,5.9170e+02,6.0232e+02,6.0583e+02,6.0974e+02,6.1314e+02,6.1625e+02,6.1941e+02,6.1858e+02,6.2083e+02,6.1146e+02,6.1163e+02,1.5498e+07,6.7087e+06,8.6644e-06,0.0000e+00,4.5575e+02,1.3246e+03,0.0000e+00,4.3562e+03,1.2436e+04,4.1440e-02,0.0000e+00,0.0000e+00,3.3056e-03,0.0000e+00,0.0000e+00,0.0000e+00,5.3258e+03,0.0000e+00,0.0000e+00,5.3259e+03,5.3259e+03,6.1838e+02,6.0338e+02,6.1917e+02,5.7080e+02,3.0546e+02,3.0557e+02,3.0547e+02,3.8047e+02,5.5603e+02,5.5603e+02,5.5673e+02,5.5599e+02,5.5617e+02,3.0895e+02,5.5610e+02,5.5615e+02,5.5662e+02,5.5452e+02,1.0000e+00,1.0000e+00,1.0000e+00,1.0000e+00,1.0000e+00,1.0000e+00,1.0000e+00,9.3413e-01,0.0000e+00,0.0000e+00,0.0000e+00,0.0000e+00,1.3093e+05,0.0000e+00,6.7016e+06,6.7382e+06,0.0000e+00,6.6999e+06,1.0000e+00,9.9209e-01,1.0000e+00,1.0000e+00,1.0000e+00
1.0003e+02,4.0766e+00,3.8194e+00,5.5374e+00,8.8563e+00,1.2198e+01,1.2200e+01,3.2500e+09,0.0000e+00,1.2451e+02,1.2451e+02,5.8916e+02,5.9170e+02,6.0232e+02,6.0584e+02,6.0974e+02,6.1314e+02,6.1625e+02,6.1941e+02,6.1858e+02,6.2083e+02,6.1146e+02,6.1163e+02,1.5498e+07,6.7088e+06,3.3912e-06,0.0000e+00,4.5576e+02,1.3246e+03,0.0000e+00,4.3562e+03,1.2436e+04,3.4017e-02,0.0000e+00,0.0000e+00,2.7256e-03,0.0000e+00,0.0000e+00,0.0000e+00,5.3259e+03,0.0000e+00,0.0000e+00,5.3259e+03,5.3260e+03,6.1838e+02,6.0338e+02,6.1917e+02,5.7080e+02,3.0546e+02,3.0557e+02,3.0547e+02,3.8045e+02,5.5603e+02,5.5603e+02,5.5673e+02,5.5599e+02,5.5617e+02,3.0846e+02,5.5610e+02,5.5615e+02,5.5662e+02,5.5452e+02,1.0000e+00,1.0000e+00,1.0000e+00,1.0000e+00,1.0000e+00,1.0000e+00,1.0000e+00,9.3066e-01,0.0000e+00,0.0000e+00,0.0000e+00,0.0000e+00,1.3085e+05,0.0000e+00,6.7017e+06,6.7383e+06,0.0000e+00,6.6999e+06,1.0000e+00,9.9352e-01,1.0000e+00,1.0000e+00,1.0000e+00
1.0501e+02,4.0766e+00,3.8194e+00,5.5374e+00,8.8564e+00,1.2198e+01,1.2200e+01,3.2500e+09,0.0000e+00,1.2451e+02,1.2451e+02,5.8916e+02,5.9170e+02,6.0232e+02,6.0584e+02,6.0974e+02,6.1314e+02,6.1626e+02,6.1941e+02,6.1858e+02,6.2083e+02,6.1146e+02,6.1163e+02,1.5498e+07,6.7087e+06,-4.1706e-07,0.0000e+00,4.5577e+02,1.3246e+03,0.0000e+00,4.3562e+03,1.2436e+04,2.8042e-02,0.0000e+00,0.0000e+00,2.2660e-03,0.0000e+00,0.0000e+00,0.0000e+00,5.3260e+03,0.0000e+00,0.0000e+00,5.3260e+03,5.3261e+03,6.1838e+02,6.0338e+02,6.1917e+02,5.7080e+02,3.0546e+02,3.0557e+02,3.0547e+02,3.8043e+02,5.5603e+02,5.5603e+02,5.5673e+02,5.5599e+02,5.5617e+02,3.0805e+02,5.5610e+02,5.5615e+02,5.5662e+02,5.5452e+02,1.0000e+00,1.0000e+00,1.0000e+00,1.0000e+00,1.0000e+00,1.0000e+00,1.0000e+00,9.2722e-01,0.0000e+00,0.0000e+00,0.0000e+00,0.0000e+00,1.3076e+05,0.0000e+00,6.7017e+06,6.7383e+06,0.0000e+00,6.6999e+06,1.0000e+00,9.9466e-01,1.0000e+00,1.0000e+00,1.0000e+00
1.1003e+02,4.0766e+00,3.8194e+00,5.5374e+00,8.8565e+00,1.2198e+01,1.2200e+01,3.2500e+09,0.0000e+00,1.2451e+02,1.2451e+02,5.8916e+02,5.9170e+02,6.0232e+02,6.0584e+02,6.0974e+02,6.1314e+02,6.1626e+02,6.1941e+02,6.1858e+02,6.2083e+02,6.1146e+02,6.1163e+02,1.5498e+07,6.7087e+06,-2.8657e-06,0.0000e+00,4.5578e+02,1.3247e+03,0.0000e+00,4.3562e+03,1.2436e+04,2.3166e-02,0.0000e+00,0.0000e+00,1.8990e-03,0.0000e+00,0.0000e+00,0.0000e+00,5.3261e+03,0.0000e+00,0.0000e+00,5.3261e+03,5.3261e+03,6.1838e+02,6.0338e+02,6.1917e+02,5.7080e+02,3.0546e+02,3.0557e+02,3.0547e+02,3.8041e+02,5.5603e+02,5.5603e+02,5.5673e+02,5.5599e+02,5.5617e+02,3.0771e+02,5.5610e+02,5.5615e+02,5.5662e+02,5.5452e+02,1.0000e+00,1.0000e+00,1.0000e+00,1.0000e+00,1.0000e+00,1.0000e+00,1.0000e+00,9.2376e-01,0.0000e+00,0.0000e+00,0.0000e+00,0.0000e+00,1.3068e+05,0.0000e+00,6.7017e+06,6.7383e+06,0.0000e+00,6.6999e+06,1.0000e+00,9.9559e-01,1.0000e+00,1.0000e+00,1.0000e+00
1.1501e+02,4.0766e+00,3.8194e+00,5.5374e+00,8.8565e+00,1.2198e+01,1.2200e+01,3.2500e+09,0.0000e+00,1.2451e+02,1.2451e+02,5.8916e+02,5.9170e+02,6.0232e+02,6.0584e+02,6.0974e+02,6.1314e+02,6.1625e+02,6.1941e+02,6.1858e+02,6.2083e+02,6.1146e+02,6.1163e+02,1.5498e+07,6.7086e+06,-3.5638e-06,0.0000e+00,4.5578e+02,1.3247e+03,0.0000e+00,4.3562e+03,1.2436e+04,1.9249e-02,0.0000e+00,0.0000e+00,1.6048e-03,0.0000e+00,0.0000e+00,0.0000e+00,5.3262e+03,0.0000e+00,0.0000e+00,5.3262e+03,5.3262e+03,6.1838e+02,6.0338e+02,6.1917e+02,5.7080e+02,3.0546e+02,3.0556e+02,3.0547e+02,3.8039e+02,5.5603e+02,5.5603e+02,5.5673e+02,5.5599e+02,5.5617e+02,3.0742e+02,5.5610e+02,5.5615e+02,5.5662e+02,5.5452e+02,1.0000e+00,1.0000e+00,1.0000e+00,1.0000e+00,1.0000e+00,1.0000e+00,1.0000e+00,9.2033e-01,0.0000e+00,0.0000e+00,0.0000e+00,0.0000e+00,1.3059e+05,0.0000e+00,6.7016e+06,6.7382e+06,0.0000e+00,6.6998e+06,1.0000e+00,9.9635e-01,1.0000e+00,1.0000e+00,1.0000e+00
1.2003e+02,4.0766e+00,3.8194e+00,5.5374e+00,8.8565e+00,1.2198e+01,1.2200e+01,3.2500e+09,0.0000e+00,1.2451e+02,1.2451e+02,5.8916e+02,5.9170e+02,6.0232e+02,6.0584e+02,6.0974e+02,6.1314e+02,6.1625e+02,6.1941e+02,6.1858e+02,6.2083e+02,6.1146e+02,6.1163e+02,1.5498e+07,6.7085e+06,-3.0060e-06,0.0000e+00,4.5579e+02,1.3247e+03,0.0000e+00,4.3562e+03,1.2436e+04,1.6053e-02,0.0000e+00,0.0000e+00,1.3642e-03,0.0000e+00,0.0000e+00,0.0000e+00,5.3263e+03,0.0000e+00,0.0000e+00,5.3263e+03,5.3263e+03,6.1838e+02,6.0338e+02,6.1917e+02,5.7080e+02,3.0546e+02,3.0556e+02,3.0547e+02,3.8037e+02,5.5603e+02,5.5603e+02,5.5673e+02,5.5599e+02,5.5617e+02,3.0718e+02,5.5610e+02,5.5615e+02,5.5662e+02,5.5452e+02,1.0000e+00,1.0000e+00,1.0000e+00,1.0000e+00,1.0000e+00,1.0000e+00,1.0000e+00,9.1687e-01,0.0000e+00,0.0000e+00,0.0000e+00,0.0000e+00,1.3051e+05,0.0000e+00,6.7016e+06,6.7382e+06,0.0000e+00,6.6997e+06,1.0000e+00,9.9696e-01,1.0000e+00,1.0000e+00,1.0000e+00
1.2501e+02,4.0766e+00,3.8194e+00,5.5374e+00,8.8565e+00,1.2198e+01,1.2200e+01,3.2500e+09,0.0000e+00,1.2451e+02,1.2451e+02,5.8916e+02,5.9170e+02,6.0232e+02,6.0584e+02,6.0974e+02,6.1314e+02,6.1625e+02,6.1941e+02,6.1858e+02,6.2083e+02,6.1146e+02,6.1163e+02,1.5498e+07,6.7085e+06,-1.6560e-06,0.0000e+00,4.5579e+02,1.3247e+03,0.0000e+00,4.3562e+03,1.2436e+04,1.3476e-02,0.0000e+00,0.0000e+00,1.1687e-03,0.0000e+00,0.0000e+00,0.0000e+00,5.3264e+03,0.0000e+00,0.0000e+00,5.3263e+03,5.3263e+03,6.1838e+02,6.0338e+02,6.1916e+02,5.7080e+02,3.0546e+02,3.0556e+02,3.0547e+02,3.8035e+02,5.5603e+02,5.5603e+02,5.5673e+02,5.5599e+02,5.5617e+02,3.0697e+02,5.5610e+02,5.5615e+02,5.5662e+02,5.5452e+02,1.0000e+00,1.0000e+00,1.0000e+00,1.0000e+00,1.0000e+00,1.0000e+00,1.0000e+00,9.1344e-01,0.0000e+00,0.0000e+00,0.0000e+00,0.0000e+00,1.3043e+05,0.0000e+00,6.7015e+06,6.7382e+06,0.0000e+00,6.6997e+06,1.0000e+00,9.9746e-01,1.0000e+00,1.0000e+00,1.0000e+00
1.3003e+02,4.0766e+00,3.8194e+00,5.5374e+00,8.8565e+00,1.2198e+01,1.2200e+01,3.2500e+09,0.0000e+00,1.2451e+02,1.2451e+02,5.8916e+02,5.9170e+02,6.0232e+02,6.0583e+02,6.0974e+02,6.1314e+02,6.1625e+02,6.1940e+02,6.1858e+02,6.2083e+02,6.1146e+02,6.1163e+02,1.5497e+07,6.7085e+06,-1.6068e-07,0.0000e+00,4.5579e+02,1.3247e+03,0.0000e+00,4.3562e+03,1.2436e+04,1.1356e-02,0.0000e+00,0.0000e+00,1.0058e-03,0.0000e+00,0.0000e+00,0.0000e+00,5.3265e+03,0.0000e+00,0.0000e+00,5.3264e+03,5.3263e+03,6.1838e+02,6.0338e+02,6.1916e+02,5.7080e+02,3.0546e+02,3.0555e+02,3.0547e+02,3.8034e+02,5.5603e+02,5.5603e+02,5.5673e+02,5.5599e+02,5.5617e+02,3.0680e+02,5.5610e+02,5.5615e+02,5.5662e+02,5.5452e+02,1.0000e+00,1.0000e+00,1.0000e+00,1.0000e+00,1.0000e+00,1.0000e+00,1.0000e+00,9.0998e-01,0.0000e+00,0.0000e+00,0.0000e+00,0.0000e+00,1.3034e+05,0.0000e+00,6.7015e+06,6.7381e+06,0.0000e+00,6.6997e+06,1.0000e+00,9.9787e-01,1.0000e+00,1.0000e+00,1.0000e+00
1.3501e+02,4.0766e+00,3.8194e+00,5.5374e+00,8.8565e+00,1.2198e+01,1.2200e+01,3.2500e+09,0.0000e+00,1.2451e+02,1.2451e+02,5.8916e+02,5.9170e+02,6.0232e+02,6.0583e+02,6.0974e+02,6.1314e+02,6.1625e+02,6.1940e+02,6.1858e+02,6.2083e+02,6.1146e+02,6.1163e+02,1.5497e+07,6.7085e+06,1.0802e-06,0.0000e+00,4.5579e+02,1.3247e+03,0.0000e+00,4.3562e+03,1.2436e+04,9.6251e-03,0.0000e+00,0.0000e+00,8.7286e-04,0.0000e+00,0.0000e+00,0.0000e+00,5.3265e+03,0.0000e+00,0.0000e+00,5.3264e+03,5.3264e+03,6.1838e+02,6.0338e+02,6.1916e+02,5.7080e+02,3.0546e+02,3.0555e+02,3.0547e+02,3.8032e+02,5.5603e+02,5.5603e+02,5.5673e+02,5.5599e+02,5.5617e+02,3.0665e+02,5.5610e+02,5.5615e+02,5.5662e+02,5.5452e+02,1.0000e+00,1.0000e+00,1.0000e+00,1.0000e+00,1.0000e+00,1.0000e+00,1.0000e+00,9.0655e-01,0.0000e+00,0.0000e+00,0.0000e+00,0.0000e+00,1.3026e+05,0.0000e+00,6.7015e+06,6.7382e+06,0.0000e+00,6.6996e+06,1.0000e+00,9.9820e-01,1.0000e+00,1.0000e+00,1.0000e+00
1.4003e+02,4.0766e+00,3.8194e+00,5.5374e+00,8.8566e+00,1.2198e+01,1.2200e+01,3.2500e+09,0.0000e+00,1.2451e+02,1.2451e+02,5.8916e+02,5.9170e+02,6.0232e+02,6.0583e+02,6.0974e+02,6.1314e+02,6.1625e+02,6.1940e+02,6.1858e+02,6.2083e+02,6.1146e+02,6.1163e+02,1.5497e+07,6.7085e+06,1.8783e-06,0.0000e+00,4.5578e+02,1.3247e+03,0.0000e+00,4.3562e+03,1.2436e+04,8.1820e-03,0.0000e+00,0.0000e+00,7.5959e-04,0.0000e+00,0.0000e+00,0.0000e+00,5.3265e+03,0.0000e+00,0.0000e+00,5.3265e+03,5.3264e+03,6.1838e+02,6.0338e+02,6.1916e+02,5.7080e+02,3.0546e+02,3.0555e+02,3.0547e+02,3.8030e+02,5.5603e+02,5.5603e+02,5.5673e+02,5.5599e+02,5.5617e+02,3.0652e+02,5.5610e+02,5.5615e+02,5.5662e+02,5.5452e+02,1.0000e+00,1.0000e+00,1.0000e+00,1.0000e+00,1.0000e+00,1.0000e+00,1.0000e+00,9.0310e-01,0.0000e+00,0.0000e+00,0.0000e+00,0.0000e+00,1.3017e+05,0.0000e+00,6.7015e+06,6.7382e+06,0.0000e+00,6.6997e+06,1.0000e+00,9.9848e-01,1.0000e+00,1.0000e+00,1.0000e+00
1.4501e+02,4.0766e+00,3.8194e+00,5.5374e+00,8.8566e+00,1.2198e+01,1.2200e+01,3.2500e+09,0.0000e+00,1.2451e+02,1.2451e+02,5.8916e+02,5.9170e+02,6.0232e+02,6.0583e+02,6.0974e+02,6.1314e+02,6.1625e+02,6.1940e+02,6.1858e+02,6.2083e+02,6.1146e+02,6.1163e+02,1.5497e+07,6.7085e+06,2.1635e-06,0.0000e+00,4.5578e+02,1.3247e+03,0.0000e+00,4.3562e+03,1.2436e+04,6.9863e-03,0.0000e+00,0.0000e+00,6.6291e-04,0.0000e+00,0.0000e+00,0.0000e+00,5.3265e+03,0.0000e+00,0.0000e+00,5.3265e+03,5.3265e+03,6.1838e+02,6.0338e+02,6.1916e+02,5.7080e+02,3.0546e+02,3.0554e+02,3.0548e+02,3.8028e+02,5.5603e+02,5.5603e+02,5.5673e+02,5.5599e+02,5.5617e+02,3.0641e+02,5.5610e+02,5.5615e+02,5.5662e+02,5.5452e+02,1.0000e+00,1.0000e+00,1.0000e+00,1.0000e+00,1.0000e+00,1.0000e+00,1.0000e+00,8.9968e-01,0.0000e+00,0.0000e+00,0.0000e+00,0.0000e+00,1.3009e+05,0.0000e+00,6.7015e+06,6.7382e+06,0.0000e+00,6.6997e+06,1.0000e+00,9.9870e-01,1.0000e+00,1.0000e+00,1.0000e+00
1.5003e+02,4.0766e+00,3.8194e+00,5.5374e+00,8.8567e+00,1.2198e+01,1.2200e+01,3.2500e+09,0.0000e+00,1.2451e+02,1.2451e+02,5.8916e+02,5.9170e+02,6.0232e+02,6.0583e+02,6.0974e+02,6.1314e+02,6.1625e+02,6.1940e+02,6.1858e+02,6.2083e+02,6.1146e+02,6.1163e+02,1.5497e+07,6.7085e+06,2.0039e-06,0.0000e+00,4.5578e+02,1.3247e+03,0.0000e+00,4.3562e+03,1.2436e+04,5.9761e-03,0.0000e+00,0.0000e+00,5.7857e-04,0.0000e+00,0.0000e+00,0.0000e+00,5.3265e+03,0.0000e+00,0.0000e+00,5.3265e+03,5.3265e+03,6.1837e+02,6.0338e+02,6.1916e+02,5.7080e+02,3.0546e+02,3.0554e+02,3.0548e+02,3.8026e+02,5.5603e+02,5.5603e+02,5.5673e+02,5.5599e+02,5.5617e+02,3.0631e+02,5.5610e+02,5.5615e+02,5.5662e+02,5.5452e+02,1.0000e+00,1.0000e+00,1.0000e+00,1.0000e+00,1.0000e+00,1.0000e+00,1.0000e+00,8.9623e-01,0.0000e+00,0.0000e+00,0.0000e+00,0.0000e+00,1.3001e+05,0.0000e+00,6.7016e+06,6.7382e+06,0.0000e+00,6.6997e+06,1.0000e+00,9.9889e-01,1.0000e+00,1.0000e+00,1.0000e+00
1.5502e+02,4.0766e+00,3.8194e+00,5.5374e+00,8.8568e+00,1.2198e+01,1.2200e+01,3.2500e+09,0.0000e+00,1.2451e+02,1.2451e+02,5.8916e+02,5.9170e+02,6.0232e+02,6.0583e+02,6.0974e+02,6.1314e+02,6.1625e+02,6.1940e+02,6.1858e+02,6.2083e+02,6.1146e+02,6.1163e+02,1.5497e+07,6.7085e+06,1.4965e-06,0.0000e+00,4.5578e+02,1.3246e+03,0.0000e+00,4.3562e+03,1.2436e+04,4.9516e-03,0.0000e+00,0.0000e+00,5.0556e-04,0.0000e+00,0.0000e+00,0.0000e+00,5.3266e+03,0.0000e+00,0.0000e+00,5.3265e+03,5.3265e+03,6.1837e+02,6.0338e+02,6.1916e+02,5.7080e+02,3.0546e+02,3.0554e+02,3.0548e+02,3.8024e+02,5.5603e+02,5.5603e+02,5.5673e+02,5.5599e+02,5.5617e+02,3.0622e+02,5.5610e+02,5.5615e+02,5.5662e+02,5.5452e+02,1.0000e+00,1.0000e+00,1.0000e+00,1.0000e+00,1.0000e+00,1.0000e+00,1.0000e+00,8.9281e-01,0.0000e+00,0.0000e+00,0.0000e+00,0.0000e+00,1.2992e+05,0.0000e+00,6.7016e+06,6.7383e+06,0.0000e+00,6.6997e+06,1.0000e+00,9.9905e-01,1.0000e+00,1.0000e+00,1.0000e+00
1.6003e+02,4.0766e+00,3.8194e+00,5.5374e+00,8.8568e+00,1.2198e+01,1.2200e+01,3.2500e+09,0.0000e+00,1.2451e+02,1.2451e+02,5.8916e+02,5.9170e+02,6.0232e+02,6.0583e+02,6.0974e+02,6.1314e+02,6.1625e+02,6.1940e+02,6.1858e+02,6.2083e+02,6.1146e+02,6.1163e+02,1.5497e+07,6.7086e+06,9.0616e-07,0.0000e+00,4.5577e+02,1.3246e+03,0.0000e+00,4.3562e+03,1.2436e+04,3.9863e-03,0.0000e+00,0.0000e+00,4.4200e-04,0.0000e+00,0.0000e+00,0.0000e+00,5.3266e+03,0.0000e+00,0.0000e+00,5.3266e+03,5.3266e+03,6.1837e+02,6.0338e+02,6.1916e+02,5.7080e+02,3.0546e+02,3.0554e+02,3.0548e+02,3.8022e+02,5.5603e+02,5.5603e+02,5.5673e+02,5.5599e+02,5.5617e+02,3.0615e+02,5.5610e+02,5.5615e+02,5.5662e+02,5.5452e+02,1.0000e+00,1.0000e+00,1.0000e+00,1.0000e+00,1.0000e+00,1.0000e+00,1.0000e+00,8.8937e-01,0.0000e+00,0.0000e+00,0.0000e+00,0.0000e+00,1.2984e+05,0.0000e+00,6.7016e+06,6.7383e+06,0.0000e+00,6.6997e+06,1.0000e+00,9.9915e-01,1.0000e+00,1.0000e+00,1.0000e+00
1.6502e+02,4.0766e+00,3.8194e+00,5.5374e+00,8.8569e+00,1.2199e+01,1.2200e+01,3.2500e+09,0.0000e+00,1.2451e+02,1.2451e+02,5.8916e+02,5.9170e+02,6.0232e+02,6.0584e+02,6.0974e+02,6.1314e+02,6.1625e+02,6.1940e+02,6.1858e+02,6.2083e+02,6.1146e+02,6.1163e+02,1.5497e+07,6.7086e+06,3.5142e-07,0.0000e+00,4.5578e+02,1.3246e+03,0.0000e+00,4.3562e+03,1.2436e+04,3.3767e-03,0.0000e+00,0.0000e+00,3.8755e-04,0.0000e+00,0.0000e+00,0.0000e+00,5.3266e+03,0.0000e+00,0.0000e+00,5.3266e+03,5.3266e+03,6.1837e+02,6.0338e+02,6.1916e+02,5.7080e+02,3.0546e+02,3.0553e+02,3.0548e+02,3.8020e+02,5.5603e+02,5.5603e+02,5.5673e+02,5.5599e+02,5.5617e+02,3.0609e+02,5.5610e+02,5.5615e+02,5.5662e+02,5.5452e+02,1.0000e+00,1.0000e+00,1.0000e+00,1.0000e+00,1.0000e+00,1.0000e+00,1.0000e+00,8.8595e-01,0.0000e+00,0.0000e+00,0.0000e+00,0.0000e+00,1.2975e+05,0.0000e+00,6.7016e+06,6.7383e+06,0.0000e+00,6.6997e+06,1.0000e+00,9.9922e-01,1.0000e+00,1.0000e+00,1.0000e+00
1.7003e+02,4.0766e+00,3.8194e+00,5.5374e+00,8.8570e+00,1.2199e+01,1.2200e+01,3.2500e+09,0.0000e+00,1.2451e+02,1.2451e+02,5.8916e+02,5.9170e+02,6.0232e+02,6.0584e+02,6.0974e+02,6.1314e+02,6.1625e+02,6.1940e+02,6.1858e+02,6.2083e+02,6.1146e+02,6.1163e+02,1.5497e+07,6.7086e+06,-8.2692e-08,0.0000e+00,4.5578e+02,1.3246e+03,0.0000e+00,4.3562e+03,1.2436e+04,2.9158e-03,0.0000e+00,0.0000e+00,3.4068e-04,0.0000e+00,0.0000e+00,0.0000e+00,5.3267e+03,0.0000e+00,0.0000e+00,5.3267e+03,5.3267e+03,6.1837e+02,6.0338e+02,6.1916e+02,5.7080e+02,3.0546e+02,3.0553e+02,3.0548e+02,3.8018e+02,5.5603e+02,5.5603e+02,5.5673e+02,5.5599e+02,5.5617e+02,3.0603e+02,5.5610e+02,5.5615e+02,5.5662e+02,5.5452e+02,1.0000e+00,1.0000e+00,1.0000e+00,1.0000e+00,1.0000e+00,1.0000e+00,1.0000e+00,8.8251e-01,0.0000e+00,0.0000e+00,0.0000e+00,0.0000e+00,1.2967e+05,0.0000e+00,6.7016e+06,6.7383e+06,0.0000e+00,6.6997e+06,1.0000e+00,9.9927e-01,1.0000e+00,1.0000e+00,1.0000e+00
1.7502e+02,4.0766e+00,3.8194e+00,5.5374e+00,8.8570e+00,1.2199e+01,1.2200e+01,3.2500e+09,0.0000e+00,1.2451e+02,1.2451e+02,5.8916e+02,5.9170e+02,6.0232e+02,6.0584e+02,6.0974e+02,6.1314e+02,6.1625e+02,6.1940e+02,6.1858e+02,6.2083e+02,6.1146e+02,6.1163e+02,1.5496e+07,6.7086e+06,-3.3247e-07,0.0000e+00,4.5578e+02,1.3246e+03,0.0000e+00,4.3562e+03,1.2436e+04,2.5478e-03,0.0000e+00,0.0000e+00,3.0135e-04,0.0000e+00,0.0000e+00,0.0000e+00,5.3267e+03,0.0000e+00,0.0000e+00,5.3267e+03,5.3267e+03,6.1837e+02,6.0338e+02,6.1916e+02,5.7080e+02,3.0546e+02,3.0553e+02,3.0548e+02,3.8017e+02,5.5603e+02,5.5603e+02,5.5673e+02,5.5599e+02,5.5617e+02,3.0598e+02,5.5610e+02,5.5615e+02,5.5662e+02,5.5452e+02,1.0000e+00,1.0000e+00,1.0000e+00,1.0000e+00,1.0000e+00,1.0000e+00,1.0000e+00,8.7909e-01,0.0000e+00,0.0000e+00,0.0000e+00,0.0000e+00,1.2959e+05,0.0000e+00,6.7016e+06,6.7383e+06,0.0000e+00,6.6997e+06,1.0000e+00,9.9932e-01,1.0000e+00,1.0000e+00,1.0000e+00
1.8000e+02,4.0766e+00,3.8194e+00,5.5374e+00,8.8571e+00,1.2199e+01,1.2200e+01,3.2500e+09,0.0000e+00,1.2451e+02,1.2451e+02,5.8916e+02,5.9170e+02,6.0232e+02,6.0584e+02,6.0974e+02,6.1314e+02,6.1625e+02,6.1940e+02,6.1858e+02,6.2083e+02,6.1146e+02,6.1163e+02,1.5496e+07,6.7085e+06,-4.0241e-07,0.0000e+00,4.5578e+02,1.3246e+03,0.0000e+00,4.3562e+03,1.2436e+04,2.2426e-03,0.0000e+00,0.0000e+00,2.6752e-04,0.0000e+00,0.0000e+00,0.0000e+00,5.3267e+03,0.0000e+00,0.0000e+00,5.3267e+03,5.3267e+03,6.1837e+02,6.0338e+02,6.1916e+02,5.7080e+02,3.0546e+02,3.0552e+02,3.0548e+02,3.8015e+02,5.5603e+02,5.5603e+02,5.5673e+02,5.5599e+02,5.5617e+02,3.0594e+02,5.5610e+02,5.5615e+02,5.5662e+02,5.5452e+02,1.0000e+00,1.0000e+00,1.0000e+00,1.0000e+00,1.0000e+00,1.0000e+00,1.0000e+00,8.7568e-01,0.0000e+00,0.0000e+00,0.0000e+00,0.0000e+00,1.2950e+05,0.0000e+00,6.7016e+06,6.7383e+06,0.0000e+00,6.6997e+06,1.0000e+00,9.9936e-01,1.0000e+00,1.0000e+00,1.0000e+00
1.8502e+02,4.0766e+00,3.8194e+00,5.5374e+00,8.8571e+00,1.2199e+01,1.2200e+01,3.2500e+09,0.0000e+00,1.2451e+02,1.2451e+02,5.8916e+02,5.9170e+02,6.0232e+02,6.0584e+02,6.0974e+02,6.1314e+02,6.1625e+02,6.1940e+02,6.1858e+02,6.2083e+02,6.1146e+02,6.1163e+02,1.5496e+07,6.7085e+06,-3.3056e-07,0.0000e+00,4.5578e+02,1.3246e+03,0.0000e+00,4.3562e+03,1.2436e+04,1.9843e-03,0.0000e+00,0.0000e+00,2.3816e-04,0.0000e+00,0.0000e+00,0.0000e+00,5.3268e+03,0.0000e+00,0.0000e+00,5.3268e+03,5.3268e+03,6.1837e+02,6.0338e+02,6.1916e+02,5.7080e+02,3.0546e+02,3.0552e+02,3.0548e+02,3.8013e+02,5.5603e+02,5.5603e+02,5.5673e+02,5.5599e+02,5.5617e+02,3.0590e+02,5.5610e+02,5.5615e+02,5.5662e+02,5.5452e+02,1.0000e+00,1.0000e+00,1.0000e+00,1.0000e+00,1.0000e+00,1.0000e+00,1.0000e+00,8.7225e-01,0.0000e+00,0.0000e+00,0.0000e+00,0.0000e+00,1.2942e+05,0.0000e+00,6.7016e+06,6.7383e+06,0.0000e+00,6.6997e+06,1.0000e+00,9.9940e-01,1.0000e+00,1.0000e+00,1.0000e+00
1.9000e+02,4.0766e+00,3.8194e+00,5.5374e+00,8.8572e+00,1.2199e+01,1.2200e+01,3.2500e+09,0.0000e+00,1.2451e+02,1.2451e+02,5.8916e+02,5.9170e+02,6.0232e+02,6.0583e+02,6.0974e+02,6.1314e+02,6.1625e+02,6.1940e+02,6.1858e+02,6.2083e+02,6.1146e+02,6.1163e+02,1.5496e+07,6.7085e+06,-1.7643e-07,0.0000e+00,4.5578e+02,1.3246e+03,0.0000e+00,4.3562e+03,1.2436e+04,1.7662e-03,0.0000e+00,0.0000e+00,2.1290e-04,0.0000e+00,0.0000e+00,0.0000e+00,5.3268e+03,0.0000e+00,0.0000e+00,5.3268e+03,5.3268e+03,6.1837e+02,6.0338e+02,6.1916e+02,5.7080e+02,3.0546e+02,3.0552e+02,3.0548e+02,3.8011e+02,5.5603e+02,5.5603e+02,5.5673e+02,5.5599e+02,5.5617e+02,3.0586e+02,5.5610e+02,5.5615e+02,5.5662e+02,5.5452e+02,1.0000e+00,1.0000e+00,1.0000e+00,1.0000e+00,1.0000e+00,1.0000e+00,1.0000e+00,8.6884e-01,0.0000e+00,0.0000e+00,0.0000e+00,0.0000e+00,1.2934e+05,0.0000e+00,6.7016e+06,6.7383e+06,0.0000e+00,6.6997e+06,1.0000e+00,9.9943e-01,1.0000e+00,1.0000e+00,1.0000e+00
1.9502e+02,4.0766e+00,3.8194e+00,5.5374e+00,8.8573e+00,1.2199e+01,1.2200e+01,3.2500e+09,0.0000e+00,1.2451e+02,1.2451e+02,5.8916e+02,5.9170e+02,6.0232e+02,6.0583e+02,6.0974e+02,6.1314e+02,6.1625e+02,6.1940e+02,6.1858e+02,6.2083e+02,6.1146e+02,6.1163e+02,1.5496e+07,6.7085e+06,2.8303e-09,0.0000e+00,4.5578e+02,1.3246e+03,0.0000e+00,4.3562e+03,1.2436e+04,1.5778e-03,0.0000e+00,0.0000e+00,1.9072e-04,0.0000e+00,0.0000e+00,0.0000e+00,5.3268e+03,0.0000e+00,0.0000e+00,5.3268e+03,5.3268e+03,6.1837e+02,6.0338e+02,6.1916e+02,5.7080e+02,3.0546e+02,3.0552e+02,3.0548e+02,3.8009e+02,5.5603e+02,5.5603e+02,5.5673e+02,5.5599e+02,5.5617e+02,3.0583e+02,5.5610e+02,5.5615e+02,5.5662e+02,5.5452e+02,1.0000e+00,1.0000e+00,1.0000e+00,1.0000e+00,1.0000e+00,1.0000e+00,1.0000e+00,8.6541e-01,0.0000e+00,0.0000e+00,0.0000e+00,0.0000e+00,1.2925e+05,0.0000e+00,6.7016e+06,6.7383e+06,0.0000e+00,6.6997e+06,1.0000e+00,9.9947e-01,1.0000e+00,1.0000e+00,1.0000e+00
2.0000e+02,4.0766e+00,3.8194e+00,5.5374e+00,8.8573e+00,1.2199e+01,1.2200e+01,3.2500e+09,0.0000e+00,1.2451e+02,1.2451e+02,5.8916e+02,5.9170e+02,6.0232e+02,6.0583e+02,6.0974e+02,6.1314e+02,6.1625e+02,6.1940e+02,6.1858e+02,6.2082e+02,6.1146e+02,6.1163e+02,1.5496e+07,6.7085e+06,1.5709e-07,0.0000e+00,4.5578e+02,1.3246e+03,0.0000e+00,4.3562e+03,1.2436e+04,1.4156e-03,0.0000e+00,0.0000e+00,1.7170e-04,0.0000e+00,0.0000e+00,0.0000e+00,5.3269e+03,0.0000e+00,0.0000e+00,5.3269e+03,5.3268e+03,6.1837e+02,6.0338e+02,6.1916e+02,5.7080e+02,3.0546e+02,3.0551e+02,3.0548e+02,3.8007e+02,5.5603e+02,5.5603e+02,5.5673e+02,5.5599e+02,5.5617e+02,3.0580e+02,5.5610e+02,5.5615e+02,5.5662e+02,5.5452e+02,1.0000e+00,1.0000e+00,1.0000e+00,1.0000e+00,1.0000e+00,1.0000e+00,1.0000e+00,8.6200e-01,0.0000e+00,0.0000e+00,0.0000e+00,0.0000e+00,1.2917e+05,0.0000e+00,6.7016e+06,6.7383e+06,0.0000e+00,6.6997e+06,1.0000e+00,9.9950e-01,1.0000e+00,1.0000e+00,1.0000e+00
2.0502e+02,4.0766e+00,3.8194e+00,5.5374e+00,8.8574e+00,1.2199e+01,1.2200e+01,3.2500e+09,0.0000e+00,1.2451e+02,1.2451e+02,5.8916e+02,5.9170e+02,6.0232e+02,6.0583e+02,6.0974e+02,6.1314e+02,6.1625e+02,6.1940e+02,6.1858e+02,6.2082e+02,6.1146e+02,6.1163e+02,1.5496e+07,6.7085e+06,2.5960e-07,0.0000e+00,4.5578e+02,1.3246e+03,0.0000e+00,4.3562e+03,1.2436e+04,1.2729e-03,0.0000e+00,0.0000e+00,1.5469e-04,0.0000e+00,0.0000e+00,0.0000e+00,5.3269e+03,0.0000e+00,0.0000e+00,5.3269e+03,5.3269e+03,6.1837e+02,6.0338e+02,6.1916e+02,5.7080e+02,3.0546e+02,3.0551e+02,3.0548e+02,3.8005e+02,5.5603e+02,5.5603e+02,5.5673e+02,5.5599e+02,5.5617e+02,3.0578e+02,5.5610e+02,5.5615e+02,5.5662e+02,5.5452e+02,1.0000e+00,1.0000e+00,1.0000e+00,1.0000e+00,1.0000e+00,1.0000e+00,1.0000e+00,8.5857e-01,0.0000e+00,0.0000e+00,0.0000e+00,0.0000e+00,1.2908e+05,0.0000e+00,6.7016e+06,6.7383e+06,0.0000e+00,6.6997e+06,1.0000e+00,9.9952e-01,1.0000e+00,1.0000e+00,1.0000e+00
2.1000e+02,4.0766e+00,3.8194e+00,5.5374e+00,8.8574e+00,1.2199e+01,1.2200e+01,3.2500e+09,0.0000e+00,1.2451e+02,1.2451e+02,5.8916e+02,5.9170e+02,6.0232e+02,6.0583e+02,6.0974e+02,6.1314e+02,6.1625e+02,6.1940e+02,6.1858e+02,6.2082e+02,6.1146e+02,6.1163e+02,1.5496e+07,6.7085e+06,2.9984e-07,0.0000e+00,4.5578e+02,1.3246e+03,0.0000e+00,4.3562e+03,1.2436e+04,1.1479e-03,0.0000e+00,0.0000e+00,1.3955e-04,0.0000e+00,0.0000e+00,0.0000e+00,5.3269e+03,0.0000e+00,0.0000e+00,5.3269e+03,5.3269e+03,6.1837e+02,6.0338e+02,6.1915e+02,5.7080e+02,3.0546e+02,3.0551e+02,3.0548e+02,3.8003e+02,5.5603e+02,5.5603e+02,5.5673e+02,5.5599e+02,5.5617e+02,3.0576e+02,5.5610e+02,5.5615e+02,5.5662e+02,5.5452e+02,1.0000e+00,1.0000e+00,1.0000e+00,1.0000e+00,1.0000e+00,1.0000e+00,1.0000e+00,8.5517e-01,0.0000e+00,0.0000e+00,0.0000e+00,0.0000e+00,1.2900e+05,0.0000e+00,6.7016e+06,6.7383e+06,0.0000e+00,6.6997e+06,1.0000e+00,9.9955e-01,1.0000e+00,1.0000e+00,1.0000e+00
2.1502e+02,4.0766e+00,3.8194e+00,5.5374e+00,8.8575e+00,1.2199e+01,1.2200e+01,3.2500e+09,0.0000e+00,1.2451e+02,1.2451e+02,5.8916e+02,5.9170e+02,6.0232e+02,6.0583e+02,6.0974e+02,6.1314e+02,6.1625e+02,6.1940e+02,6.1858e+02,6.2082e+02,6.1146e+02,6.1163e+02,1.5496e+07,6.7085e+06,2.8498e-07,0.0000e+00,4.5578e+02,1.3246e+03,0.0000e+00,4.3562e+03,1.2436e+04,1.0364e-03,0.0000e+00,0.0000e+00,1.2584e-04,0.0000e+00,0.0000e+00,0.0000e+00,5.3269e+03,0.0000e+00,0.0000e+00,5.3269e+03,5.3269e+03,6.1837e+02,6.0338e+02,6.1915e+02,5.7080e+02,3.0546e+02,3.0551e+02,3.0549e+02,3.8001e+02,5.5603e+02,5.5603e+02,5.5673e+02,5.5599e+02,5.5617e+02,3.0574e+02,5.5610e+02,5.5615e+02,5.5662e+02,5.5452e+02,1.0000e+00,1.0000e+00,1.0000e+00,1.0000e+00,1.0000e+00,1.0000e+00,1.0000e+00,8.5175e-01,0.0000e+00,0.0000e+00,0.0000e+00,0.0000e+00,1.2892e+05,0.0000e+00,6.7016e+06,6.7383e+06,0.0000e+00,6.6997e+06,1.0000e+00,9.9957e-01,1.0000e+00,1.0000e+00,1.0000e+00
2.2000e+02,4.0766e+00,3.8194e+00,5.5374e+00,8.8575e+00,1.2199e+01,1.2200e+01,3.2500e+09,0.0000e+00,1.2451e+02,1.2451e+02,5.8916e+02,5.9170e+02,6.0232e+02,6.0583e+02,6.0974e+02,6.1314e+02,6.1625e+02,6.1940e+02,6.1858e+02,6.2082e+02,6.1146e+02,6.1163e+02,1.5495e+07,6.7085e+06,2.3208e-07,0.0000e+00,4.5578e+02,1.3246e+03,0.0000e+00,4.3562e+03,1.2436e+04,9.3796e-04,0.0000e+00,0.0000e+00,1.1359e-04,0.0000e+00,0.0000e+00,0.0000e+00,5.3270e+03,0.0000e+00,0.0000e+00,5.3270e+03,5.3269e+03,6.1837e+02,6.0338e+02,6.1915e+02,5.7080e+02,3.0546e+02,3.0550e+02,3.0549e+02,3.8000e+02,5.5603e+02,5.5603e+02,5.5673e+02,5.5599e+02,5.5617e+02,3.0572e+02,5.5610e+02,5.5615e+02,5.5662e+02,5.5452e+02,1.0000e+00,1.0000e+00,1.0000e+00,1.0000e+00,1.0000e+00,1.0000e+00,1.0000e+00,8.4835e-01,0.0000e+00,0.0000e+00,0.0000e+00,0.0000e+00,1.2883e+05,0.0000e+00,6.7016e+06,6.7383e+06,0.0000e+00,6.6997e+06,1.0000e+00,9.9959e-01,1.0000e+00,1.0000e+00,1.0000e+00
2.2502e+02,4.0766e+00,3.8194e+00,5.5374e+00,8.8576e+00,1.2199e+01,1.2200e+01,3.2500e+09,0.0000e+00,1.2451e+02,1.2451e+02,5.8916e+02,5.9170e+02,6.0232e+02,6.0583e+02,6.0974e+02,6.1314e+02,6.1625e+02,6.1940e+02,6.1858e+02,6.2082e+02,6.1146e+02,6.1163e+02,1.5495e+07,6.7085e+06,1.6098e-07,0.0000e+00,4.5578e+02,1.3245e+03,0.0000e+00,4.3562e+03,1.2436e+04,8.4982e-04,0.0000e+00,0.0000e+00,1.0252e-04,0.0000e+00,0.0000e+00,0.0000e+00,5.3270e+03,0.0000e+00,0.0000e+00,5.3270e+03,5.3270e+03,6.1837e+02,6.0338e+02,6.1915e+02,5.7080e+02,3.0546e+02,3.0550e+02,3.0549e+02,3.7998e+02,5.5603e+02,5.5603e+02,5.5673e+02,5.5599e+02,5.5617e+02,3.0570e+02,5.5610e+02,5.5615e+02,5.5662e+02,5.5452e+02,1.0000e+00,1.0000e+00,1.0000e+00,1.0000e+00,1.0000e+00,1.0000e+00,1.0000e+00,8.4493e-01,0.0000e+00,0.0000e+00,0.0000e+00,0.0000e+00,1.2875e+05,0.0000e+00,6.7016e+06,6.7383e+06,0.0000e+00,6.6997e+06,1.0000e+00,9.9961e-01,1.0000e+00,1.0000e+00,1.0000e+00
2.3001e+02,4.0766e+00,3.8194e+00,5.5374e+00,8.8577e+00,1.2199e+01,1.2200e+01,3.2500e+09,0.0000e+00,1.2451e+02,1.2451e+02,5.8916e+02,5.9170e+02,6.0232e+02,6.0583e+02,6.0974e+02,6.1314e+02,6.1625e+02,6.1940e+02,6.1858e+02,6.2082e+02,6.1146e+02,6.1163e+02,1.5495e+07,6.7085e+06,9.1649e-08,0.0000e+00,4.5578e+02,1.3245e+03,0.0000e+00,4.3562e+03,1.2436e+04,7.7201e-04,0.0000e+00,0.0000e+00,9.2699e-05,0.0000e+00,0.0000e+00,0.0000e+00,5.3270e+03,0.0000e+00,0.0000e+00,5.3270e+03,5.3270e+03,6.1837e+02,6.0338e+02,6.1915e+02,5.7080e+02,3.0546e+02,3.0550e+02,3.0549e+02,3.7996e+02,5.5603e+02,5.5603e+02,5.5673e+02,5.5599e+02,5.5617e+02,3.0569e+02,5.5610e+02,5.5615e+02,5.5662e+02,5.5452e+02,1.0000e+00,1.0000e+00,1.0000e+00,1.0000e+00,1.0000e+00,1.0000e+00,1.0000e+00,8.4154e-01,0.0000e+00,0.0000e+00,0.0000e+00,0.0000e+00,1.2867e+05,0.0000e+00,6.7016e+06,6.7383e+06,0.0000e+00,6.6997e+06,1.0000e+00,9.9963e-01,1.0000e+00,1.0000e+00,1.0000e+00
2.3502e+02,4.0766e+00,3.8194e+00,5.5374e+00,8.8577e+00,1.2199e+01,1.2200e+01,3.2500e+09,0.0000e+00,1.2451e+02,1.2451e+02,5.8916e+02,5.9170e+02,6.0232e+02,6.0583e+02,6.0974e+02,6.1314e+02,6.1625e+02,6.1940e+02,6.1858e+02,6.2082e+02,6.1146e+02,6.1163e+02,1.5495e+07,6.7085e+06,3.6311e-08,0.0000e+00,4.5578e+02,1.3245e+03,0.0000e+00,4.3562e+03,1.2436e+04,7.0244e-04,0.0000e+00,0.0000e+00,8.3898e-05,0.0000e+00,0.0000e+00,0.0000e+00,5.3270e+03,0.0000e+00,0.0000e+00,5.3270e+03,5.3270e+03,6.1837e+02,6.0338e+02,6.1915e+02,5.7080e+02,3.0546e+02,3.0550e+02,3.0549e+02,3.7994e+02,5.5603e+02,5.5603e+02,5.5673e+02,5.5599e+02,5.5617e+02,3.0568e+02,5.5610e+02,5.5615e+02,5.5662e+02,5.5452e+02,1.0000e+00,1.0000e+00,1.0000e+00,1.0000e+00,1.0000e+00,1.0000e+00,1.0000e+00,8.3812e-01,0.0000e+00,0.0000e+00,0.0000e+00,0.0000e+00,1.2858e+05,0.0000e+00,6.7016e+06,6.7383e+06,0.0000e+00,6.6997e+06,1.0000e+00,9.9965e-01,1.0000e+00,1.0000e+00,1.0000e+00
2.4001e+02,4.0766e+00,3.8194e+00,5.5374e+00,8.8578e+00,1.2199e+01,1.2200e+01,3.2500e+09,0.0000e+00,1.2451e+02,1.2451e+02,5.8916e+02,5.9170e+02,6.0232e+02,6.0583e+02,6.0974e+02,6.1314e+02,6.1625e+02,6.1940e+02,6.1858e+02,6.2082e+02,6.1146e+02,6.1163e+02,1.5495e+07,6.7085e+06,2.5019e-09,0.0000e+00,4.5578e+02,1.3245e+03,0.0000e+00,4.3562e+03,1.2436e+04,6.4114e-04,0.0000e+00,0.0000e+00,7.6147e-05,0.0000e+00,0.0000e+00,0.0000e+00,5.3270e+03,0.0000e+00,0.0000e+00,5.3270e+03,5.3270e+03,6.1837e+02,6.0338e+02,6.1915e+02,5.7080e+02,3.0546e+02,3.0549e+02,3.0549e+02,3.7992e+02,5.5603e+02,5.5603e+02,5.5673e+02,5.5599e+02,5.5617e+02,3.0566e+02,5.5610e+02,5.5615e+02,5.5662e+02,5.5452e+02,1.0000e+00,1.0000e+00,1.0000e+00,1.0000e+00,1.0000e+00,1.0000e+00,1.0000e+00,8.3473e-01,0.0000e+00,0.0000e+00,0.0000e+00,0.0000e+00,1.2850e+05,0.0000e+00,6.7016e+06,6.7383e+06,0.0000e+00,6.6997e+06,1.0000e+00,9.9966e-01,1.0000e+00,1.0000e+00,1.0000e+00
2.4502e+02,4.0766e+00,3.8194e+00,5.5374e+00,8.8578e+00,1.2199e+01,1.2200e+01,3.2500e+09,0.0000e+00,1.2451e+02,1.2451e+02,5.8916e+02,5.9170e+02,6.0232e+02,6.0583e+02,6.0974e+02,6.1314e+02,6.1625e+02,6.1940e+02,6.1858e+02,6.2082e+02,6.1146e+02,6.1163e+02,1.5495e+07,6.7085e+06,-9.6585e-09,0.0000e+00,4.5578e+02,1.3245e+03,0.0000e+00,4.3562e+03,1.2436e+04,5.8634e-04,0.0000e+00,0.0000e+00,6.9253e-05,0.0000e+00,0.0000e+00,0.0000e+00,5.3271e+03,0.0000e+00,0.0000e+00,5.3271e+03,5.3271e+03,6.1837e+02,6.0338e+02,6.1915e+02,5.7080e+02,3.0546e+02,3.0549e+02,3.0549e+02,3.7990e+02,5.5603e+02,5.5603e+02,5.5673e+02,5.5599e+02,5.5617e+02,3.0565e+02,5.5610e+02,5.5615e+02,5.5662e+02,5.5452e+02,1.0000e+00,1.0000e+00,1.0000e+00,1.0000e+00,1.0000e+00,1.0000e+00,1.0000e+00,8.3132e-01,0.0000e+00,0.0000e+00,0.0000e+00,0.0000e+00,1.2842e+05,0.0000e+00,6.7016e+06,6.7383e+06,0.0000e+00,6.6997e+06,1.0000e+00,9.9968e-01,1.0000e+00,1.0000e+00,1.0000e+00
2.5001e+02,4.0766e+00,3.8194e+00,5.5374e+00,8.8579e+00,1.2199e+01,1.2200e+01,3.2500e+09,0.0000e+00,1.2451e+02,1.2451e+02,5.8916e+02,5.9170e+02,6.0232e+02,6.0583e+02,6.0974e+02,6.1314e+02,6.1625e+02,6.1940e+02,6.1858e+02,6.2082e+02,6.1146e+02,6.1163e+02,1.5495e+07,6.7085e+06,-4.4724e-09,0.0000e+00,4.5578e+02,1.3245e+03,0.0000e+00,4.3562e+03,1.2436e+04,5.3793e-04,0.0000e+00,0.0000e+00,6.3145e-05,0.0000e+00,0.0000e+00,0.0000e+00,5.3271e+03,0.0000e+00,0.0000e+00,5.3271e+03,5.3271e+03,6.1837e+02,6.0338e+02,6.1915e+02,5.7080e+02,3.0546e+02,3.0549e+02,3.0549e+02,3.7988e+02,5.5603e+02,5.5603e+02,5.5673e+02,5.5599e+02,5.5617e+02,3.0564e+02,5.5610e+02,5.5615e+02,5.5662e+02,5.5452e+02,1.0000e+00,1.0000e+00,1.0000e+00,1.0000e+00,1.0000e+00,1.0000e+00,1.0000e+00,8.2793e-01,0.0000e+00,0.0000e+00,0.0000e+00,0.0000e+00,1.2833e+05,0.0000e+00,6.7016e+06,6.7383e+06,0.0000e+00,6.6997e+06,1.0000e+00,9.9969e-01,1.0000e+00,1.0000e+00,1.0000e+00
2.5503e+02,4.0766e+00,3.8194e+00,5.5374e+00,8.8580e+00,1.2199e+01,1.2200e+01,3.2500e+09,0.0000e+00,1.2451e+02,1.2451e+02,5.8916e+02,5.9170e+02,6.0232e+02,6.0583e+02,6.0974e+02,6.1314e+02,6.1625e+02,6.1940e+02,6.1858e+02,6.2082e+02,6.1146e+02,6.1163e+02,1.5495e+07,6.7085e+06,1.1321e-08,0.0000e+00,4.5578e+02,1.3245e+03,0.0000e+00,4.3562e+03,1.2436e+04,4.9444e-04,0.0000e+00,0.0000e+00,5.7661e-05,0.0000e+00,0.0000e+00,0.0000e+00,5.3271e+03,0.0000e+00,0.0000e+00,5.3271e+03,5.3271e+03,6.1836e+02,6.0338e+02,6.1915e+02,5.7080e+02,3.0546e+02,3.0549e+02,3.0549e+02,3.7986e+02,5.5603e+02,5.5603e+02,5.5673e+02,5.5599e+02,5.5617e+02,3.0563e+02,5.5610e+02,5.5615e+02,5.5662e+02,5.5452e+02,1.0000e+00,1.0000e+00,1.0000e+00,1.0000e+00,1.0000e+00,1.0000e+00,1.0000e+00,8.2452e-01,0.0000e+00,0.0000e+00,0.0000e+00,0.0000e+00,1.2825e+05,0.0000e+00,6.7016e+06,6.7383e+06,0.0000e+00,6.6997e+06,1.0000e+00,9.9970e-01,1.0000e+00,1.0000e+00,1.0000e+00
2.6001e+02,4.0766e+00,3.8194e+00,5.5374e+00,8.8580e+00,1.2199e+01,1.2200e+01,3.2500e+09,0.0000e+00,1.2451e+02,1.2451e+02,5.8916e+02,5.9170e+02,6.0232e+02,6.0583e+02,6.0974e+02,6.1314e+02,6.1625e+02,6.1940e+02,6.1858e+02,6.2082e+02,6.1146e+02,6.1163e+02,1.5495e+07,6.7085e+06,3.0914e-08,0.0000e+00,4.5578e+02,1.3245e+03,0.0000e+00,4.3562e+03,1.2436e+04,4.5573e-04,0.0000e+00,0.0000e+00,5.2785e-05,0.0000e+00,0.0000e+00,0.0000e+00,5.3271e+03,0.0000e+00,0.0000e+00,5.3271e+03,5.3271e+03,6.1836e+02,6.0338e+02,6.1915e+02,5.7080e+02,3.0546e+02,3.0548e+02,3.0549e+02,3.7984e+02,5.5603e+02,5.5603e+02,5.5673e+02,5.5599e+02,5.5617e+02,3.0562e+02,5.5610e+02,5.5615e+02,5.5662e+02,5.5452e+02,1.0000e+00,1.0000e+00,1.0000e+00,1.0000e+00,1.0000e+00,1.0000e+00,1.0000e+00,8.2113e-01,0.0000e+00,0.0000e+00,0.0000e+00,0.0000e+00,1.2817e+05,0.0000e+00,6.7016e+06,6.7383e+06,0.0000e+00,6.6997e+06,1.0000e+00,9.9972e-01,1.0000e+00,1.0000e+00,1.0000e+00
2.6503e+02,4.0766e+00,3.8194e+00,5.5374e+00,8.8581e+00,1.2199e+01,1.2200e+01,3.2500e+09,0.0000e+00,1.2451e+02,1.2451e+02,5.8916e+02,5.9170e+02,6.0232e+02,6.0583e+02,6.0974e+02,6.1314e+02,6.1625e+02,6.1940e+02,6.1858e+02,6.2082e+02,6.1146e+02,6.1163e+02,1.5495e+07,6.7085e+06,4.8206e-08,0.0000e+00,4.5578e+02,1.3245e+03,0.0000e+00,4.3562e+03,1.2436e+04,4.2061e-04,0.0000e+00,0.0000e+00,4.8352e-05,0.0000e+00,0.0000e+00,0.0000e+00,5.3271e+03,0.0000e+00,0.0000e+00,5.3271e+03,5.3271e+03,6.1836e+02,6.0338e+02,6.1915e+02,5.7080e+02,3.0546e+02,3.0548e+02,3.0549e+02,3.7983e+02,5.5603e+02,5.5603e+02,5.5673e+02,5.5599e+02,5.5617e+02,3.0562e+02,5.5610e+02,5.5615e+02,5.5662e+02,5.5452e+02,1.0000e+00,1.0000e+00,1.0000e+00,1.0000e+00,1.0000e+00,1.0000e+00,1.0000e+00,8.1773e-01,0.0000e+00,0.0000e+00,0.0000e+00,0.0000e+00,1.2809e+05,0.0000e+00,6.7016e+06,6.7383e+06,0.0000e+00,6.6997e+06,1.0000e+00,9.9973e-01,1.0000e+00,1.0000e+00,1.0000e+00
2.7001e+02,4.0766e+00,3.8194e+00,5.5374e+00,8.8581e+00,1.2199e+01,1.2200e+01,3.2500e+09,0.0000e+00,1.2451e+02,1.2451e+02,5.8916e+02,5.9170e+02,6.0232e+02,6.0583e+02,6.0974e+02,6.1314e+02,6.1625e+02,6.1940e+02,6.1858e+02,6.2082e+02,6.1146e+02,6.1163e+02,1.5494e+07,6.7085e+06,5.9476e-08,0.0000e+00,4.5578e+02,1.3245e+03,0.0000e+00,4.3562e+03,1.2436e+04,3.8905e-04,0.0000e+00,0.0000e+00,4.4352e-05,0.0000e+00,0.0000e+00,0.0000e+00,5.3272e+03,0.0000e+00,0.0000e+00,5.3272e+03,5.3271e+03,6.1836e+02,6.0338e+02,6.1915e+02,5.7080e+02,3.0546e+02,3.0548e+02,3.0549e+02,3.7981e+02,5.5603e+02,5.5603e+02,5.5673e+02,5.5599e+02,5.5617e+02,3.0561e+02,5.5610e+02,5.5615e+02,5.5662e+02,5.5452e+02,1.0000e+00,1.0000e+00,1.0000e+00,1.0000e+00,1.0000e+00,1.0000e+00,1.0000e+00,8.1435e-01,0.0000e+00,0.0000e+00,0.0000e+00,0.0000e+00,1.2800e+05,0.0000e+00,6.7016e+06,6.7383e+06,0.0000e+00,6.6997e+06,1.0000e+00,9.9974e-01,1.0000e+00,1.0000e+00,1.0000e+00
2.7503e+02,4.0766e+00,3.8194e+00,5.5374e+00,8.8582e+00,1.2199e+01,1.2200e+01,3.2500e+09,0.0000e+00,1.2451e+02,1.2451e+02,5.8916e+02,5.9170e+02,6.0232e+02,6.0583e+02,6.0974e+02,6.1314e+02,6.1625e+02,6.1940e+02,6.1858e+02,6.2082e+02,6.1146e+02,6.1163e+02,1.5494e+07,6.7085e+06,6.3757e-08,0.0000e+00,4.5578e+02,1.3245e+03,0.0000e+00,4.3562e+03,1.2436e+04,3.6017e-04,0.0000e+00,0.0000e+00,4.0678e-05,0.0000e+00,0.0000e+00,0.0000e+00,5.3272e+03,0.0000e+00,0.0000e+00,5.3272e+03,5.3272e+03,6.1836e+02,6.0338e+02,6.1915e+02,5.7080e+02,3.0546e+02,3.0548e+02,3.0549e+02,3.7979e+02,5.5603e+02,5.5603e+02,5.5673e+02,5.5599e+02,5.5617e+02,3.0560e+02,5.5610e+02,5.5615e+02,5.5662e+02,5.5452e+02,1.0000e+00,1.0000e+00,1.0000e+00,1.0000e+00,1.0000e+00,1.0000e+00,1.0000e+00,8.1095e-01,0.0000e+00,0.0000e+00,0.0000e+00,0.0000e+00,1.2792e+05,0.0000e+00,6.7016e+06,6.7383e+06,0.0000e+00,6.6997e+06,1.0000e+00,9.9975e-01,1.0000e+00,1.0000e+00,1.0000e+00
2.8001e+02,4.0766e+00,3.8194e+00,5.5374e+00,8.8582e+00,1.2199e+01,1.2200e+01,3.2500e+09,0.0000e+00,1.2451e+02,1.2451e+02,5.8916e+02,5.9170e+02,6.0232e+02,6.0583e+02,6.0974e+02,6.1314e+02,6.1625e+02,6.1940e+02,6.1858e+02,6.2082e+02,6.1146e+02,6.1163e+02,1.5494e+07,6.7085e+06,6.1151e-08,0.0000e+00,4.5578e+02,1.3245e+03,0.0000e+00,4.3562e+03,1.2436e+04,3.3403e-04,0.0000e+00,0.0000e+00,3.7341e-05,0.0000e+00,0.0000e+00,0.0000e+00,5.3272e+03,0.0000e+00,0.0000e+00,5.3272e+03,5.3272e+03,6.1836e+02,6.0338e+02,6.1915e+02,5.7080e+02,3.0546e+02,3.0548e+02,3.0549e+02,3.7977e+02,5.5603e+02,5.5603e+02,5.5673e+02,5.5599e+02,5.5617e+02,3.0560e+02,5.5610e+02,5.5615e+02,5.5662e+02,5.5452e+02,1.0000e+00,1.0000e+00,1.0000e+00,1.0000e+00,1.0000e+00,1.0000e+00,1.0000e+00,8.0757e-01,0.0000e+00,0.0000e+00,0.0000e+00,0.0000e+00,1.2784e+05,0.0000e+00,6.7016e+06,6.7383e+06,0.0000e+00,6.6997e+06,1.0000e+00,9.9976e-01,1.0000e+00,1.0000e+00,1.0000e+00
2.8503e+02,4.0766e+00,3.8194e+00,5.5374e+00,8.8583e+00,1.2199e+01,1.2200e+01,3.2500e+09,0.0000e+00,1.2451e+02,1.2451e+02,5.8916e+02,5.9170e+02,6.0232e+02,6.0583e+02,6.0974e+02,6.1314e+02,6.1625e+02,6.1940e+02,6.1858e+02,6.2082e+02,6.1146e+02,6.1163e+02,1.5494e+07,6.7085e+06,5.4113e-08,0.0000e+00,4.5578e+02,1.3245e+03,0.0000e+00,4.3562e+03,1.2436e+04,3.1002e-04,0.0000e+00,0.0000e+00,3.4268e-05,0.0000e+00,0.0000e+00,0.0000e+00,5.3272e+03,0.0000e+00,0.0000e+00,5.3272e+03,5.3272e+03,6.1836e+02,6.0338e+02,6.1915e+02,5.7080e+02,3.0546e+02,3.0547e+02,3.0549e+02,3.7975e+02,5.5603e+02,5.5603e+02,5.5673e+02,5.5599e+02,5.5617e+02,3.0559e+02,5.5610e+02,5.5615e+02,5.5662e+02,5.5452e+02,1.0000e+00,1.0000e+00,1.0000e+00,1.0000e+00,1.0000e+00,1.0000e+00,1.0000e+00,8.0417e-01,0.0000e+00,0.0000e+00,0.0000e+00,0.0000e+00,1.2775e+05,0.0000e+00,6.7016e+06,6.7383e+06,0.0000e+00,6.6997e+06,1.0000e+00,9.9977e-01,1.0000e+00,1.0000e+00,1.0000e+00
2.9001e+02,4.0766e+00,3.8194e+00,5.5374e+00,8.8584e+00,1.2199e+01,1.2200e+01,3.2500e+09,0.0000e+00,1.2451e+02,1.2451e+02,5.8916e+02,5.9170e+02,6.0232e+02,6.0583e+02,6.0974e+02,6.1314e+02,6.1625e+02,6.1940e+02,6.1858e+02,6.2082e+02,6.1146e+02,6.1163e+02,1.5494e+07,6.7085e+06,4.4913e-08,0.0000e+00,4.5578e+02,1.3245e+03,0.0000e+00,4.3562e+03,1.2436e+04,2.8826e-04,0.0000e+00,0.0000e+00,3.1480e-05,0.0000e+00,0.0000e+00,0.0000e+00,5.3272e+03,0.0000e+00,0.0000e+00,5.3272e+03,5.3272e+03,6.1836e+02,6.0338e+02,6.1915e+02,5.7080e+02,3.0546e+02,3.0547e+02,3.0549e+02,3.7973e+02,5.5603e+02,5.5603e+02,5.5673e+02,5.5599e+02,5.5617e+02,3.0559e+02,5.5610e+02,5.5615e+02,5.5662e+02,5.5452e+02,1.0000e+00,1.0000e+00,1.0000e+00,1.0000e+00,1.0000e+00,1.0000e+00,1.0000e+00,8.0080e-01,0.0000e+00,0.0000e+00,0.0000e+00,0.0000e+00,1.2767e+05,0.0000e+00,6.7016e+06,6.7383e+06,0.0000e+00,6.6997e+06,1.0000e+00,9.9977e-01,1.0000e+00,1.0000e+00,1.0000e+00
2.9503e+02,4.0766e+00,3.8194e+00,5.5374e+00,8.8584e+00,1.2199e+01,1.2200e+01,3.2500e+09,0.0000e+00,1.2451e+02,1.2451e+02,5.8916e+02,5.9170e+02,6.0232e+02,6.0583e+02,6.0974e+02,6.1314e+02,6.1625e+02,6.1940e+02,6.1858e+02,6.2082e+02,6.1146e+02,6.1163e+02,1.5494e+07,6.7085e+06,3.5313e-08,0.0000e+00,4.5578e+02,1.3245e+03,0.0000e+00,4.3562e+03,1.2436e+04,2.6825e-04,0.0000e+00,0.0000e+00,2.8918e-05,0.0000e+00,0.0000e+00,0.0000e+00,5.3272e+03,0.0000e+00,0.0000e+00,5.3272e+03,5.3272e+03,6.1836e+02,6.0338e+02,6.1915e+02,5.7080e+02,3.0546e+02,3.0547e+02,3.0549e+02,3.7971e+02,5.5603e+02,5.5603e+02,5.5673e+02,5.5599e+02,5.5617e+02,3.0558e+02,5.5610e+02,5.5615e+02,5.5662e+02,5.5452e+02,1.0000e+00,1.0000e+00,1.0000e+00,1.0000e+00,1.0000e+00,1.0000e+00,1.0000e+00,7.9740e-01,0.0000e+00,0.0000e+00,0.0000e+00,0.0000e+00,1.2759e+05,0.0000e+00,6.7016e+06,6.7383e+06,0.0000e+00,6.6997e+06,1.0000e+00,9.9978e-01,1.0000e+00,1.0000e+00,1.0000e+00
3.0001e+02,4.0766e+00,3.8194e+00,5.5374e+00,8.8585e+00,1.2200e+01,1.2200e+01,3.2500e+09,0.0000e+00,1.2451e+02,1.2451e+02,5.8916e+02,5.9170e+02,6.0232e+02,6.0583e+02,6.0974e+02,6.1314e+02,6.1625e+02,6.1940e+02,6.1858e+02,6.2082e+02,6.1146e+02,6.1163e+02,1.5494e+07,6.7085e+06,2.7674e-08,0.0000e+00,4.5578e+02,1.3245e+03,0.0000e+00,4.3561e+03,1.2436e+04,2.5011e-04,0.0000e+00,0.0000e+00,2.6602e-05,0.0000e+00,0.0000e+00,0.0000e+00,5.3272e+03,0.0000e+00,0.0000e+00,5.3272e+03,5.3272e+03,6.1836e+02,6.0338e+02,6.1915e+02,5.7080e+02,3.0546e+02,3.0547e+02,3.0549e+02,3.7969e+02,5.5603e+02,5.5603e+02,5.5673e+02,5.5599e+02,5.5617e+02,3.0558e+02,5.5610e+02,5.5615e+02,5.5662e+02,5.5452e+02,1.0000e+00,1.0000e+00,1.0000e+00,1.0000e+00,1.0000e+00,1.0000e+00,1.0000e+00,7.9403e-01,0.0000e+00,0.0000e+00,0.0000e+00,0.0000e+00,1.2751e+05,0.0000e+00,6.7016e+06,6.7383e+06,0.0000e+00,6.6997e+06,1.0000e+00,9.9979e-01,1.0000e+00,1.0000e+00,1.0000e+00
3.0503e+02,4.0766e+00,3.8194e+00,5.5374e+00,8.8585e+00,1.2200e+01,1.2200e+01,3.2500e+09,0.0000e+00,1.2451e+02,1.2451e+02,5.8916e+02,5.9170e+02,6.0232e+02,6.0583e+02,6.0974e+02,6.1314e+02,6.1625e+02,6.1940e+02,6.1858e+02,6.2082e+02,6.1146e+02,6.1163e+02,1.5494e+07,6.7085e+06,2.2476e-08,0.0000e+00,4.5578e+02,1.3245e+03,0.0000e+00,4.3561e+03,1.2436e+04,2.3343e-04,0.0000e+00,0.0000e+00,2.4481e-05,0.0000e+00,0.0000e+00,0.0000e+00,5.3273e+03,0.0000e+00,0.0000e+00,5.3273e+03,5.3272e+03,6.1836e+02,6.0338e+02,6.1915e+02,5.7080e+02,3.0546e+02,3.0547e+02,3.0549e+02,3.7967e+02,5.5603e+02,5.5603e+02,5.5673e+02,5.5599e+02,5.5617e+02,3.0557e+02,5.5610e+02,5.5615e+02,5.5662e+02,5.5452e+02,1.0000e+00,1.0000e+00,1.0000e+00,1.0000e+00,1.0000e+00,1.0000e+00,1.0000e+00,7.9064e-01,0.0000e+00,0.0000e+00,0.0000e+00,0.0000e+00,1.2742e+05,0.0000e+00,6.7016e+06,6.7383e+06,0.0000e+00,6.6997e+06,1.0000e+00,9.9980e-01,1.0000e+00,1.0000e+00,1.0000e+00
3.1001e+02,4.0766e+00,3.8194e+00,5.5374e+00,8.8586e+00,1.2200e+01,1.2200e+01,3.2500e+09,0.0000e+00,1.2451e+02,1.2451e+02,5.8916e+02,5.9170e+02,6.0232e+02,6.0583e+02,6.0974e+02,6.1314e+02,6.1625e+02,6.1940e+02,6.1858e+02,6.2082e+02,6.1146e+02,6.1163e+02,1.5494e+07,6.7085e+06,1.9926e-08,0.0000e+00,4.5578e+02,1.3245e+03,0.0000e+00,4.3561e+03,1.2436e+04,2.1830e-04,0.0000e+00,0.0000e+00,2.2565e-05,0.0000e+00,0.0000e+00,0.0000e+00,5.3273e+03,0.0000e+00,0.0000e+00,5.3273e+03,5.3273e+03,6.1836e+02,6.0338e+02,6.1914e+02,5.7080e+02,3.0546e+02,3.0547e+02,3.0549e+02,3.7966e+02,5.5603e+02,5.5603e+02,5.5673e+02,5.5599e+02,5.5617e+02,3.0557e+02,5.5610e+02,5.5615e+02,5.5662e+02,5.5452e+02,1.0000e+00,1.0000e+00,1.0000e+00,1.0000e+00,1.0000e+00,1.0000e+00,1.0000e+00,7.8728e-01,0.0000e+00,0.0000e+00,0.0000e+00,0.0000e+00,1.2734e+05,0.0000e+00,6.7016e+06,6.7383e+06,0.0000e+00,6.6997e+06,1.0000e+00,9.9980e-01,1.0000e+00,1.0000e+00,1.0000e+00
3.1503e+02,4.0766e+00,3.8194e+00,5.5374e+00,8.8586e+00,1.2200e+01,1.2200e+01,3.2500e+09,0.0000e+00,1.2451e+02,1.2451e+02,5.8916e+02,5.9170e+02,6.0232e+02,6.0583e+02,6.0974e+02,6.1314e+02,6.1625e+02,6.1940e+02,6.1858e+02,6.2082e+02,6.1146e+02,6.1163e+02,1.5494e+07,6.7085e+06,1.9747e-08,0.0000e+00,4.5578e+02,1.3245e+03,0.0000e+00,4.3561e+03,1.2436e+04,2.0435e-04,0.0000e+00,0.0000e+00,2.0808e-05,0.0000e+00,0.0000e+00,0.0000e+00,5.3273e+03,0.0000e+00,0.0000e+00,5.3273e+03,5.3273e+03,6.1836e+02,6.0338e+02,6.1914e+02,5.7080e+02,3.0546e+02,3.0546e+02,3.0549e+02,3.7964e+02,5.5603e+02,5.5603e+02,5.5673e+02,5.5599e+02,5.5617e+02,3.0556e+02,5.5610e+02,5.5615e+02,5.5662e+02,5.5452e+02,1.0000e+00,1.0000e+00,1.0000e+00,1.0000e+00,1.0000e+00,1.0000e+00,1.0000e+00,7.8389e-01,0.0000e+00,0.0000e+00,0.0000e+00,0.0000e+00,1.2726e+05,0.0000e+00,6.7016e+06,6.7383e+06,0.0000e+00,6.6997e+06,1.0000e+00,9.9981e-01,1.0000e+00,1.0000e+00,1.0000e+00
3.2002e+02,4.0766e+00,3.8194e+00,5.5374e+00,8.8587e+00,1.2200e+01,1.2200e+01,3.2500e+09,0.0000e+00,1.2451e+02,1.2451e+02,5.8916e+02,5.9170e+02,6.0232e+02,6.0583e+02,6.0974e+02,6.1314e+02,6.1625e+02,6.1940e+02,6.1858e+02,6.2082e+02,6.1146e+02,6.1163e+02,1.5493e+07,6.7085e+06,2.0690e-08,0.0000e+00,4.5578e+02,1.3245e+03,0.0000e+00,4.3561e+03,1.2436e+04,1.9166e-04,0.0000e+00,0.0000e+00,1.9213e-05,0.0000e+00,0.0000e+00,0.0000e+00,5.3273e+03,0.0000e+00,0.0000e+00,5.3273e+03,5.3273e+03,6.1836e+02,6.0338e+02,6.1914e+02,5.7080e+02,3.0546e+02,3.0546e+02,3.0549e+02,3.7962e+02,5.5603e+02,5.5603e+02,5.5673e+02,5.5599e+02,5.5617e+02,3.0556e+02,5.5610e+02,5.5615e+02,5.5662e+02,5.5452e+02,1.0000e+00,1.0000e+00,1.0000e+00,1.0000e+00,1.0000e+00,1.0000e+00,1.0000e+00,7.8053e-01,0.0000e+00,0.0000e+00,0.0000e+00,0.0000e+00,1.2718e+05,0.0000e+00,6.7016e+06,6.7383e+06,0.0000e+00,6.6997e+06,1.0000e+00,9.9982e-01,1.0000e+00,1.0000e+00,1.0000e+00
3.2503e+02,4.0766e+00,3.8194e+00,5.5374e+00,8.8588e+00,1.2200e+01,1.2200e+01,3.2500e+09,0.0000e+00,1.2451e+02,1.2451e+02,5.8916e+02,5.9170e+02,6.0232e+02,6.0583e+02,6.0974e+02,6.1314e+02,6.1625e+02,6.1940e+02,6.1858e+02,6.2082e+02,6.1146e+02,6.1163e+02,1.5493e+07,6.7085e+06,2.2252e-08,0.0000e+00,4.5578e+02,1.3245e+03,0.0000e+00,4.3561e+03,1.2436e+04,1.7991e-04,0.0000e+00,0.0000e+00,1.7744e-05,0.0000e+00,0.0000e+00,0.0000e+00,5.3273e+03,0.0000e+00,0.0000e+00,5.3273e+03,5.3273e+03,6.1836e+02,6.0338e+02,6.1914e+02,5.7080e+02,3.0546e+02,3.0546e+02,3.0549e+02,3.7960e+02,5.5603e+02,5.5603e+02,5.5673e+02,5.5599e+02,5.5617e+02,3.0556e+02,5.5610e+02,5.5615e+02,5.5662e+02,5.5452e+02,1.0000e+00,1.0000e+00,1.0000e+00,1.0000e+00,1.0000e+00,1.0000e+00,1.0000e+00,7.7714e-01,0.0000e+00,0.0000e+00,0.0000e+00,0.0000e+00,1.2710e+05,0.0000e+00,6.7016e+06,6.7383e+06,0.0000e+00,6.6997e+06,1.0000e+00,9.9982e-01,1.0000e+00,1.0000e+00,1.0000e+00
3.3002e+02,4.0766e+00,3.8194e+00,5.5374e+00,8.8588e+00,1.2200e+01,1.2200e+01,3.2500e+09,0.0000e+00,1.2451e+02,1.2451e+02,5.8916e+02,5.9170e+02,6.0232e+02,6.0583e+02,6.0974e+02,6.1314e+02,6.1625e+02,6.1940e+02,6.1858e+02,6.2082e+02,6.1146e+02,6.1163e+02,1.5493e+07,6.7085e+06,2.3384e-08,0.0000e+00,4.5578e+02,1.3245e+03,0.0000e+00,4.3561e+03,1.2436e+04,1.6917e-04,0.0000e+00,0.0000e+00,1.6403e-05,0.0000e+00,0.0000e+00,0.0000e+00,5.3273e+03,0.0000e+00,0.0000e+00,5.3273e+03,5.3273e+03,6.1836e+02,6.0338e+02,6.1914e+02,5.7080e+02,3.0546e+02,3.0546e+02,3.0549e+02,3.7958e+02,5.5603e+02,5.5603e+02,5.5673e+02,5.5599e+02,5.5617e+02,3.0555e+02,5.5610e+02,5.5615e+02,5.5662e+02,5.5452e+02,1.0000e+00,1.0000e+00,1.0000e+00,1.0000e+00,1.0000e+00,1.0000e+00,1.0000e+00,7.7378e-01,0.0000e+00,0.0000e+00,0.0000e+00,0.0000e+00,1.2701e+05,0.0000e+00,6.7016e+06,6.7383e+06,0.0000e+00,6.6997e+06,1.0000e+00,9.9983e-01,1.0000e+00,1.0000e+00,1.0000e+00
3.3503e+02,4.0766e+00,3.8194e+00,5.5374e+00,8.8589e+00,1.2200e+01,1.2200e+01,3.2500e+09,0.0000e+00,1.2451e+02,1.2451e+02,5.8916e+02,5.9170e+02,6.0232e+02,6.0583e+02,6.0974e+02,6.1314e+02,6.1625e+02,6.1940e+02,6.1858e+02,6.2082e+02,6.1146e+02,6.1163e+02,1.5493e+07,6.7085e+06,2.4368e-08,0.0000e+00,4.5578e+02,1.3245e+03,0.0000e+00,4.3561e+03,1.2436e+04,1.5918e-04,0.0000e+00,0.0000e+00,1.5160e-05,0.0000e+00,0.0000e+00,0.0000e+00,5.3273e+03,0.0000e+00,0.0000e+00,5.3273e+03,5.3273e+03,6.1836e+02,6.0338e+02,6.1914e+02,5.7080e+02,3.0546e+02,3.0546e+02,3.0549e+02,3.7956e+02,5.5603e+02,5.5603e+02,5.5673e+02,5.5599e+02,5.5617e+02,3.0555e+02,5.5610e+02,5.5615e+02,5.5662e+02,5.5452e+02,1.0000e+00,1.0000e+00,1.0000e+00,1.0000e+00,1.0000e+00,1.0000e+00,1.0000e+00,7.7040e-01,0.0000e+00,0.0000e+00,0.0000e+00,0.0000e+00,1.2693e+05,0.0000e+00,6.7016e+06,6.7383e+06,0.0000e+00,6.6997e+06,1.0000e+00,9.9983e-01,1.0000e+00,1.0000e+00,1.0000e+00
3.4002e+02,4.0766e+00,3.8194e+00,5.5374e+00,8.8589e+00,1.2200e+01,1.2200e+01,3.2500e+09,0.0000e+00,1.2451e+02,1.2451e+02,5.8916e+02,5.9170e+02,6.0232e+02,6.0583e+02,6.0974e+02,6.1314e+02,6.1625e+02,6.1940e+02,6.1858e+02,6.2082e+02,6.1146e+02,6.1163e+02,1.5493e+07,6.7085e+06,2.4154e-08,0.0000e+00,4.5578e+02,1.3245e+03,0.0000e+00,4.3561e+03,1.2436e+04,1.4999e-04,0.0000e+00,0.0000e+00,1.4021e-05,0.0000e+00,0.0000e+00,0.0000e+00,5.3273e+03,0.0000e+00,0.0000e+00,5.3273e+03,5.3273e+03,6.1836e+02,6.0338e+02,6.1914e+02,5.7080e+02,3.0546e+02,3.0546e+02,3.0549e+02,3.7954e+02,5.5603e+02,5.5603e+02,5.5673e+02,5.5599e+02,5.5617e+02,3.0555e+02,5.5610e+02,5.5615e+02,5.5662e+02,5.5452e+02,1.0000e+00,1.0000e+00,1.0000e+00,1.0000e+00,1.0000e+00,1.0000e+00,1.0000e+00,7.6705e-01,0.0000e+00,0.0000e+00,0.0000e+00,0.0000e+00,1.2685e+05,0.0000e+00,6.7016e+06,6.7383e+06,0.0000e+00,6.6997e+06,1.0000e+00,9.9984e-01,1.0000e+00,1.0000e+00,1.0000e+00
3.4500e+02,4.0766e+00,3.8194e+00,5.5374e+00,8.8590e+00,1.2200e+01,1.2200e+01,3.2500e+09,0.0000e+00,1.2451e+02,1.2451e+02,5.8916e+02,5.9170e+02,6.0232e+02,6.0583e+02,6.0974e+02,6.1314e+02,6.1625e+02,6.1940e+02,6.1858e+02,6.2082e+02,6.1146e+02,6.1163e+02,1.5493e+07,6.7085e+06,2.3409e-08,0.0000e+00,4.5578e+02,1.3245e+03,0.0000e+00,4.3561e+03,1.2436e+04,1.4149e-04,0.0000e+00,0.0000e+00,1.2968e-05,0.0000e+00,0.0000e+00,0.0000e+00,5.3273e+03,0.0000e+00,0.0000e+00,5.3273e+03,5.3273e+03,6.1836e+02,6.0338e+02,6.1914e+02,5.7080e+02,3.0546e+02,3.0545e+02,3.0549e+02,3.7952e+02,5.5603e+02,5.5603e+02,5.5673e+02,5.5599e+02,5.5617e+02,3.0554e+02,5.5610e+02,5.5615e+02,5.5662e+02,5.5452e+02,1.0000e+00,1.0000e+00,1.0000e+00,1.0000e+00,1.0000e+00,1.0000e+00,1.0000e+00,7.6369e-01,0.0000e+00,0.0000e+00,0.0000e+00,0.0000e+00,1.2677e+05,0.0000e+00,6.7016e+06,6.7383e+06,0.0000e+00,6.6997e+06,1.0000e+00,9.9984e-01,1.0000e+00,1.0000e+00,1.0000e+00
3.5002e+02,4.0766e+00,3.8194e+00,5.5374e+00,8.8591e+00,1.2200e+01,1.2200e+01,3.2500e+09,0.0000e+00,1.2451e+02,1.2451e+02,5.8916e+02,5.9170e+02,6.0232e+02,6.0583e+02,6.0974e+02,6.1314e+02,6.1625e+02,6.1940e+02,6.1858e+02,6.2082e+02,6.1146e+02,6.1163e+02,1.5493e+07,6.7085e+06,2.2069e-08,0.0000e+00,4.5578e+02,1.3245e+03,0.0000e+00,4.3561e+03,1.2436e+04,1.3354e-04,0.0000e+00,0.0000e+00,1.1988e-05,0.0000e+00,0.0000e+00,0.0000e+00,5.3273e+03,0.0000e+00,0.0000e+00,5.3273e+03,5.3273e+03,6.1835e+02,6.0338e+02,6.1914e+02,5.7080e+02,3.0546e+02,3.0545e+02,3.0549e+02,3.7950e+02,5.5603e+02,5.5603e+02,5.5673e+02,5.5599e+02,5.5617e+02,3.0554e+02,5.5610e+02,5.5615e+02,5.5662e+02,5.5452e+02,1.0000e+00,1.0000e+00,1.0000e+00,1.0000e+00,1.0000e+00,1.0000e+00,1.0000e+00,7.6032e-01,0.0000e+00,0.0000e+00,0.0000e+00,0.0000e+00,1.2668e+05,0.0000e+00,6.7016e+06,6.7383e+06,0.0000e+00,6.6997e+06,1.0000e+00,9.9985e-01,1.0000e+00,1.0000e+00,1.0000e+00
3.5500e+02,4.0766e+00,3.8194e+00,5.5374e+00,8.8591e+00,1.2200e+01,1.2200e+01,3.2500e+09,0.0000e+00,1.2451e+02,1.2451e+02,5.8916e+02,5.9170e+02,6.0232e+02,6.0583e+02,6.0974e+02,6.1314e+02,6.1625e+02,6.1940e+02,6.1858e+02,6.2082e+02,6.1146e+02,6.1163e+02,1.5493e+07,6.7085e+06,2.0493e-08,0.0000e+00,4.5578e+02,1.3245e+03,0.0000e+00,4.3561e+03,1.2436e+04,1.2622e-04,0.0000e+00,0.0000e+00,1.1089e-05,0.0000e+00,0.0000e+00,0.0000e+00,5.3274e+03,0.0000e+00,0.0000e+00,5.3274e+03,5.3274e+03,6.1835e+02,6.0338e+02,6.1914e+02,5.7080e+02,3.0547e+02,3.0545e+02,3.0549e+02,3.7949e+02,5.5603e+02,5.5603e+02,5.5673e+02,5.5599e+02,5.5617e+02,3.0554e+02,5.5610e+02,5.5615e+02,5.5662e+02,5.5452e+02,1.0000e+00,1.0000e+00,1.0000e+00,1.0000e+00,1.0000e+00,1.0000e+00,1.0000e+00,7.5697e-01,0.0000e+00,0.0000e+00,0.0000e+00,0.0000e+00,1.2660e+05,0.0000e+00,6.7016e+06,6.7383e+06,0.0000e+00,6.6997e+06,1.0000e+00,9.9985e-01,1.0000e+00,1.0000e+00,1.0000e+00
3.6002e+02,4.0766e+00,3.8194e+00,5.5374e+00,8.8592e+00,1.2200e+01,1.2200e+01,3.2500e+09,0.0000e+00,1.2451e+02,1.2451e+02,5.8916e+02,5.9170e+02,6.0232e+02,6.0583e+02,6.0974e+02,6.1314e+02,6.1625e+02,6.1940e+02,6.1858e+02,6.2082e+02,6.1146e+02,6.1163e+02,1.5493e+07,6.7085e+06,1.8723e-08,0.0000e+00,4.5578e+02,1.3245e+03,0.0000e+00,4.3561e+03,1.2436e+04,1.1937e-04,0.0000e+00,0.0000e+00,1.0252e-05,0.0000e+00,0.0000e+00,0.0000e+00,5.3274e+03,0.0000e+00,0.0000e+00,5.3274e+03,5.3274e+03,6.1835e+02,6.0338e+02,6.1914e+02,5.7080e+02,3.0547e+02,3.0545e+02,3.0549e+02,3.7947e+02,5.5603e+02,5.5603e+02,5.5673e+02,5.5599e+02,5.5617e+02,3.0554e+02,5.5610e+02,5.5615e+02,5.5662e+02,5.5452e+02,1.0000e+00,1.0000e+00,1.0000e+00,1.0000e+00,1.0000e+00,1.0000e+00,1.0000e+00,7.5360e-01,0.0000e+00,0.0000e+00,0.0000e+00,0.0000e+00,1.2652e+05,0.0000e+00,6.7016e+06,6.7383e+06,0.0000e+00,6.6997e+06,1.0000e+00,9.9985e-01,1.0000e+00,1.0000e+00,1.0000e+00
3.6500e+02,4.0766e+00,3.8194e+00,5.5374e+00,8.8592e+00,1.2200e+01,1.2200e+01,3.2500e+09,0.0000e+00,1.2451e+02,1.2451e+02,5.8916e+02,5.9170e+02,6.0232e+02,6.0583e+02,6.0974e+02,6.1314e+02,6.1625e+02,6.1940e+02,6.1858e+02,6.2082e+02,6.1146e+02,6.1163e+02,1.5493e+07,6.7085e+06,1.7444e-08,0.0000e+00,4.5578e+02,1.3245e+03,0.0000e+00,4.3561e+03,1.2436e+04,1.1305e-04,0.0000e+00,0.0000e+00,9.4850e-06,0.0000e+00,0.0000e+00,0.0000e+00,5.3274e+03,0.0000e+00,0.0000e+00,5.3274e+03,5.3274e+03,6.1835e+02,6.0338e+02,6.1914e+02,5.7080e+02,3.0547e+02,3.0545e+02,3.0549e+02,3.7945e+02,5.5603e+02,5.5603e+02,5.5673e+02,5.5599e+02,5.5617e+02,3.0554e+02,5.5610e+02,5.5615e+02,5.5662e+02,5.5452e+02,1.0000e+00,1.0000e+00,1.0000e+00,1.0000e+00,1.0000e+00,1.0000e+00,1.0000e+00,7.5025e-01,0.0000e+00,0.0000e+00,0.0000e+00,0.0000e+00,1.2644e+05,0.0000e+00,6.7016e+06,6.7383e+06,0.0000e+00,6.6997e+06,1.0000e+00,9.9986e-01,1.0000e+00,1.0000e+00,1.0000e+00
3.7002e+02,4.0766e+00,3.8194e+00,5.5374e+00,8.8593e+00,1.2200e+01,1.2200e+01,3.2500e+09,0.0000e+00,1.2451e+02,1.2451e+02,5.8916e+02,5.9170e+02,6.0232e+02,6.0583e+02,6.0974e+02,6.1314e+02,6.1625e+02,6.1940e+02,6.1858e+02,6.2082e+02,6.1146e+02,6.1163e+02,1.5492e+07,6.7085e+06,1.6296e-08,0.0000e+00,4.5578e+02,1.3245e+03,0.0000e+00,4.3561e+03,1.2436e+04,1.0714e-04,0.0000e+00,0.0000e+00,8.7712e-06,0.0000e+00,0.0000e+00,0.0000e+00,5.3274e+03,0.0000e+00,0.0000e+00,5.3274e+03,5.3274e+03,6.1835e+02,6.0338e+02,6.1914e+02,5.7080e+02,3.0547e+02,3.0545e+02,3.0549e+02,3.7943e+02,5.5603e+02,5.5603e+02,5.5673e+02,5.5599e+02,5.5617e+02,3.0553e+02,5.5610e+02,5.5615e+02,5.5662e+02,5.5452e+02,1.0000e+00,1.0000e+00,1.0000e+00,1.0000e+00,1.0000e+00,1.0000e+00,1.0000e+00,7.4688e-01,0.0000e+00,0.0000e+00,0.0000e+00,0.0000e+00,1.2635e+05,0.0000e+00,6.7016e+06,6.7383e+06,0.0000e+00,6.6997e+06,1.0000e+00,9.9986e-01,1.0000e+00,1.0000e+00,1.0000e+00
3.7500e+02,4.0766e+00,3.8194e+00,5.5374e+00,8.8593e+00,1.2200e+01,1.2200e+01,3.2500e+09,0.0000e+00,1.2451e+02,1.2451e+02,5.8916e+02,5.9170e+02,6.0232e+02,6.0583e+02,6.0974e+02,6.1314e+02,6.1625e+02,6.1940e+02,6.1858e+02,6.2082e+02,6.1146e+02,6.1163e+02,1.5492e+07,6.7085e+06,1.5548e-08,0.0000e+00,4.5578e+02,1.3244e+03,0.0000e+00,4.3561e+03,1.2436e+04,1.0167e-04,0.0000e+00,0.0000e+00,8.1166e-06,0.0000e+00,0.0000e+00,0.0000e+00,5.3274e+03,0.0000e+00,0.0000e+00,5.3274e+03,5.3274e+03,6.1835e+02,6.0338e+02,6.1914e+02,5.7080e+02,3.0547e+02,3.0545e+02,3.0549e+02,3.7941e+02,5.5603e+02,5.5603e+02,5.5673e+02,5.5599e+02,5.5617e+02,3.0553e+02,5.5610e+02,5.5615e+02,5.5662e+02,5.5452e+02,1.0000e+00,1.0000e+00,1.0000e+00,1.0000e+00,1.0000e+00,1.0000e+00,1.0000e+00,7.4354e-01,0.0000e+00,0.0000e+00,0.0000e+00,0.0000e+00,1.2627e+05,0.0000e+00,6.7016e+06,6.7383e+06,0.0000e+00,6.6997e+06,1.0000e+00,9.9987e-01,1.0000e+00,1.0000e+00,1.0000e+00
3.8002e+02,4.0766e+00,3.8194e+00,5.5374e+00,8.8594e+00,1.2200e+01,1.2200e+01,3.2500e+09,0.0000e+00,1.2451e+02,1.2451e+02,5.8916e+02,5.9170e+02,6.0232e+02,6.0583e+02,6.0974e+02,6.1314e+02,6.1625e+02,6.1940e+02,6.1858e+02,6.2082e+02,6.1146e+02,6.1163e+02,1.5492e+07,6.7085e+06,1.5050e-08,0.0000e+00,4.5578e+02,1.3244e+03,0.0000e+00,4.3561e+03,1.2436e+04,9.6545e-05,0.0000e+00,0.0000e+00,7.5071e-06,0.0000e+00,0.0000e+00,0.0000e+00,5.3274e+03,0.0000e+00,0.0000e+00,5.3274e+03,5.3274e+03,6.1835e+02,6.0338e+02,6.1914e+02,5.7080e+02,3.0547e+02,3.0544e+02,3.0549e+02,3.7939e+02,5.5603e+02,5.5603e+02,5.5673e+02,5.5599e+02,5.5617e+02,3.0553e+02,5.5610e+02,5.5615e+02,5.5662e+02,5.5452e+02,1.0000e+00,1.0000e+00,1.0000e+00,1.0000e+00,1.0000e+00,1.0000e+00,1.0000e+00,7.4018e-01,0.0000e+00,0.0000e+00,0.0000e+00,0.0000e+00,1.2619e+05,0.0000e+00,6.7016e+06,6.7383e+06,0.0000e+00,6.6997e+06,1.0000e+00,9.9987e-01,1.0000e+00,1.0000e+00,1.0000e+00
3.8500e+02,4.0766e+00,3.8194e+00,5.5374e+00,8.8595e+00,1.2200e+01,1.2200e+01,3.2500e+09,0.0000e+00,1.2451e+02,1.2451e+02,5.8916e+02,5.9170e+02,6.0232e+02,6.0583e+02,6.0974e+02,6.1314e+02,6.1625e+02,6.1940e+02,6.1858e+02,6.2082e+02,6.1146e+02,6.1163e+02,1.5492e+07,6.7085e+06,1.4691e-08,0.0000e+00,4.5578e+02,1.3244e+03,0.0000e+00,4.3561e+03,1.2436e+04,9.1800e-05,0.0000e+00,0.0000e+00,6.9648e-06,0.0000e+00,0.0000e+00,0.0000e+00,5.3274e+03,0.0000e+00,0.0000e+00,5.3274e+03,5.3274e+03,6.1835e+02,6.0338e+02,6.1914e+02,5.7080e+02,3.0547e+02,3.0544e+02,3.0549e+02,3.7937e+02,5.5603e+02,5.5603e+02,5.5673e+02,5.5599e+02,5.5617e+02,3.0553e+02,5.5610e+02,5.5615e+02,5.5662e+02,5.5452e+02,1.0000e+00,1.0000e+00,1.0000e+00,1.0000e+00,1.0000e+00,1.0000e+00,1.0000e+00,7.3684e-01,0.0000e+00,0.0000e+00,0.0000e+00,0.0000e+00,1.2611e+05,0.0000e+00,6.7016e+06,6.7383e+06,0.0000e+00,6.6997e+06,1.0000e+00,9.9987e-01,1.0000e+00,1.0000e+00,1.0000e+00
3.9002e+02,4.0766e+00,3.8194e+00,5.5374e+00,8.8595e+00,1.2200e+01,1.2200e+01,3.2500e+09,0.0000e+00,1.2451e+02,1.2451e+02,5.8916e+02,5.9170e+02,6.0232e+02,6.0583e+02,6.0974e+02,6.1314e+02,6.1625e+02,6.1940e+02,6.1858e+02,6.2082e+02,6.1146e+02,6.1163e+02,1.5492e+07,6.7085e+06,1.4706e-08,0.0000e+00,4.5578e+02,1.3244e+03,0.0000e+00,4.3561e+03,1.2436e+04,8.7343e-05,0.0000e+00,0.0000e+00,6.4605e-06,0.0000e+00,0.0000e+00,0.0000e+00,5.3274e+03,0.0000e+00,0.0000e+00,5.3274e+03,5.3274e+03,6.1835e+02,6.0338e+02,6.1914e+02,5.7080e+02,3.0547e+02,3.0544e+02,3.0549e+02,3.7935e+02,5.5603e+02,5.5603e+02,5.5673e+02,5.5599e+02,5.5617e+02,3.0552e+02,5.5610e+02,5.5615e+02,5.5662e+02,5.5452e+02,1.0000e+00,1.0000e+00,1.0000e+00,1.0000e+00,1.0000e+00,1.0000e+00,1.0000e+00,7.3348e-01,0.0000e+00,0.0000e+00,0.0000e+00,0.0000e+00,1.2603e+05,0.0000e+00,6.7016e+06,6.7383e+06,0.0000e+00,6.6997e+06,1.0000e+00,9.9988e-01,1.0000e+00,1.0000e+00,1.0000e+00
3.9501e+02,4.0766e+00,3.8194e+00,5.5374e+00,8.8596e+00,1.2200e+01,1.2200e+01,3.2500e+09,0.0000e+00,1.2451e+02,1.2451e+02,5.8916e+02,5.9170e+02,6.0232e+02,6.0583e+02,6.0974e+02,6.1314e+02,6.1625e+02,6.1940e+02,6.1858e+02,6.2082e+02,6.1146e+02,6.1163e+02,1.5492e+07,6.7085e+06,1.4351e-08,0.0000e+00,4.5578e+02,1.3244e+03,0.0000e+00,4.3561e+03,1.2436e+04,8.3203e-05,0.0000e+00,0.0000e+00,6.0084e-06,0.0000e+00,0.0000e+00,0.0000e+00,5.3274e+03,0.0000e+00,0.0000e+00,5.3274e+03,5.3274e+03,6.1835e+02,6.0338e+02,6.1914e+02,5.7080e+02,3.0547e+02,3.0544e+02,3.0549e+02,3.7933e+02,5.5603e+02,5.5603e+02,5.5673e+02,5.5599e+02,5.5617e+02,3.0552e+02,5.5610e+02,5.5615e+02,5.5662e+02,5.5452e+02,1.0000e+00,1.0000e+00,1.0000e+00,1.0000e+00,1.0000e+00,1.0000e+00,1.0000e+00,7.3014e-01,0.0000e+00,0.0000e+00,0.0000e+00,0.0000e+00,1.2594e+05,0.0000e+00,6.7016e+06,6.7383e+06,0.0000e+00,6.6997e+06,1.0000e+00,9.9988e-01,1.0000e+00,1.0000e+00,1.0000e+00
4.0002e+02,4.0766e+00,3.8194e+00,5.5374e+00,8.8596e+00,1.2200e+01,1.2200e+01,3.2500e+09,0.0000e+00,1.2451e+02,1.2451e+02,5.8916e+02,5.9170e+02,6.0232e+02,6.0583e+02,6.0974e+02,6.1314e+02,6.1625e+02,6.1940e+02,6.1858e+02,6.2082e+02,6.1146e+02,6.1163e+02,1.5492e+07,6.7085e+06,1.4141e-08,0.0000e+00,4.5578e+02,1.3244e+03,0.0000e+00,4.3561e+03,1.2436e+04,7.9308e-05,0.0000e+00,0.0000e+00,5.5821e-06,0.0000e+00,0.0000e+00,0.0000e+00,5.3274e+03,0.0000e+00,0.0000e+00,5.3274e+03,5.3274e+03,6.1835e+02,6.0338e+02,6.1914e+02,5.7080e+02,3.0547e+02,3.0544e+02,3.0549e+02,3.7932e+02,5.5603e+02,5.5603e+02,5.5673e+02,5.5599e+02,5.5617e+02,3.0552e+02,5.5610e+02,5.5615e+02,5.5662e+02,5.5452e+02,1.0000e+00,1.0000e+00,1.0000e+00,1.0000e+00,1.0000e+00,1.0000e+00,1.0000e+00,7.2678e-01,0.0000e+00,0.0000e+00,0.0000e+00,0.0000e+00,1.2586e+05,0.0000e+00,6.7016e+06,6.7383e+06,0.0000e+00,6.6997e+06,1.0000e+00,9.9988e-01,1.0000e+00,1.0000e+00,1.0000e+00
4.0501e+02,4.0766e+00,3.8194e+00,5.5374e+00,8.8597e+00,1.2200e+01,1.2200e+01,3.2500e+09,0.0000e+00,1.2451e+02,1.2451e+02,5.8916e+02,5.9170e+02,6.0232e+02,6.0583e+02,6.0974e+02,6.1314e+02,6.1625e+02,6.1940e+02,6.1858e+02,6.2082e+02,6.1146e+02,6.1163e+02,1.5492e+07,6.7085e+06,1.3769e-08,0.0000e+00,4.5578e+02,1.3244e+03,0.0000e+00,4.3561e+03,1.2436e+04,7.5682e-05,0.0000e+00,0.0000e+00,5.1844e-06,0.0000e+00,0.0000e+00,0.0000e+00,5.3274e+03,0.0000e+00,0.0000e+00,5.3274e+03,5.3274e+03,6.1835e+02,6.0338e+02,6.1913e+02,5.7080e+02,3.0547e+02,3.0544e+02,3.0549e+02,3.7930e+02,5.5603e+02,5.5603e+02,5.5673e+02,5.5599e+02,5.5617e+02,3.0552e+02,5.5610e+02,5.5615e+02,5.5662e+02,5.5452e+02,1.0000e+00,1.0000e+00,1.0000e+00,1.0000e+00,1.0000e+00,1.0000e+00,1.0000e+00,7.2345e-01,0.0000e+00,0.0000e+00,0.0000e+00,0.0000e+00,1.2578e+05,0.0000e+00,6.7016e+06,6.7383e+06,0.0000e+00,6.6997e+06,1.0000e+00,9.9988e-01,1.0000e+00,1.0000e+00,1.0000e+00
4.1002e+02,4.0766e+00,3.8194e+00,5.5374e+00,8.8597e+00,1.2200e+01,1.2200e+01,3.2500e+09,0.0000e+00,1.2451e+02,1.2451e+02,5.8916e+02,5.9170e+02,6.0232e+02,6.0583e+02,6.0974e+02,6.1314e+02,6.1625e+02,6.1940e+02,6.1858e+02,6.2082e+02,6.1146e+02,6.1163e+02,1.5492e+07,6.7085e+06,1.3460e-08,0.0000e+00,4.5578e+02,1.3244e+03,0.0000e+00,4.3561e+03,1.2436e+04,7.2263e-05,0.0000e+00,0.0000e+00,4.8092e-06,0.0000e+00,0.0000e+00,0.0000e+00,5.3274e+03,0.0000e+00,0.0000e+00,5.3274e+03,5.3274e+03,6.1835e+02,6.0338e+02,6.1913e+02,5.7080e+02,3.0547e+02,3.0544e+02,3.0549e+02,3.7928e+02,5.5603e+02,5.5603e+02,5.5673e+02,5.5599e+02,5.5617e+02,3.0552e+02,5.5610e+02,5.5615e+02,5.5662e+02,5.5452e+02,1.0000e+00,1.0000e+00,1.0000e+00,1.0000e+00,1.0000e+00,1.0000e+00,1.0000e+00,7.2010e-01,0.0000e+00,0.0000e+00,0.0000e+00,0.0000e+00,1.2570e+05,0.0000e+00,6.7016e+06,6.7383e+06,0.0000e+00,6.6997e+06,1.0000e+00,9.9989e-01,1.0000e+00,1.0000e+00,1.0000e+00
4.1501e+02,4.0766e+00,3.8194e+00,5.5374e+00,8.8598e+00,1.2200e+01,1.2200e+01,3.2500e+09,0.0000e+00,1.2451e+02,1.2451e+02,5.8916e+02,5.9170e+02,6.0232e+02,6.0583e+02,6.0974e+02,6.1314e+02,6.1625e+02,6.1940e+02,6.1858e+02,6.2082e+02,6.1146e+02,6.1163e+02,1.5492e+07,6.7085e+06,1.3001e-08,0.0000e+00,4.5578e+02,1.3244e+03,0.0000e+00,4.3561e+03,1.2436e+04,6.9076e-05,0.0000e+00,0.0000e+00,4.4590e-06,0.0000e+00,0.0000e+00,0.0000e+00,5.3274e+03,0.0000e+00,0.0000e+00,5.3274e+03,5.3274e+03,6.1835e+02,6.0338e+02,6.1913e+02,5.7080e+02,3.0547e+02,3.0544e+02,3.0549e+02,3.7926e+02,5.5603e+02,5.5603e+02,5.5673e+02,5.5599e+02,5.5617e+02,3.0552e+02,5.5610e+02,5.5615e+02,5.5662e+02,5.5452e+02,1.0000e+00,1.0000e+00,1.0000e+00,1.0000e+00,1.0000e+00,1.0000e+00,1.0000e+00,7.1677e-01,0.0000e+00,0.0000e+00,0.0000e+00,0.0000e+00,1.2562e+05,0.0000e+00,6.7016e+06,6.7383e+06,0.0000e+00,6.6997e+06,1.0000e+00,9.9989e-01,1.0000e+00,1.0000e+00,1.0000e+00
4.2003e+02,4.0766e+00,3.8194e+00,5.5374e+00,8.8599e+00,1.2200e+01,1.2200e+01,3.2500e+09,0.0000e+00,1.2451e+02,1.2451e+02,5.8916e+02,5.9170e+02,6.0232e+02,6.0583e+02,6.0974e+02,6.1314e+02,6.1625e+02,6.1940e+02,6.1858e+02,6.2082e+02,6.1146e+02,6.1163e+02,1.5491e+07,6.7085e+06,1.2533e-08,0.0000e+00,4.5578e+02,1.3244e+03,0.0000e+00,4.3561e+03,1.2436e+04,6.6059e-05,0.0000e+00,0.0000e+00,4.1285e-06,0.0000e+00,0.0000e+00,0.0000e+00,5.3274e+03,0.0000e+00,0.0000e+00,5.3274e+03,5.3274e+03,6.1835e+02,6.0338e+02,6.1913e+02,5.7080e+02,3.0547e+02,3.0543e+02,3.0549e+02,3.7924e+02,5.5603e+02,5.5603e+02,5.5673e+02,5.5599e+02,5.5617e+02,3.0551e+02,5.5610e+02,5.5615e+02,5.5662e+02,5.5452e+02,1.0000e+00,1.0000e+00,1.0000e+00,1.0000e+00,1.0000e+00,1.0000e+00,1.0000e+00,7.1342e-01,0.0000e+00,0.0000e+00,0.0000e+00,0.0000e+00,1.2554e+05,0.0000e+00,6.7016e+06,6.7383e+06,0.0000e+00,6.6997e+06,1.0000e+00,9.9989e-01,1.0000e+00,1.0000e+00,1.0000e+00
4.2501e+02,4.0766e+00,3.8194e+00,5.5374e+00,8.8599e+00,1.2200e+01,1.2200e+01,3.2500e+09,0.0000e+00,1.2451e+02,1.2451e+02,5.8916e+02,5.9170e+02,6.0232e+02,6.0583e+02,6.0974e+02,6.1314e+02,6.1625e+02,6.1940e+02,6.1858e+02,6.2082e+02,6.1146e+02,6.1163e+02,1.5491e+07,6.7085e+06,1.1947e-08,0.0000e+00,4.5578e+02,1.3244e+03,0.0000e+00,4.3561e+03,1.2436e+04,6.3244e-05,0.0000e+00,0.0000e+00,3.8203e-06,0.0000e+00,0.0000e+00,0.0000e+00,5.3274e+03,0.0000e+00,0.0000e+00,5.3274e+03,5.3274e+03,6.1835e+02,6.0338e+02,6.1913e+02,5.7080e+02,3.0547e+02,3.0543e+02,3.0549e+02,3.7922e+02,5.5603e+02,5.5603e+02,5.5673e+02,5.5599e+02,5.5617e+02,3.0551e+02,5.5610e+02,5.5615e+02,5.5662e+02,5.5452e+02,1.0000e+00,1.0000e+00,1.0000e+00,1.0000e+00,1.0000e+00,1.0000e+00,1.0000e+00,7.1009e-01,0.0000e+00,0.0000e+00,0.0000e+00,0.0000e+00,1.2546e+05,0.0000e+00,6.7016e+06,6.7383e+06,0.0000e+00,6.6997e+06,1.0000e+00,9.9989e-01,1.0000e+00,1.0000e+00,1.0000e+00
4.3003e+02,4.0766e+00,3.8194e+00,5.5374e+00,8.8600e+00,1.2200e+01,1.2200e+01,3.2500e+09,0.0000e+00,1.2451e+02,1.2451e+02,5.8916e+02,5.9170e+02,6.0232e+02,6.0583e+02,6.0974e+02,6.1314e+02,6.1625e+02,6.1940e+02,6.1858e+02,6.2082e+02,6.1146e+02,6.1163e+02,1.5491e+07,6.7085e+06,1.1507e-08,0.0000e+00,4.5578e+02,1.3244e+03,0.0000e+00,4.3561e+03,1.2436e+04,6.0577e-05,0.0000e+00,0.0000e+00,3.5299e-06,0.0000e+00,0.0000e+00,0.0000e+00,5.3274e+03,0.0000e+00,0.0000e+00,5.3274e+03,5.3274e+03,6.1835e+02,6.0338e+02,6.1913e+02,5.7080e+02,3.0547e+02,3.0543e+02,3.0549e+02,3.7920e+02,5.5603e+02,5.5603e+02,5.5673e+02,5.5599e+02,5.5617e+02,3.0551e+02,5.5610e+02,5.5615e+02,5.5662e+02,5.5452e+02,1.0000e+00,1.0000e+00,1.0000e+00,1.0000e+00,1.0000e+00,1.0000e+00,1.0000e+00,7.0675e-01,0.0000e+00,0.0000e+00,0.0000e+00,0.0000e+00,1.2537e+05,0.0000e+00,6.7016e+06,6.7383e+06,0.0000e+00,6.6997e+06,1.0000e+00,9.9990e-01,1.0000e+00,1.0000e+00,1.0000e+00
4.3501e+02,4.0766e+00,3.8194e+00,5.5374e+00,8.8600e+00,1.2200e+01,1.2200e+01,3.2500e+09,0.0000e+00,1.2451e+02,1.2451e+02,5.8916e+02,5.9170e+02,6.0232e+02,6.0583e+02,6.0974e+02,6.1314e+02,6.1625e+02,6.1940e+02,6.1858e+02,6.2082e+02,6.1146e+02,6.1163e+02,1.5491e+07,6.7085e+06,1.1311e-08,0.0000e+00,4.5578e+02,1.3244e+03,0.0000e+00,4.3561e+03,1.2436e+04,5.8088e-05,0.0000e+00,0.0000e+00,3.2608e-06,0.0000e+00,0.0000e+00,0.0000e+00,5.3275e+03,0.0000e+00,0.0000e+00,5.3275e+03,5.3274e+03,6.1835e+02,6.0338e+02,6.1913e+02,5.7080e+02,3.0547e+02,3.0543e+02,3.0549e+02,3.7918e+02,5.5603e+02,5.5603e+02,5.5673e+02,5.5599e+02,5.5617e+02,3.0551e+02,5.5610e+02,5.5615e+02,5.5662e+02,5.5452e+02,1.0000e+00,1.0000e+00,1.0000e+00,1.0000e+00,1.0000e+00,1.0000e+00,1.0000e+00,7.0343e-01,0.0000e+00,0.0000e+00,0.0000e+00,0.0000e+00,1.2529e+05,0.0000e+00,6.7016e+06,6.7383e+06,0.0000e+00,6.6997e+06,1.0000e+00,9.9990e-01,1.0000e+00,1.0000e+00,1.0000e+00
4.4003e+02,4.0766e+00,3.8194e+00,5.5374e+00,8.8601e+00,1.2200e+01,1.2200e+01,3.2500e+09,0.0000e+00,1.2451e+02,1.2451e+02,5.8916e+02,5.9170e+02,6.0232e+02,6.0583e+02,6.0974e+02,6.1314e+02,6.1625e+02,6.1940e+02,6.1858e+02,6.2082e+02,6.1146e+02,6.1163e+02,1.5491e+07,6.7085e+06,1.0835e-08,0.0000e+00,4.5578e+02,1.3244e+03,0.0000e+00,4.3561e+03,1.2436e+04,5.5722e-05,0.0000e+00,0.0000e+00,3.0058e-06,0.0000e+00,0.0000e+00,0.0000e+00,5.3275e+03,0.0000e+00,0.0000e+00,5.3275e+03,5.3275e+03,6.1835e+02,6.0338e+02,6.1913e+02,5.7080e+02,3.0547e+02,3.0543e+02,3.0549e+02,3.7916e+02,5.5603e+02,5.5603e+02,5.5673e+02,5.5599e+02,5.5617e+02,3.0551e+02,5.5610e+02,5.5615e+02,5.5662e+02,5.5452e+02,1.0000e+00,1.0000e+00,1.0000e+00,1.0000e+00,1.0000e+00,1.0000e+00,1.0000e+00,7.0008e-01,0.0000e+00,0.0000e+00,0.0000e+00,0.0000e+00,1.2521e+05,0.0000e+00,6.7016e+06,6.7383e+06,0.0000e+00,6.6997e+06,1.0000e+00,9.9990e-01,1.0000e+00,1.0000e+00,1.0000e+00
4.4501e+02,4.0766e+00,3.8194e+00,5.5374e+00,8.8601e+00,1.2200e+01,1.2200e+01,3.2500e+09,0.0000e+00,1.2451e+02,1.2451e+02,5.8916e+02,5.9170e+02,6.0232e+02,6.0583e+02,6.0974e+02,6.1314e+02,6.1625e+02,6.1940e+02,6.1858e+02,6.2082e+02,6.1146e+02,6.1163e+02,1.5491e+07,6.7085e+06,1.0516e-08,0.0000e+00,4.5578e+02,1.3244e+03,0.0000e+00,4.3561e+03,1.2436e+04,5.3508e-05,0.0000e+00,0.0000e+00,2.7694e-06,0.0000e+00,0.0000e+00,0.0000e+00,5.3275e+03,0.0000e+00,0.0000e+00,5.3275e+03,5.3275e+03,6.1834e+02,6.0338e+02,6.1913e+02,5.7080e+02,3.0547e+02,3.0543e+02,3.0549e+02,3.7915e+02,5.5603e+02,5.5603e+02,5.5673e+02,5.5599e+02,5.5617e+02,3.0551e+02,5.5610e+02,5.5615e+02,5.5662e+02,5.5452e+02,1.0000e+00,1.0000e+00,1.0000e+00,1.0000e+00,1.0000e+00,1.0000e+00,1.0000e+00,6.9677e-01,0.0000e+00,0.0000e+00,0.0000e+00,0.0000e+00,1.2513e+05,0.0000e+00,6.7016e+06,6.7383e+06,0.0000e+00,6.6997e+06,1.0000e+00,9.9990e-01,1.0000e+00,1.0000e+00,1.0000e+00
4.5003e+02,4.0766e+00,3.8194e+00,5.5374e+00,8.8602e+00,1.2200e+01,1.2200e+01,3.2500e+09,0.0000e+00,1.2451e+02,1.2451e+02,5.8916e+02,5.9170e+02,6.0232e+02,6.0583e+02,6.0974e+02,6.1314e+02,6.1625e+02,6.1940e+02,6.1858e+02,6.2082e+02,6.1146e+02,6.1163e+02,1.5491e+07,6.7085e+06,1.0350e-08,0.0000e+00,4.5578e+02,1.3244e+03,0.0000e+00,4.3561e+03,1.2436e+04,5.1408e-05,0.0000e+00,0.0000e+00,2.5472e-06,0.0000e+00,0.0000e+00,0.0000e+00,5.3275e+03,0.0000e+00,0.0000e+00,5.3275e+03,5.3275e+03,6.1834e+02,6.0338e+02,6.1913e+02,5.7080e+02,3.0547e+02,3.0543e+02,3.0549e+02,3.7913e+02,5.5603e+02,5.5603e+02,5.5673e+02,5.5599e+02,5.5617e+02,3.0551e+02,5.5610e+02,5.5615e+02,5.5662e+02,5.5452e+02,1.0000e+00,1.0000e+00,1.0000e+00,1.0000e+00,1.0000e+00,1.0000e+00,1.0000e+00,6.9343e-01,0.0000e+00,0.0000e+00,0.0000e+00,0.0000e+00,1.2505e+05,0.0000e+00,6.7016e+06,6.7383e+06,0.0000e+00,6.6997e+06,1.0000e+00,9.9990e-01,1.0000e+00,1.0000e+00,1.0000e+00
4.5501e+02,4.0766e+00,3.8194e+00,5.5374e+00,8.8603e+00,1.2200e+01,1.2200e+01,3.2500e+09,0.0000e+00,1.2451e+02,1.2451e+02,5.8916e+02,5.9170e+02,6.0232e+02,6.0583e+02,6.0974e+02,6.1314e+02,6.1625e+02,6.1940e+02,6.1858e+02,6.2082e+02,6.1146e+02,6.1163e+02,1.5491e+07,6.7085e+06,1.0252e-08,0.0000e+00,4.5578e+02,1.3244e+03,0.0000e+00,4.3561e+03,1.2436e+04,4.9437e-05,0.0000e+00,0.0000e+00,2.3411e-06,0.0000e+00,0.0000e+00,0.0000e+00,5.3275e+03,0.0000e+00,0.0000e+00,5.3275e+03,5.3275e+03,6.1834e+02,6.0338e+02,6.1913e+02,5.7080e+02,3.0547e+02,3.0543e+02,3.0549e+02,3.7911e+02,5.5603e+02,5.5603e+02,5.5673e+02,5.5599e+02,5.5617e+02,3.0550e+02,5.5610e+02,5.5615e+02,5.5662e+02,5.5452e+02,1.0000e+00,1.0000e+00,1.0000e+00,1.0000e+00,1.0000e+00,1.0000e+00,1.0000e+00,6.9011e-01,0.0000e+00,0.0000e+00,0.0000e+00,0.0000e+00,1.2497e+05,0.0000e+00,6.7016e+06,6.7383e+06,0.0000e+00,6.6997e+06,1.0000e+00,9.9991e-01,1.0000e+00,1.0000e+00,1.0000e+00
4.6003e+02,4.0766e+00,3.8194e+00,5.5374e+00,8.8603e+00,1.2200e+01,1.2200e+01,3.2500e+09,0.0000e+00,1.2451e+02,1.2451e+02,5.8916e+02,5.9170e+02,6.0232e+02,6.0583e+02,6.0974e+02,6.1314e+02,6.1625e+02,6.1940e+02,6.1858e+02,6.2082e+02,6.1146e+02,6.1163e+02,1.5491e+07,6.7085e+06,9.8597e-09,0.0000e+00,4.5578e+02,1.3244e+03,0.0000e+00,4.3561e+03,1.2436e+04,4.7559e-05,0.0000e+00,0.0000e+00,2.1458e-06,0.0000e+00,0.0000e+00,0.0000e+00,5.3275e+03,0.0000e+00,0.0000e+00,5.3275e+03,5.3275e+03,6.1834e+02,6.0338e+02,6.1913e+02,5.7080e+02,3.0547e+02,3.0543e+02,3.0549e+02,3.7909e+02,5.5603e+02,5.5603e+02,5.5673e+02,5.5599e+02,5.5617e+02,3.0550e+02,5.5610e+02,5.5615e+02,5.5662e+02,5.5452e+02,1.0000e+00,1.0000e+00,1.0000e+00,1.0000e+00,1.0000e+00,1.0000e+00,1.0000e+00,6.8678e-01,0.0000e+00,0.0000e+00,0.0000e+00,0.0000e+00,1.2489e+05,0.0000e+00,6.7016e+06,6.7383e+06,0.0000e+00,6.6997e+06,1.0000e+00,9.9991e-01,1.0000e+00,1.0000e+00,1.0000e+00
4.6501e+02,4.0766e+00,3.8194e+00,5.5374e+00,8.8604e+00,1.2200e+01,1.2200e+01,3.2500e+09,0.0000e+00,1.2451e+02,1.2451e+02,5.8916e+02,5.9170e+02,6.0232e+02,6.0583e+02,6.0974e+02,6.1314e+02,6.1625e+02,6.1940e+02,6.1858e+02,6.2082e+02,6.1146e+02,6.1163e+02,1.5491e+07,6.7085e+06,9.6421e-09,0.0000e+00,4.5578e+02,1.3244e+03,0.0000e+00,4.3561e+03,1.2436e+04,4.5797e-05,0.0000e+00,0.0000e+00,1.9654e-06,0.0000e+00,0.0000e+00,0.0000e+00,5.3275e+03,0.0000e+00,0.0000e+00,5.3275e+03,5.3275e+03,6.1834e+02,6.0338e+02,6.1913e+02,5.7080e+02,3.0547e+02,3.0542e+02,3.0549e+02,3.7907e+02,5.5603e+02,5.5603e+02,5.5673e+02,5.5599e+02,5.5617e+02,3.0550e+02,5.5610e+02,5.5615e+02,5.5662e+02,5.5452e+02,1.0000e+00,1.0000e+00,1.0000e+00,1.0000e+00,1.0000e+00,1.0000e+00,1.0000e+00,6.8347e-01,0.0000e+00,0.0000e+00,0.0000e+00,0.0000e+00,1.2481e+05,0.0000e+00,6.7016e+06,6.7383e+06,0.0000e+00,6.6997e+06,1.0000e+00,9.9991e-01,1.0000e+00,1.0000e+00,1.0000e+00
4.7003e+02,4.0766e+00,3.8194e+00,5.5374e+00,8.8604e+00,1.2200e+01,1.2200e+01,3.2500e+09,0.0000e+00,1.2451e+02,1.2451e+02,5.8916e+02,5.9170e+02,6.0232e+02,6.0583e+02,6.0974e+02,6.1314e+02,6.1625e+02,6.1940e+02,6.1858e+02,6.2082e+02,6.1146e+02,6.1163e+02,1.5490e+07,6.7085e+06,9.6104e-09,0.0000e+00,4.5578e+02,1.3244e+03,0.0000e+00,4.3561e+03,1.2436e+04,4.4122e-05,0.0000e+00,0.0000e+00,1.7965e-06,0.0000e+00,0.0000e+00,0.0000e+00,5.3275e+03,0.0000e+00,0.0000e+00,5.3275e+03,5.3275e+03,6.1834e+02,6.0338e+02,6.1913e+02,5.7080e+02,3.0547e+02,3.0542e+02,3.0549e+02,3.7905e+02,5.5603e+02,5.5603e+02,5.5673e+02,5.5599e+02,5.5617e+02,3.0550e+02,5.5610e+02,5.5615e+02,5.5662e+02,5.5452e+02,1.0000e+00,1.0000e+00,1.0000e+00,1.0000e+00,1.0000e+00,1.0000e+00,1.0000e+00,6.8013e-01,0.0000e+00,0.0000e+00,0.0000e+00,0.0000e+00,1.2472e+05,0.0000e+00,6.7016e+06,6.7383e+06,0.0000e+00,6.6997e+06,1.0000e+00,9.9991e-01,1.0000e+00,1.0000e+00,1.0000e+00
4.7501e+02,4.0766e+00,3.8194e+00,5.5374e+00,8.8605e+00,1.2200e+01,1.2200e+01,3.2500e+09,0.0000e+00,1.2451e+02,1.2451e+02,5.8916e+02,5.9170e+02,6.0232e+02,6.0583e+02,6.0974e+02,6.1314e+02,6.1625e+02,6.1940e+02,6.1858e+02,6.2082e+02,6.1146e+02,6.1163e+02,1.5490e+07,6.7085e+06,9.2902e-09,0.0000e+00,4.5578e+02,1.3244e+03,0.0000e+00,4.3561e+03,1.2436e+04,4.2541e-05,0.0000e+00,0.0000e+00,1.6388e-06,0.0000e+00,0.0000e+00,0.0000e+00,5.3275e+03,0.0000e+00,0.0000e+00,5.3275e+03,5.3275e+03,6.1834e+02,6.0338e+02,6.1913e+02,5.7080e+02,3.0547e+02,3.0542e+02,3.0549e+02,3.7903e+02,5.5603e+02,5.5603e+02,5.5673e+02,5.5599e+02,5.5617e+02,3.0550e+02,5.5610e+02,5.5615e+02,5.5662e+02,5.5452e+02,1.0000e+00,1.0000e+00,1.0000e+00,1.0000e+00,1.0000e+00,1.0000e+00,1.0000e+00,6.7683e-01,0.0000e+00,0.0000e+00,0.0000e+00,0.0000e+00,1.2464e+05,0.0000e+00,6.7016e+06,6.7383e+06,0.0000e+00,6.6997e+06,1.0000e+00,9.9991e-01,1.0000e+00,1.0000e+00,1.0000e+00
4.8003e+02,4.0766e+00,3.8194e+00,5.5374e+00,8.8606e+00,1.2200e+01,1.2200e+01,3.2500e+09,0.0000e+00,1.2451e+02,1.2451e+02,5.8916e+02,5.9170e+02,6.0232e+02,6.0583e+02,6.0974e+02,6.1314e+02,6.1625e+02,6.1940e+02,6.1858e+02,6.2082e+02,6.1146e+02,6.1163e+02,1.5490e+07,6.7085e+06,9.1439e-09,0.0000e+00,4.5578e+02,1.3244e+03,0.0000e+00,4.3561e+03,1.2436e+04,4.1036e-05,0.0000e+00,0.0000e+00,1.4914e-06,0.0000e+00,0.0000e+00,0.0000e+00,5.3275e+03,0.0000e+00,0.0000e+00,5.3275e+03,5.3275e+03,6.1834e+02,6.0338e+02,6.1913e+02,5.7080e+02,3.0547e+02,3.0542e+02,3.0549e+02,3.7901e+02,5.5603e+02,5.5603e+02,5.5673e+02,5.5599e+02,5.5617e+02,3.0550e+02,5.5610e+02,5.5615e+02,5.5662e+02,5.5452e+02,1.0000e+00,1.0000e+00,1.0000e+00,1.0000e+00,1.0000e+00,1.0000e+00,1.0000e+00,6.7350e-01,0.0000e+00,0.0000e+00,0.0000e+00,0.0000e+00,1.2456e+05,0.0000e+00,6.7016e+06,6.7383e+06,0.0000e+00,6.6997e+06,1.0000e+00,9.9991e-01,1.0000e+00,1.0000e+00,1.0000e+00
4.8502e+02,4.0766e+00,3.8194e+00,5.5374e+00,8.8606e+00,1.2200e+01,1.2200e+01,3.2500e+09,0.0000e+00,1.2451e+02,1.2451e+02,5.8916e+02,5.9170e+02,6.0232e+02,6.0583e+02,6.0974e+02,6.1314e+02,6.1625e+02,6.1940e+02,6.1858e+02,6.2082e+02,6.1146e+02,6.1163e+02,1.5490e+07,6.7085e+06,8.8660e-09,0.0000e+00,4.5578e+02,1.3244e+03,0.0000e+00,4.3561e+03,1.2436e+04,3.9616e-05,0.0000e+00,0.0000e+00,1.3546e-06,0.0000e+00,0.0000e+00,0.0000e+00,5.3275e+03,0.0000e+00,0.0000e+00,5.3275e+03,5.3275e+03,6.1834e+02,6.0338e+02,6.1913e+02,5.7080e+02,3.0547e+02,3.0542e+02,3.0549e+02,3.7899e+02,5.5603e+02,5.5603e+02,5.5673e+02,5.5599e+02,5.5617e+02,3.0550e+02,5.5610e+02,5.5615e+02,5.5662e+02,5.5452e+02,1.0000e+00,1.0000e+00,1.0000e+00,1.0000e+00,1.0000e+00,1.0000e+00,1.0000e+00,6.7019e-01,0.0000e+00,0.0000e+00,0.0000e+00,0.0000e+00,1.2448e+05,0.0000e+00,6.7016e+06,6.7383e+06,0.0000e+00,6.6997e+06,1.0000e+00,9.9992e-01,1.0000e+00,1.0000e+00,1.0000e+00
4.9003e+02,4.0766e+00,3.8194e+00,5.5374e+00,8.8607e+00,1.2200e+01,1.2200e+01,3.2500e+09,0.0000e+00,1.2451e+02,1.2451e+02,5.8916e+02,5.9170e+02,6.0232e+02,6.0583e+02,6.0974e+02,6.1314e+02,6.1625e+02,6.1940e+02,6.1858e+02,6.2082e+02,6.1146e+02,6.1163e+02,1.5490e+07,6.7085e+06,8.5882e-09,0.0000e+00,4.5578e+02,1.3244e+03,0.0000e+00,4.3561e+03,1.2436e+04,3.8260e-05,0.0000e+00,0.0000e+00,1.2263e-06,0.0000e+00,0.0000e+00,0.0000e+00,5.3275e+03,0.0000e+00,0.0000e+00,5.3275e+03,5.3275e+03,6.1834e+02,6.0338e+02,6.1913e+02,5.7080e+02,3.0547e+02,3.0542e+02,3.0549e+02,3.7898e+02,5.5603e+02,5.5603e+02,5.5673e+02,5.5599e+02,5.5617e+02,3.0550e+02,5.5610e+02,5.5615e+02,5.5662e+02,5.5452e+02,1.0000e+00,1.0000e+00,1.0000e+00,1.0000e+00,1.0000e+00,1.0000e+00,1.0000e+00,6.6687e-01,0.0000e+00,0.0000e+00,0.0000e+00,0.0000e+00,1.2440e+05,0.0000e+00,6.7016e+06,6.7383e+06,0.0000e+00,6.6997e+06,1.0000e+00,9.9992e-01,1.0000e+00,1.0000e+00,1.0000e+00
4.9502e+02,4.0766e+00,3.8194e+00,5.5374e+00,8.8607e+00,1.2200e+01,1.2200e+01,3.2500e+09,0.0000e+00,1.2451e+02,1.2451e+02,5.8916e+02,5.9170e+02,6.0232e+02,6.0583e+02,6.0974e+02,6.1314e+02,6.1625e+02,6.1940e+02,6.1858e+02,6.2082e+02,6.1146e+02,6.1163e+02,1.5490e+07,6.7085e+06,8.4289e-09,0.0000e+00,4.5578e+02,1.3244e+03,0.0000e+00,4.3561e+03,1.2436e+04,3.6985e-05,0.0000e+00,0.0000e+00,1.1084e-06,0.0000e+00,0.0000e+00,0.0000e+00,5.3275e+03,0.0000e+00,0.0000e+00,5.3275e+03,5.3275e+03,6.1834e+02,6.0338e+02,6.1913e+02,5.7080e+02,3.0547e+02,3.0542e+02,3.0549e+02,3.7896e+02,5.5603e+02,5.5603e+02,5.5673e+02,5.5599e+02,5.5617e+02,3.0549e+02,5.5610e+02,5.5615e+02,5.5662e+02,5.5452e+02,1.0000e+00,1.0000e+00,1.0000e+00,1.0000e+00,1.0000e+00,1.0000e+00,1.0000e+00,6.6357e-01,0.0000e+00,0.0000e+00,0.0000e+00,0.0000e+00,1.2432e+05,0.0000e+00,6.7016e+06,6.7383e+06,0.0000e+00,6.6997e+06,1.0000e+00,9.9992e-01,1.0000e+00,1.0000e+00,1.0000e+00
5.0003e+02,4.0766e+00,3.8194e+00,5.5374e+00,8.8608e+00,1.2200e+01,1.2200e+01,3.2500e+09,0.0000e+00,1.2451e+02,1.2451e+02,5.8916e+02,5.9170e+02,6.0232e+02,6.0583e+02,6.0974e+02,6.1314e+02,6.1625e+02,6.1940e+02,6.1858e+02,6.2082e+02,6.1146e+02,6.1163e+02,1.5490e+07,6.7085e+06,8.1190e-09,0.0000e+00,4.5578e+02,1.3244e+03,0.0000e+00,4.3561e+03,1.2436e+04,3.5763e-05,0.0000e+00,0.0000e+00,9.9757e-07,0.0000e+00,0.0000e+00,0.0000e+00,5.3275e+03,0.0000e+00,0.0000e+00,5.3275e+03,5.3275e+03,6.1834e+02,6.0338e+02,6.1913e+02,5.7080e+02,3.0547e+02,3.0542e+02,3.0549e+02,3.7894e+02,5.5603e+02,5.5603e+02,5.5673e+02,5.5599e+02,5.5617e+02,3.0549e+02,5.5610e+02,5.5615e+02,5.5662e+02,5.5452e+02,1.0000e+00,1.0000e+00,1.0000e+00,1.0000e+00,1.0000e+00,1.0000e+00,1.0000e+00,6.6025e-01,0.0000e+00,0.0000e+00,0.0000e+00,0.0000e+00,1.2424e+05,0.0000e+00,6.7016e+06,6.7383e+06,0.0000e+00,6.6997e+06,1.0000e+00,9.9992e-01,1.0000e+00,1.0000e+00,1.0000e+00
5.0503e+02,4.0766e+00,3.8194e+00,5.5374e+00,8.6071e+00,1.1478e+01,1.1682e+01,2.5288e+08,0.0000e+00,9.0532e+01,9.1191e+01,5.8116e+02,5.8272e+02,5.8761e+02,5.8973e+02,5.9225e+02,5.9447e+02,5.9655e+02,5.9875e+02,5.9858e+02,6.0040e+02,5.9649e+02,5.9685e+02,1.4721e+07,7.9627e+06,4.5049e-02,0.0000e+00,0.0000e+00,0.0000e+00,0.0000e+00,3.2807e+03,9.0455e+03,9.2410e-01,0.0000e+00,0.0000e+00,1.8110e-01,0.0000e+00,0.0000e+00,0.0000e+00,2.9938e+03,0.0000e+00,0.0000e+00,2.5018e+03,1.7473e+03,6.1406e+02,5.9201e+02,6.1459e+02,5.7061e+02,3.0547e+02,3.0542e+02,3.0549e+02,3.7892e+02,5.7731e+02,5.6779e+02,5.6839e+02,5.5018e+02,5.6790e+02,3.0555e+02,5.6786e+02,5.6674e+02,5.6819e+02,5.6248e+02,1.0000e+00,1.0000e+00,1.0000e+00,1.0000e+00,1.0000e+00,1.0000e+00,1.0000e+00,6.5695e-01,0.0000e+00,0.0000e+00,0.0000e+00,0.0000e+00,1.2416e+05,0.0000e+00,7.9584e+06,7.9950e+06,0.0000e+00,7.9581e+06,1.0000e+00,9.7838e-01,1.0000e+00,1.0000e+00,1.0000e+00
5.1003e+02,4.0766e+00,3.8194e+00,5.5374e+00,8.1653e+00,9.9271e+00,1.0995e+01,2.0767e+08,0.0000e+00,7.0578e+01,7.1407e+01,5.7875e+02,5.7963e+02,5.8243e+02,5.8366e+02,5.8506e+02,5.8634e+02,5.8756e+02,5.8885e+02,5.8897e+02,5.9009e+02,5.8772e+02,5.8787e+02,1.3837e+07,7.9019e+06,-2.3043e-02,0.0000e+00,0.0000e+00,0.0000e+00,0.0000e+00,2.5591e+03,7.0142e+03,-3.3672e-01,0.0000e+00,0.0000e+00,-5.1108e-02,0.0000e+00,0.0000e+00,0.0000e+00,2.3961e+03,0.0000e+00,0.0000e+00,3.3838e+03,3.4225e+03,6.0906e+02,5.8476e+02,6.0947e+02,5.7277e+02,3.0547e+02,3.0542e+02,3.0549e+02,3.7890e+02,5.7636e+02,5.6727e+02,5.6789e+02,5.4919e+02,5.6739e+02,3.0557e+02,5.6714e+02,5.6733e+02,5.6776e+02,5.6552e+02,1.0000e+00,1.0000e+00,1.0000e+00,1.0000e+00,1.0000e+00,1.0000e+00,1.0000e+00,6.5364e-01,0.0000e+00,0.0000e+00,0.0000e+00,0.0000e+00,1.2408e+05,0.0000e+00,7.9002e+06,7.9368e+06,0.0000e+00,7.8992e+06,1.0000e+00,9.8796e-01,1.0000e+00,1.0000e+00,1.0000e+00
5.1500e+02,4.0766e+00,3.8194e+00,5.5374e+00,7.6467e+00,8.6010e+00,9.3155e+00,1.8569e+08,0.0000e+00,5.7445e+01,5.8274e+01,5.7844e+02,5.7908e+02,5.8118e+02,5.8207e+02,5.8308e+02,5.8399e+02,5.8487e+02,5.8580e+02,5.8589e+02,5.8669e+02,5.8493e+02,5.8498e+02,1.3377e+07,7.6704e+06,-1.3889e-02,0.0000e+00,0.0000e+00,0.0000e+00,0.0000e+00,2.0858e+03,5.6646e+03,-2.1923e-01,0.0000e+00,0.0000e+00,-3.0414e-02,0.0000e+00,0.0000e+00,0.0000e+00,9.1559e+02,0.0000e+00,0.0000e+00,1.7386e+03,2.2239e+03,6.0636e+02,5.8298e+02,6.0670e+02,5.7451e+02,3.0547e+02,3.0542e+02,3.0549e+02,3.7888e+02,5.7252e+02,5.6517e+02,5.6580e+02,5.4913e+02,5.6530e+02,3.0556e+02,5.6523e+02,5.6622e+02,5.6566e+02,5.6593e+02,1.0000e+00,1.0000e+00,1.0000e+00,1.0000e+00,1.0000e+00,1.0000e+00,1.0000e+00,6.5035e-01,0.0000e+00,0.0000e+00,0.0000e+00,0.0000e+00,1.2400e+05,0.0000e+00,7.6650e+06,7.7016e+06,0.0000e+00,7.6636e+06,1.0000e+00,9.9510e-01,1.0000e+00,1.0000e+00,1.0000e+00
5.2007e+02,4.0766e+00,3.8194e+00,5.5374e+00,7.1650e+00,7.9264e+00,8.1264e+00,1.7166e+08,0.0000e+00,4.7817e+01,4.8603e+01,5.7635e+02,5.7696e+02,5.7882e+02,5.7964e+02,5.8054e+02,5.8137e+02,5.8216e+02,5.8299e+02,5.8314e+02,5.8385e+02,5.8245e+02,5.8253e+02,1.2993e+07,7.7256e+06,1.9602e-02,0.0000e+00,0.0000e+00,0.0000e+00,0.0000e+00,1.7358e+03,4.7322e+03,3.7744e-01,0.0000e+00,0.0000e+00,7.7784e-02,0.0000e+00,0.0000e+00,0.0000e+00,1.1199e+03,0.0000e+00,0.0000e+00,7.3474e+02,4.7505e+02,6.0407e+02,5.8122e+02,6.0437e+02,5.7309e+02,3.0547e+02,3.0542e+02,3.0549e+02,3.7886e+02,5.7252e+02,5.6568e+02,5.6631e+02,5.4828e+02,5.6580e+02,3.0559e+02,5.6574e+02,5.6526e+02,5.6613e+02,5.6549e+02,1.0000e+00,1.0000e+00,1.0000e+00,1.0000e+00,1.0000e+00,1.0000e+00,1.0000e+00,6.4701e-01,0.0000e+00,0.0000e+00,0.0000e+00,0.0000e+00,1.2392e+05,0.0000e+00,7.7216e+06,7.7583e+06,0.0000e+00,7.7205e+06,1.0000e+00,9.9407e-01,1.0000e+00,1.0000e+00,1.0000e+00
5.2501e+02,4.0766e+00,3.8194e+00,5.5374e+00,6.8859e+00,7.7176e+00,7.5811e+00,1.6183e+08,0.0000e+00,4.0693e+01,4.1430e+01,5.7385e+02,5.7446e+02,5.7624e+02,5.7703e+02,5.7790e+02,5.7870e+02,5.7948e+02,5.8027e+02,5.8045e+02,5.8114e+02,5.7986e+02,5.7997e+02,1.2828e+07,7.8819e+06,5.7195e-03,0.0000e+00,0.0000e+00,0.0000e+00,0.0000e+00,1.4817e+03,4.0578e+03,1.3721e-01,0.0000e+00,0.0000e+00,2.2941e-02,0.0000e+00,0.0000e+00,0.0000e+00,7.6702e+02,0.0000e+00,0.0000e+00,5.6099e+02,2.7726e+02,6.0305e+02,5.7888e+02,6.0333e+02,5.7079e+02,3.0547e+02,3.0542e+02,3.0549e+02,3.7884e+02,5.7436e+02,5.6710e+02,5.6771e+02,5.4762e+02,5.6721e+02,3.0561e+02,5.6722e+02,5.6706e+02,5.6754e+02,5.6720e+02,1.0000e+00,1.0000e+00,1.0000e+00,1.0000e+00,1.0000e+00,1.0000e+00,1.0000e+00,6.4375e-01,0.0000e+00,0.0000e+00,0.0000e+00,0.0000e+00,1.2384e+05,0.0000e+00,7.8801e+06,7.9168e+06,0.0000e+00,7.8789e+06,1.0000e+00,9.9337e-01,1.0000e+00,1.0000e+00,1.0000e+00
5.3001e+02,4.0766e+00,3.8194e+00,5.5374e+00,6.6929e+00,7.4896e+00,7.3009e+00,1.5408e+08,0.0000e+00,3.4984e+01,3.5675e+01,5.7205e+02,5.7263e+02,5.7440e+02,5.7518e+02,5.7603e+02,5.7682e+02,5.7758e+02,5.7836e+02,5.7852e+02,5.7920e+02,5.7790e+02,5.7802e+02,1.2742e+07,7.9399e+06,2.6487e-03,0.0000e+00,0.0000e+00,0.0000e+00,0.0000e+00,1.2762e+03,3.5108e+03,7.5810e-02,0.0000e+00,0.0000e+00,1.0851e-02,0.0000e+00,0.0000e+00,0.0000e+00,4.9807e+02,0.0000e+00,0.0000e+00,3.5533e+02,1.2213e+02,6.0252e+02,5.7692e+02,6.0278e+02,5.6907e+02,3.0547e+02,3.0542e+02,3.0549e+02,3.7883e+02,5.7501e+02,5.6761e+02,5.6822e+02,5.4738e+02,5.6773e+02,3.0561e+02,5.6771e+02,5.6763e+02,5.6805e+02,5.6788e+02,1.0000e+00,1.0000e+00,1.0000e+00,1.0000e+00,1.0000e+00,1.0000e+00,1.0000e+00,6.4045e-01,0.0000e+00,0.0000e+00,0.0000e+00,0.0000e+00,1.2376e+05,0.0000e+00,7.9385e+06,7.9751e+06,0.0000e+00,7.9372e+06,1.0000e+00,9.9474e-01,1.0000e+00,1.0000e+00,1.0000e+00
5.3501e+02,4.0766e+00,3.8194e+00,5.5374e+00,6.5694e+00,7.6638e+00,7.1621e+00,1.4778e+08,0.0000e+00,3.0331e+01,3.0977e+01,5.7144e+02,5.7198e+02,5.7377e+02,5.7452e+02,5.7535e+02,5.7612e+02,5.7685e+02,5.7761e+02,5.7773e+02,5.7838e+02,5.7698e+02,5.7707e+02,1.2725e+07,7.9621e+06,6.0280e-04,0.0000e+00,0.0000e+00,0.0000e+00,0.0000e+00,1.1062e+03,3.0596e+03,3.1929e-02,0.0000e+00,0.0000e+00,2.8164e-03,0.0000e+00,0.0000e+00,0.0000e+00,-3.2113e+02,0.0000e+00,0.0000e+00,-1.0077e+03,-2.4934e+03,6.0241e+02,5.7582e+02,6.0266e+02,5.6852e+02,3.0547e+02,3.0542e+02,3.0549e+02,3.7881e+02,5.7523e+02,5.6780e+02,5.6841e+02,5.4729e+02,5.6792e+02,3.0560e+02,5.6797e+02,5.6783e+02,5.6827e+02,5.6819e+02,1.0000e+00,1.0000e+00,1.0000e+00,1.0000e+00,1.0000e+00,1.0000e+00,1.0000e+00,6.3715e-01,0.0000e+00,0.0000e+00,0.0000e+00,0.0000e+00,1.2368e+05,0.0000e+00,7.9607e+06,7.9974e+06,0.0000e+00,7.9595e+06,1.0000e+00,9.9615e-01,1.0000e+00,1.0000e+00,1.0000e+00
5.4001e+02,4.0766e+00,3.8194e+00,5.5374e+00,6.4961e+00,8.0766e+00,7.3145e+00,1.4249e+08,0.0000e+00,2.6433e+01,2.7038e+01,5.7160e+02,5.7213e+02,5.7399e+02,5.7475e+02,5.7559e+02,5.7636e+02,5.7709e+02,5.7785e+02,5.7793e+02,5.7856e+02,5.7704e+02,5.7709e+02,1.2734e+07,7.9603e+06,-1.2059e-03,0.0000e+00,0.0000e+00,0.0000e+00,0.0000e+00,9.6547e+02,2.6773e+03,-6.7155e-03,0.0000e+00,0.0000e+00,-2.2818e-03,0.0000e+00,0.0000e+00,0.0000e+00,3.6379e+02,0.0000e+00,0.0000e+00,6.9517e+02,9.9159e+02,6.0246e+02,5.7567e+02,6.0269e+02,5.6862e+02,3.0547e+02,3.0542e+02,3.0549e+02,3.7879e+02,5.7516e+02,5.6779e+02,5.6840e+02,5.4728e+02,5.6791e+02,3.0559e+02,5.6790e+02,5.6781e+02,5.6825e+02,5.6825e+02,1.0000e+00,1.0000e+00,1.0000e+00,1.0000e+00,1.0000e+00,1.0000e+00,1.0000e+00,6.3386e-01,0.0000e+00,0.0000e+00,0.0000e+00,0.0000e+00,1.2360e+05,0.0000e+00,7.9589e+06,7.9956e+06,0.0000e+00,7.9577e+06,1.0000e+00,9.9736e-01,1.0000e+00,1.0000e+00,1.0000e+00
5.4501e+02,4.0766e+00,3.8194e+00,5.5374e+00,6.4578e+00,7.8038e+00,7.7895e+00,1.3795e+08,0.0000e+00,2.3092e+01,2.3661e+01,5.7199e+02,5.7255e+02,5.7452e+02,5.7533e+02,5.7622e+02,5.7702e+02,5.7779e+02,5.7857e+02,5.7863e+02,5.7928e+02,5.7763e+02,5.7765e+02,1.2750e+07,7.9355e+06,-1.8458e-03,0.0000e+00,0.0000e+00,0.0000e+00,0.0000e+00,8.4690e+02,2.3499e+03,-2.3326e-02,0.0000e+00,0.0000e+00,-3.7327e-03,0.0000e+00,0.0000e+00,0.0000e+00,1.1982e+02,0.0000e+00,0.0000e+00,1.8739e+02,4.5420e+02,6.0255e+02,5.7610e+02,6.0278e+02,5.6886e+02,3.0547e+02,3.0542e+02,3.0549e+02,3.7877e+02,5.7479e+02,5.6757e+02,5.6818e+02,5.4727e+02,5.6769e+02,3.0558e+02,5.6753e+02,5.6759e+02,5.6804e+02,5.6818e+02,1.0000e+00,1.0000e+00,1.0000e+00,1.0000e+00,1.0000e+00,1.0000e+00,1.0000e+00,6.3056e-01,0.0000e+00,0.0000e+00,0.0000e+00,0.0000e+00,1.2352e+05,0.0000e+00,7.9341e+06,7.9708e+06,0.0000e+00,7.9328e+06,1.0000e+00,9.9833e-01,1.0000e+00,1.0000e+00,1.0000e+00
5.5001e+02,4.0766e+00,3.8194e+00,5.5374e+00,6.4383e+00,7.9360e+00,7.5853e+00,1.3399e+08,0.0000e+00,2.0172e+01,2.0709e+01,5.7239e+02,5.7300e+02,5.7513e+02,5.7601e+02,5.7696e+02,5.7783e+02,5.7865e+02,5.7949e+02,5.7955e+02,5.8023e+02,5.7846e+02,5.7846e+02,1.2770e+07,7.9047e+06,-2.0876e-03,0.0000e+00,0.0000e+00,0.0000e+00,0.0000e+00,7.4498e+02,2.0691e+03,-3.1278e-02,0.0000e+00,0.0000e+00,-4.2824e-03,0.0000e+00,0.0000e+00,0.0000e+00,1.5972e+02,0.0000e+00,0.0000e+00,2.0840e+02,3.6625e+02,6.0267e+02,5.7679e+02,6.0289e+02,5.6904e+02,3.0547e+02,3.0541e+02,3.0549e+02,3.7875e+02,5.7432e+02,5.6730e+02,5.6791e+02,5.4726e+02,5.6742e+02,3.0557e+02,5.6727e+02,5.6732e+02,5.6777e+02,5.6801e+02,1.0000e+00,1.0000e+00,1.0000e+00,1.0000e+00,1.0000e+00,1.0000e+00,1.0000e+00,6.2727e-01,0.0000e+00,0.0000e+00,0.0000e+00,0.0000e+00,1.2344e+05,0.0000e+00,7.9034e+06,7.9401e+06,0.0000e+00,7.9021e+06,1.0000e+00,9.9900e-01,1.0000e+00,1.0000e+00,1.0000e+00
5.5500e+02,4.0766e+00,3.8194e+00,5.5374e+00,6.4270e+00,7.8899e+00,7.6125e+00,1.3051e+08,0.0000e+00,1.7581e+01,1.8090e+01,5.7276e+02,5.7344e+02,5.7574e+02,5.7670e+02,5.7774e+02,5.7868e+02,5.7957e+02,5.8048e+02,5.8055e+02,5.8128e+02,5.7938e+02,5.7937e+02,1.2782e+07,7.8422e+06,5.7911e+01,4.9865e+01,0.0000e+00,0.0000e+00,0.0000e+00,6.5621e+02,1.8223e+03,2.5597e+01,0.0000e+00,0.0000e+00,2.4085e+01,0.0000e+00,0.0000e+00,0.0000e+00,8.7429e+01,0.0000e+00,0.0000e+00,8.7128e+01,2.5197e+02,6.0274e+02,5.7756e+02,6.0295e+02,5.6913e+02,3.0549e+02,3.0545e+02,3.0551e+02,3.7873e+02,5.6797e+02,5.6673e+02,5.6584e+02,5.1861e+02,5.6598e+02,5.6125e+02,5.6667e+02,5.6677e+02,5.6722e+02,5.6763e+02,1.0000e+00,1.0000e+00,1.0000e+00,1.0000e+00,1.0000e+00,1.0000e+00,1.0000e+00,6.2399e-01,0.0000e+00,0.0000e+00,0.0000e+00,0.0000e+00,1.2335e+05,0.0000e+00,7.8261e+06,7.7359e+06,0.0000e+00,7.8378e+06,2.0953e-01,1.8766e-02,9.9871e-01,8.5048e-01,9.9975e-01
5.6004e+02,4.0766e+00,3.8194e+00,5.5374e+00,6.4167e+00,7.8218e+00,7.6751e+00,1.2739e+08,0.0000e+00,1.5226e+01,1.5712e+01,5.7309e+02,5.7384e+02,5.7634e+02,5.7739e+02,5.7853e+02,5.7956e+02,5.8053e+02,5.8152e+02,5.8160e+02,5.8239e+02,5.8034e+02,5.8034e+02,1.2784e+07,7.7786e+06,3.1774e+01,3.5257e+01,0.0000e+00,0.0000e+00,0.0000e+00,5.7892e+02,1.6075e+03,2.3736e+01,0.0000e+00,0.0000e+00,2.3390e+01,0.0000e+00,0.0000e+00,0.0000e+00,9.2516e+01,0.0000e+00,0.0000e+00,1.5230e+02,2.6637e+02,6.0275e+02,5.7837e+02,6.0296e+02,5.6915e+02,3.0554e+02,3.0550e+02,3.0556e+02,3.7871e+02,5.6680e+02,5.6617e+02,5.6555e+02,5.6018e+02,5.6570e+02,5.6014e+02,5.6611e+02,5.6620e+02,5.6666e+02,5.6709e+02,1.0000e+00,1.0000e+00,1.0000e+00,1.0000e+00,1.0000e+00,1.0000e+00,1.0000e+00,6.2069e-01,0.0000e+00,0.0000e+00,0.0000e+00,0.0000e+00,1.2327e+05,0.0000e+00,7.7648e+06,7.7042e+06,0.0000e+00,7.7745e+06,2.9595e-01,2.1329e-02,9.7555e-01,2.2411e-01,9.9976e-01
5.6501e+02,4.0766e+00,3.8194e+00,5.5374e+00,6.4073e+00,7.7635e+00,7.6432e+00,1.2463e+08,0.0000e+00,1.3101e+01,1.3567e+01,5.7338e+02,5.7421e+02,5.7693e+02,5.7809e+02,5.7934e+02,5.8047e+02,5.8153e+02,5.8260e+02,5.8270e+02,5.8355e+02,5.8134e+02,5.8133e+02,1.2783e+07,7.7186e+06,2.3377e+01,2.8541e+01,0.0000e+00,0.0000e+00,0.0000e+00,5.1161e+02,1.4202e+03,2.3177e+01,0.0000e+00,0.0000e+00,2.3007e+01,0.0000e+00,0.0000e+00,0.0000e+00,2.1699e+02,0.0000e+00,0.0000e+00,7.6924e+02,-3.1093e+03,6.0274e+02,5.7920e+02,6.0295e+02,5.6910e+02,3.0558e+02,3.0555e+02,3.0561e+02,3.7869e+02,5.6572e+02,5.6563e+02,5.6513e+02,5.5990e+02,5.6519e+02,5.5987e+02,5.6558e+02,5.6567e+02,5.6611e+02,5.6658e+02,1.0000e+00,1.0000e+00,1.0000e+00,1.0000e+00,1.0000e+00,1.0000e+00,1.0000e+00,6.1744e-01,0.0000e+00,0.0000e+00,0.0000e+00,0.0000e+00,1.2319e+05,0.0000e+00,7.7043e+06,7.6528e+06,0.0000e+00,7.7146e+06,2.9369e-01,2.1918e-02,8.7300e-01,3.5685e-01,9.9926e-01
5.7001e+02,4.0766e+00,3.8194e+00,5.5374e+00,6.3972e+00,7.7926e+00,7.3660e+00,1.2213e+08,0.0000e+00,1.1125e+01,1.1576e+01,5.7367e+02,5.7459e+02,5.7755e+02,5.7883e+02,5.8019e+02,5.8143e+02,5.8258e+02,5.8375e+02,5.8386e+02,5.8479e+02,5.8240e+02,5.8239e+02,1.2779e+07,7.6612e+06,1.9914e+01,2.5594e+01,0.0000e+00,0.0000e+00,0.0000e+00,4.5130e+02,1.2534e+03,2.3163e+01,0.0000e+00,0.0000e+00,2.3061e+01,0.0000e+00,0.0000e+00,0.0000e+00,-2.2107e+02,0.0000e+00,0.0000e+00,-1.4234e+03,2.0038e+02,6.0272e+02,5.8006e+02,6.0292e+02,5.6902e+02,3.0562e+02,3.0559e+02,3.0565e+02,3.7867e+02,5.6504e+02,5.6512e+02,5.6464e+02,5.5830e+02,5.6469e+02,5.5944e+02,5.6507e+02,5.6515e+02,5.6560e+02,5.6607e+02,1.0000e+00,1.0000e+00,1.0000e+00,1.0000e+00,1.0000e+00,1.0000e+00,1.0000e+00,6.1417e-01,0.0000e+00,0.0000e+00,0.0000e+00,0.0000e+00,1.2311e+05,0.0000e+00,7.6489e+06,7.5971e+06,0.0000e+00,7.6573e+06,2.7464e-01,2.1306e-02,6.8180e-01,6.2117e-01,9.9449e-01
5.7500e+02,4.0766e+00,3.8194e+00,5.5374e+00,6.3884e+00,7.7914e+00,7.7862e+00,1.1987e+08,0.0000e+00,9.2798e+00,9.7176e+00,5.7398e+02,5.7499e+02,5.7822e+02,5.7962e+02,5.8111e+02,5.8246e+02,5.8372e+02,5.8499e+02,5.8511e+02,5.8610e+02,5.8351e+02,5.8351e+02,1.2777e+07,7.6130e+06,2.1988e+01,2.5067e+01,0.0000e+00,0.0000e+00,0.0000e+00,3.9758e+02,1.1060e+03,2.2313e+01,0.0000e+00,0.0000e+00,2.3108e+01,0.0000e+00,0.0000e+00,0.0000e+00,2.0202e+02,0.0000e+00,0.0000e+00,5.6632e+02,5.5009e+02,6.0270e+02,5.8096e+02,6.0291e+02,5.6891e+02,3.0566e+02,3.0563e+02,3.0570e+02,3.7866e+02,5.6461e+02,5.6468e+02,5.6419e+02,5.5784e+02,5.6423e+02,5.5800e+02,5.6464e+02,5.6472e+02,5.6517e+02,5.6563e+02,1.0000e+00,1.0000e+00,1.0000e+00,1.0000e+00,1.0000e+00,1.0000e+00,1.0000e+00,6.1090e-01,0.0000e+00,0.0000e+00,0.0000e+00,0.0000e+00,1.2304e+05,0.0000e+00,7.5986e+06,7.5476e+06,0.0000e+00,7.6093e+06,2.7511e-01,1.9824e-02,7.5876e-01,6.2255e-01,9.7568e-01
5.8003e+02,4.0766e+00,3.8194e+00,5.5374e+00,6.3834e+00,7.8538e+00,7.4861e+00,1.1779e+08,0.0000e+00,7.5251e+00,7.9532e+00,5.7430e+02,5.7542e+02,5.7894e+02,5.8047e+02,5.8210e+02,5.8358e+02,5.8495e+02,5.8633e+02,5.8646e+02,5.8753e+02,5.8472e+02,5.8474e+02,1.2778e+07,7.5633e+06,2.3104e+01,2.5728e+01,0.0000e+00,0.0000e+00,0.0000e+00,3.5113e+02,9.7642e+02,2.2915e+01,0.0000e+00,0.0000e+00,2.2851e+01,0.0000e+00,0.0000e+00,0.0000e+00,5.4491e+01,0.0000e+00,0.0000e+00,8.5174e+01,1.8058e+02,6.0271e+02,5.8192e+02,6.0291e+02,5.6879e+02,3.0571e+02,3.0567e+02,3.0574e+02,3.7864e+02,5.6416e+02,5.6423e+02,5.6369e+02,5.5755e+02,5.6375e+02,5.5840e+02,5.6419e+02,5.6426e+02,5.6472e+02,5.6514e+02,1.0000e+00,1.0000e+00,1.0000e+00,1.0000e+00,1.0000e+00,1.0000e+00,1.0000e+00,6.0762e-01,0.0000e+00,0.0000e+00,0.0000e+00,0.0000e+00,1.2295e+05,0.0000e+00,7.5448e+06,7.4931e+06,0.0000e+00,7.5593e+06,2.7664e-01,2.1251e-02,7.9035e-01,6.0671e-01,8.9951e-01
5.8502e+02,4.0766e+00,3.8194e+00,5.5374e+00,6.3817e+00,7.6943e+00,7.5757e+00,1.1591e+08,0.0000e+00,5.8655e+00,6.2864e+00,5.7460e+02,5.7582e+02,5.7962e+02,5.8130e+02,5.8307e+02,5.8467e+02,5.8616e+02,5.8766e+02,5.8780e+02,5.8896e+02,5.8595e+02,5.8602e+02,1.2781e+07,7.5122e+06,2.2739e+01,2.3068e+01,0.0000e+00,0.0000e+00,0.0000e+00,3.1184e+02,8.7080e+02,2.2866e+01,0.0000e+00,0.0000e+00,2.2642e+01,0.0000e+00,0.0000e+00,0.0000e+00,7.2346e+01,0.0000e+00,0.0000e+00,1.0232e+02,1.7792e+02,6.0273e+02,5.8295e+02,6.0293e+02,5.6867e+02,3.0575e+02,3.0572e+02,3.0579e+02,3.7862e+02,5.6369e+02,5.6376e+02,5.6322e+02,5.5709e+02,5.6326e+02,5.5792e+02,5.6372e+02,5.6380e+02,5.6426e+02,5.6466e+02,1.0000e+00,1.0000e+00,1.0000e+00,1.0000e+00,1.0000e+00,1.0000e+00,1.0000e+00,6.0436e-01,0.0000e+00,0.0000e+00,0.0000e+00,0.0000e+00,1.2287e+05,0.0000e+00,7.4910e+06,7.4405e+06,0.0000e+00,7.5084e+06,2.7543e-01,2.1643e-02,7.8219e-01,6.0521e-01,8.0133e-01
5.9004e+02,4.0766e+00,3.8194e+00,5.5374e+00,6.3822e+00,7.5300e+00,7.5980e+00,1.1418e+08,0.0000e+00,4.2623e+00,4.6779e+00,5.7493e+02,5.7626e+02,5.8036e+02,5.8217e+02,5.8409e+02,5.8582e+02,5.8743e+02,5.8904e+02,5.8920e+02,5.9043e+02,5.8721e+02,5.8728e+02,1.2786e+07,7.4597e+06,2.2786e+01,2.2968e+01,0.0000e+00,0.0000e+00,0.0000e+00,2.7726e+02,7.7994e+02,2.2571e+01,0.0000e+00,0.0000e+00,2.2502e+01,0.0000e+00,0.0000e+00,0.0000e+00,4.0777e+02,0.0000e+00,0.0000e+00,7.5720e+02,1.2653e+03,6.0275e+02,5.8399e+02,6.0295e+02,5.6854e+02,3.0579e+02,3.0576e+02,3.0583e+02,3.7860e+02,5.6320e+02,5.6328e+02,5.6272e+02,5.5661e+02,5.6274e+02,5.5729e+02,5.6324e+02,5.6332e+02,5.6375e+02,5.6421e+02,1.0000e+00,1.0000e+00,1.0000e+00,1.0000e+00,1.0000e+00,1.0000e+00,1.0000e+00,6.0108e-01,0.0000e+00,0.0000e+00,0.0000e+00,0.0000e+00,1.2280e+05,0.0000e+00,7.4365e+06,7.3861e+06,0.0000e+00,7.4557e+06,2.7533e-01,2.1727e-02,7.7805e-01,6.0339e-01,7.8741e-01
5.9501e+02,4.0766e+00,3.8194e+00,5.5374e+00,6.3838e+00,7.8838e+00,7.1803e+00,1.1260e+08,0.0000e+00,2.7293e+00,3.1411e+00,5.7524e+02,5.7669e+02,5.8108e+02,5.8305e+02,5.8512e+02,5.8698e+02,5.8870e+02,5.9042e+02,5.9060e+02,5.9192e+02,5.8848e+02,5.8855e+02,1.2792e+07,7.4623e+06,2.2267e+01,2.2121e+01,0.0000e+00,0.0000e+00,0.0000e+00,2.5028e+02,7.0970e+02,2.3184e+01,0.0000e+00,0.0000e+00,2.2531e+01,0.0000e+00,0.0000e+00,0.0000e+00,2.2653e+01,0.0000e+00,0.0000e+00,-2.6846e+02,-2.2541e+03,6.0279e+02,5.8501e+02,6.0299e+02,5.6842e+02,3.0583e+02,3.0579e+02,3.0588e+02,3.7858e+02,5.6346e+02,5.6329e+02,5.6274e+02,5.5650e+02,5.6279e+02,5.5749e+02,5.6345e+02,5.6334e+02,5.6379e+02,5.6385e+02,1.0000e+00,1.0000e+00,1.0000e+00,1.0000e+00,1.0000e+00,1.0000e+00,1.0000e+00,5.9784e-01,0.0000e+00,0.0000e+00,0.0000e+00,0.0000e+00,1.2272e+05,0.0000e+00,7.4405e+06,7.3893e+06,0.0000e+00,7.4579e+06,2.7692e-01,2.1395e-02,7.8008e-01,5.9907e-01,7.8249e-01
6.0001e+02,4.0766e+00,3.8194e+00,5.5374e+00,6.3993e+00,7.7403e+00,7.6965e+00,1.1113e+08,0.0000e+00,1.2277e+00,1.6375e+00,5.7547e+02,5.7701e+02,5.8166e+02,5.8377e+02,5.8598e+02,5.8798e+02,5.8983e+02,5.9167e+02,5.9189e+02,5.9329e+02,5.8972e+02,5.8979e+02,1.2817e+07,7.4977e+06,2.4153e+01,2.3945e+01,0.0000e+00,0.0000e+00,0.0000e+00,2.3091e+02,6.6438e+02,2.3294e+01,0.0000e+00,0.0000e+00,2.2836e+01,0.0000e+00,0.0000e+00,0.0000e+00,2.1469e+02,0.0000e+00,0.0000e+00,3.7762e+02,5.7972e+02,6.0294e+02,5.8607e+02,6.0314e+02,5.6830e+02,3.0588e+02,3.0583e+02,3.0592e+02,3.7856e+02,5.6390e+02,5.6362e+02,5.6307e+02,5.5686e+02,5.6315e+02,5.5780e+02,5.6373e+02,5.6366e+02,5.6413e+02,5.6395e+02,1.0000e+00,1.0000e+00,1.0000e+00,1.0000e+00,1.0000e+00,1.0000e+00,1.0000e+00,5.9458e-01,0.0000e+00,0.0000e+00,0.0000e+00,0.0000e+00,1.2264e+05,0.0000e+00,7.4806e+06,7.4269e+06,0.0000e+00,7.4934e+06,2.8770e-01,2.1258e-02,7.8575e-01,5.9600e-01,7.9008e-01
6.0504e+02,4.0766e+00,3.8194e+00,5.5374e+00,6.4218e+00,7.9502e+00,7.3427e+00,1.0975e+08,0.0000e+00,0.0000e+00,1.5487e-01,5.7553e+02,5.7717e+02,5.8198e+02,5.8421e+02,5.8655e+02,5.8868e+02,5.9065e+02,5.9261e+02,5.9291e+02,5.9441e+02,5.9081e+02,5.9092e+02,1.2848e+07,7.5142e+06,2.3911e+01,2.4253e+01,0.0000e+00,0.0000e+00,0.0000e+00,2.2044e+02,6.4287e+02,2.2890e+01,0.0000e+00,0.0000e+00,2.2734e+01,0.0000e+00,0.0000e+00,0.0000e+00,6.8850e+01,0.0000e+00,0.0000e+00,-1.7375e+02,-1.2845e+03,6.0313e+02,5.8714e+02,6.0333e+02,5.6817e+02,3.0592e+02,3.0587e+02,3.0597e+02,3.7854e+02,5.6408e+02,5.6378e+02,5.6321e+02,5.5712e+02,5.6327e+02,5.5837e+02,5.6386e+02,5.6382e+02,5.6428e+02,5.6411e+02,1.0000e+00,1.0000e+00,1.0000e+00,1.0000e+00,1.0000e+00,1.0000e+00,1.0000e+00,5.9130e-01,0.0000e+00,0.0000e+00,0.0000e+00,0.0000e+00,1.2256e+05,0.0000e+00,7.4980e+06,7.4436e+06,0.0000e+00,7.5102e+06,3.0076e-01,2.1351e-02,7.7489e-01,5.7663e-01,7.9645e-01
6.1001e+02,4.0766e+00,3.8194e+00,5.5374e+00,6.4454e+00,7.7781e+00,7.4975e+00,1.0849e+08,0.0000e+00,0.0000e+00,0.0000e+00,5.7540e+02,5.7708e+02,5.8194e+02,5.8425e+02,5.8669e+02,5.8891e+02,5.9099e+02,5.9306e+02,5.9348e+02,5.9508e+02,5.9159e+02,5.9177e+02,1.2879e+07,7.5335e+06,2.2857e+01,2.3496e+01,0.0000e+00,0.0000e+00,0.0000e+00,2.1897e+02,6.4499e+02,2.3014e+01,0.0000e+00,0.0000e+00,2.3497e+01,0.0000e+00,0.0000e+00,0.0000e+00,6.5564e+01,0.0000e+00,0.0000e+00,1.4177e+02,3.0804e+02,6.0332e+02,5.8810e+02,6.0351e+02,5.6804e+02,3.0596e+02,3.0591e+02,3.0601e+02,3.7852e+02,5.6444e+02,5.6395e+02,5.6345e+02,5.5741e+02,5.6359e+02,5.5747e+02,5.6405e+02,5.6399e+02,5.6446e+02,5.6426e+02,1.0000e+00,1.0000e+00,1.0000e+00,1.0000e+00,1.0000e+00,1.0000e+00,1.0000e+00,5.8806e-01,0.0000e+00,0.0000e+00,0.0000e+00,0.0000e+00,1.2248e+05,0.0000e+00,7.5391e+06,7.4740e+06,0.0000e+00,7.5294e+06,3.0188e-01,1.9240e-02,7.5645e-01,5.6814e-01,7.8961e-01
6.1501e+02,4.0766e+00,3.8194e+00,5.5374e+00,6.4690e+00,7.8802e+00,7.4916e+00,1.0731e+08,0.0000e+00,0.0000e+00,0.0000e+00,5.7513e+02,5.7682e+02,5.8165e+02,5.8398e+02,5.8646e+02,5.8875e+02,5.9090e+02,5.9306e+02,5.9359e+02,5.9530e+02,5.9198e+02,5.9226e+02,1.2911e+07,7.5514e+06,2.2528e+01,2.3125e+01,0.0000e+00,0.0000e+00,0.0000e+00,2.2258e+02,6.5321e+02,2.2780e+01,0.0000e+00,0.0000e+00,2.2740e+01,0.0000e+00,0.0000e+00,0.0000e+00,9.5066e+01,0.0000e+00,0.0000e+00,3.4702e+02,2.7400e+02,6.0351e+02,5.8887e+02,6.0371e+02,5.6788e+02,3.0600e+02,3.0595e+02,3.0606e+02,3.7851e+02,5.6471e+02,5.6412e+02,5.6359e+02,5.5763e+02,5.6365e+02,5.5773e+02,5.6421e+02,5.6415e+02,5.6462e+02,5.6441e+02,1.0000e+00,1.0000e+00,1.0000e+00,1.0000e+00,1.0000e+00,1.0000e+00,1.0000e+00,5.8480e-01,0.0000e+00,0.0000e+00,0.0000e+00,0.0000e+00,1.2240e+05,0.0000e+00,7.5349e+06,7.4826e+06,0.0000e+00,7.5474e+06,2.9654e-01,2.1297e-02,7.4435e-01,5.7223e-01,7.7397e-01
6.2001e+02,4.0766e+00,3.8194e+00,5.5374e+00,6.4893e+00,7.9311e+00,7.3332e+00,1.0621e+08,0.0000e+00,0.0000e+00,0.0000e+00,5.7483e+02,5.7650e+02,5.8125e+02,5.8357e+02,5.8605e+02,5.8836e+02,5.9054e+02,5.9274e+02,5.9337e+02,5.9515e+02,5.9199e+02,5.9236e+02,1.2941e+07,7.5704e+06,2.2697e+01,2.2915e+01,0.0000e+00,0.0000e+00,0.0000e+00,2.2699e+02,6.6049e+02,2.3033e+01,0.0000e+00,0.0000e+00,2.2686e+01,0.0000e+00,0.0000e+00,0.0000e+00,4.9631e+01,0.0000e+00,0.0000e+00,-1.9181e+02,7.0109e+01,6.0369e+02,5.8931e+02,6.0388e+02,5.6771e+02,3.0605e+02,3.0598e+02,3.0610e+02,3.7849e+02,5.6500e+02,5.6429e+02,5.6373e+02,5.5774e+02,5.6379e+02,5.5864e+02,5.6439e+02,5.6433e+02,5.6479e+02,5.6459e+02,1.0000e+00,1.0000e+00,1.0000e+00,1.0000e+00,1.0000e+00,1.0000e+00,1.0000e+00,5.8155e-01,0.0000e+00,0.0000e+00,0.0000e+00,0.0000e+00,1.2232e+05,0.0000e+00,7.5516e+06,7.4979e+06,0.0000e+00,7.5663e+06,2.9397e-01,2.1528e-02,7.4481e-01,5.7952e-01,7.5949e-01
6.2500e+02,4.0766e+00,3.8194e+00,5.5374e+00,6.5049e+00,7.8424e+00,7.2254e+00,1.0517e+08,0.0000e+00,0.0000e+00,0.0000e+00,5.7450e+02,5.7615e+02,5.8081e+02,5.8311e+02,5.8557e+02,5.8786e+02,5.9005e+02,5.9226e+02,5.9293e+02,5.9475e+02,5.9172e+02,5.9217e+02,1.2966e+07,7.5699e+06,2.3381e+01,2.3516e+01,0.0000e+00,0.0000e+00,0.0000e+00,2.3094e+02,6.6817e+02,2.2993e+01,0.0000e+00,0.0000e+00,2.2773e+01,0.0000e+00,0.0000e+00,0.0000e+00,4.7912e+01,0.0000e+00,0.0000e+00,2.3623e+02,2.4910e+02,6.0384e+02,5.8941e+02,6.0403e+02,5.6752e+02,3.0609e+02,3.0602e+02,3.0615e+02,3.7847e+02,5.6498e+02,5.6429e+02,5.6376e+02,5.5780e+02,5.6382e+02,5.5854e+02,5.6429e+02,5.6433e+02,5.6479e+02,5.6473e+02,1.0000e+00,1.0000e+00,1.0000e+00,1.0000e+00,1.0000e+00,1.0000e+00,1.0000e+00,5.7831e-01,0.0000e+00,0.0000e+00,0.0000e+00,0.0000e+00,1.2224e+05,0.0000e+00,7.5549e+06,7.5020e+06,0.0000e+00,7.5657e+06,2.9623e-01,2.1340e-02,7.5074e-01,5.7979e-01,7.5425e-01
6.3003e+02,4.0766e+00,3.8194e+00,5.5374e+00,6.5081e+00,7.8635e+00,7.0225e+00,1.0419e+08,0.0000e+00,0.0000e+00,0.0000e+00,5.7417e+02,5.7580e+02,5.8039e+02,5.8265e+02,5.8507e+02,5.8734e+02,5.8951e+02,5.9171e+02,5.9240e+02,5.9423e+02,5.9129e+02,5.9177e+02,1.2971e+07,7.4782e+06,2.2652e+01,2.3261e+01,0.0000e+00,0.0000e+00,0.0000e+00,2.3324e+02,6.7345e+02,2.2662e+01,0.0000e+00,0.0000e+00,2.2471e+01,0.0000e+00,0.0000e+00,0.0000e+00,6.0470e+01,0.0000e+00,0.0000e+00,3.3641e+02,5.9044e+02,6.0387e+02,5.8923e+02,6.0407e+02,5.6731e+02,3.0613e+02,3.0605e+02,3.0619e+02,3.7845e+02,5.6345e+02,5.6345e+02,5.6289e+02,5.5708e+02,5.6296e+02,5.5767e+02,5.6341e+02,5.6349e+02,5.6396e+02,5.6439e+02,1.0000e+00,1.0000e+00,1.0000e+00,1.0000e+00,1.0000e+00,1.0000e+00,1.0000e+00,5.7504e-01,0.0000e+00,0.0000e+00,0.0000e+00,0.0000e+00,1.2216e+05,0.0000e+00,7.4591e+06,7.4066e+06,0.0000e+00,7.4742e+06,2.9631e-01,2.1436e-02,7.3019e-01,5.6758e-01,7.4800e-01
6.3501e+02,4.0766e+00,3.8194e+00,5.5374e+00,6.5002e+00,7.9011e+00,7.6068e+00,1.0327e+08,0.0000e+00,0.0000e+00,0.0000e+00,5.7385e+02,5.7545e+02,5.7997e+02,5.8220e+02,5.8459e+02,5.8682e+02,5.8897e+02,5.9114e+02,5.9185e+02,5.9367e+02,5.9079e+02,5.9128e+02,1.2956e+07,7.4322e+06,2.1522e+01,2.1897e+01,0.0000e+00,0.0000e+00,0.0000e+00,2.3686e+02,6.7643e+02,2.2452e+01,0.0000e+00,0.0000e+00,2.2275e+01,0.0000e+00,0.0000e+00,0.0000e+00,2.5078e+01,0.0000e+00,0.0000e+00,7.5714e+01,2.8082e+02,6.0378e+02,5.8886e+02,6.0398e+02,5.6707e+02,3.0618e+02,3.0609e+02,3.0624e+02,3.7843e+02,5.6295e+02,5.6302e+02,5.6247e+02,5.5675e+02,5.6251e+02,5.5684e+02,5.6299e+02,5.6306e+02,5.6353e+02,5.6391e+02,1.0000e+00,1.0000e+00,1.0000e+00,1.0000e+00,1.0000e+00,1.0000e+00,1.0000e+00,5.7180e-01,0.0000e+00,0.0000e+00,0.0000e+00,0.0000e+00,1.2208e+05,0.0000e+00,7.4111e+06,7.3599e+06,0.0000e+00,7.4280e+06,2.8902e-01,2.1213e-02,7.2273e-01,5.6504e-01,7.3274e-01
6.4000e+02,4.0766e+00,3.8194e+00,5.5374e+00,6.4840e+00,7.7474e+00,7.3069e+00,1.0241e+08,0.0000e+00,0.0000e+00,0.0000e+00,5.7351e+02,5.7509e+02,5.7955e+02,5.8176e+02,5.8411e+02,5.8632e+02,5.8844e+02,5.9059e+02,5.9129e+02,5.9310e+02,5.9026e+02,5.9076e+02,1.2926e+07,7.3900e+06,2.0880e+01,2.0683e+01,0.0000e+00,0.0000e+00,0.0000e+00,2.4133e+02,6.7832e+02,2.2176e+01,0.0000e+00,0.0000e+00,2.2568e+01,0.0000e+00,0.0000e+00,0.0000e+00,2.4285e+01,0.0000e+00,0.0000e+00,-2.3538e+01,1.7868e+02,6.0360e+02,5.8840e+02,6.0379e+02,5.6681e+02,3.0622e+02,3.0612e+02,3.0628e+02,3.7841e+02,5.6257e+02,5.6264e+02,5.6212e+02,5.5589e+02,5.6212e+02,5.5673e+02,5.6261e+02,5.6267e+02,5.6314e+02,5.6348e+02,1.0000e+00,1.0000e+00,1.0000e+00,1.0000e+00,1.0000e+00,1.0000e+00,1.0000e+00,5.6856e-01,0.0000e+00,0.0000e+00,0.0000e+00,0.0000e+00,1.2200e+05,0.0000e+00,7.3732e+06,7.3227e+06,0.0000e+00,7.3862e+06,2.7295e-01,2.0292e-02,7.2836e-01,6.0682e-01,7.2168e-01
6.4501e+02,4.0766e+00,3.8194e+00,5.5374e+00,6.4578e+00,7.4671e+00,7.3803e+00,1.0158e+08,0.0000e+00,0.0000e+00,0.0000e+00,5.7317e+02,5.7473e+02,5.7915e+02,5.8132e+02,5.8365e+02,5.8583e+02,5.8793e+02,5.9006e+02,5.9075e+02,5.9253e+02,5.8973e+02,5.9022e+02,1.2879e+07,7.3518e+06,2.2645e+01,2.1506e+01,0.0000e+00,0.0000e+00,0.0000e+00,2.4389e+02,6.8035e+02,2.2175e+01,0.0000e+00,0.0000e+00,2.2592e+01,0.0000e+00,0.0000e+00,0.0000e+00,1.7150e+02,0.0000e+00,0.0000e+00,7.3810e+02,1.3088e+03,6.0332e+02,5.8790e+02,6.0351e+02,5.6654e+02,3.0626e+02,3.0615e+02,3.0633e+02,3.7839e+02,5.6223e+02,5.6228e+02,5.6175e+02,5.5562e+02,5.6180e+02,5.5644e+02,5.6226e+02,5.6232e+02,5.6275e+02,5.6313e+02,1.0000e+00,1.0000e+00,1.0000e+00,1.0000e+00,1.0000e+00,1.0000e+00,1.0000e+00,5.6531e-01,0.0000e+00,0.0000e+00,0.0000e+00,0.0000e+00,1.2192e+05,0.0000e+00,7.3361e+06,7.2841e+06,0.0000e+00,7.3481e+06,2.7531e-01,2.0221e-02,7.6645e-01,5.9620e-01,7.2822e-01
6.5000e+02,4.0766e+00,3.8194e+00,5.5374e+00,6.4283e+00,7.8753e+00,7.4161e+00,1.0080e+08,0.0000e+00,0.0000e+00,0.0000e+00,5.7283e+02,5.7438e+02,5.7875e+02,5.8090e+02,5.8321e+02,5.8537e+02,5.8744e+02,5.8955e+02,5.9023e+02,5.9200e+02,5.8922e+02,5.8971e+02,1.2827e+07,7.4012e+06,2.3282e+01,2.2189e+01,0.0000e+00,0.0000e+00,0.0000e+00,2.4392e+02,6.8427e+02,2.2832e+01,0.0000e+00,0.0000e+00,2.3226e+01,0.0000e+00,0.0000e+00,0.0000e+00,-6.6334e+00,0.0000e+00,0.0000e+00,-5.2943e+01,-1.9816e+03,6.0301e+02,5.8740e+02,6.0320e+02,5.6626e+02,3.0630e+02,3.0618e+02,3.0637e+02,3.7837e+02,5.6303e+02,5.6274e+02,5.6221e+02,5.5596e+02,5.6232e+02,5.5618e+02,5.6291e+02,5.6277e+02,5.6326e+02,5.6304e+02,1.0000e+00,1.0000e+00,1.0000e+00,1.0000e+00,1.0000e+00,1.0000e+00,1.0000e+00,5.6207e-01,0.0000e+00,0.0000e+00,0.0000e+00,0.0000e+00,1.2184e+05,0.0000e+00,7.4009e+06,7.3374e+06,0.0000e+00,7.3971e+06,2.7978e-01,1.9355e-02,7.8186e-01,5.9293e-01,7.5603e-01
6.5504e+02,4.0766e+00,3.8194e+00,5.5374e+00,6.4036e+00,7.6215e+00,7.3001e+00,1.0005e+08,0.0000e+00,0.0000e+00,0.0000e+00,5.7250e+02,5.7404e+02,5.7837e+02,5.8051e+02,5.8279e+02,5.8493e+02,5.8698e+02,5.8907e+02,5.8974e+02,5.9149e+02,5.8873e+02,5.8921e+02,1.2797e+07,7.4514e+06,2.4622e+01,2.4387e+01,0.0000e+00,0.0000e+00,0.0000e+00,2.4413e+02,6.8553e+02,2.2793e+01,0.0000e+00,0.0000e+00,2.2926e+01,0.0000e+00,0.0000e+00,0.0000e+00,7.3246e+01,0.0000e+00,0.0000e+00,2.3742e+02,4.8419e+02,6.0282e+02,5.8692e+02,6.0302e+02,5.6599e+02,3.0635e+02,3.0622e+02,3.0642e+02,3.7835e+02,5.6371e+02,5.6320e+02,5.6265e+02,5.5645e+02,5.6273e+02,5.5686e+02,5.6335e+02,5.6324e+02,5.6370e+02,5.6333e+02,1.0000e+00,1.0000e+00,1.0000e+00,1.0000e+00,1.0000e+00,1.0000e+00,1.0000e+00,5.5881e-01,0.0000e+00,0.0000e+00,0.0000e+00,0.0000e+00,1.2176e+05,0.0000e+00,7.4400e+06,7.3847e+06,0.0000e+00,7.4475e+06,3.0210e-01,2.0279e-02,7.8113e-01,5.7290e-01,7.8782e-01
6.6001e+02,4.0766e+00,3.8194e+00,5.5374e+00,6.3792e+00,7.8469e+00,7.2493e+00,9.9351e+07,0.0000e+00,0.0000e+00,0.0000e+00,5.7220e+02,5.7372e+02,5.7802e+02,5.8014e+02,5.8241e+02,5.8453e+02,5.8656e+02,5.8863e+02,5.8930e+02,5.9103e+02,5.8828e+02,5.8876e+02,1.2770e+07,7.4864e+06,2.2850e+01,2.3442e+01,0.0000e+00,0.0000e+00,0.0000e+00,2.4319e+02,6.8888e+02,2.2444e+01,0.0000e+00,0.0000e+00,2.2468e+01,0.0000e+00,0.0000e+00,0.0000e+00,6.4092e+01,0.0000e+00,0.0000e+00,4.0669e+02,2.3251e+02,6.0266e+02,5.8646e+02,6.0286e+02,5.6573e+02,3.0639e+02,3.0625e+02,3.0646e+02,3.7834e+02,5.6430e+02,5.6353e+02,5.6298e+02,5.5699e+02,5.6304e+02,5.5668e+02,5.6366e+02,5.6356e+02,5.6402e+02,5.6366e+02,1.0000e+00,1.0000e+00,1.0000e+00,1.0000e+00,1.0000e+00,1.0000e+00,1.0000e+00,5.5559e-01,0.0000e+00,0.0000e+00,0.0000e+00,0.0000e+00,1.2168e+05,0.0000e+00,7.4656e+06,7.4172e+06,0.0000e+00,7.4825e+06,3.0352e-01,2.0254e-02,7.5700e-01,5.5906e-01,7.9315e-01
6.6500e+02,4.0766e+00,3.8194e+00,5.5374e+00,6.3551e+00,7.7444e+00,7.1863e+00,9.8676e+07,0.0000e+00,0.0000e+00,0.0000e+00,5.7192e+02,5.7344e+02,5.7772e+02,5.7982e+02,5.8207e+02,5.8418e+02,5.8620e+02,5.8825e+02,5.8890e+02,5.9062e+02,5.8788e+02,5.8833e+02,1.2744e+07,7.5183e+06,2.2214e+01,2.3038e+01,0.0000e+00,0.0000e+00,0.0000e+00,2.4210e+02,6.8949e+02,2.2702e+01,0.0000e+00,0.0000e+00,2.2579e+01,0.0000e+00,0.0000e+00,0.0000e+00,2.9588e+01,0.0000e+00,0.0000e+00,9.3361e+01,1.1386e+02,6.0250e+02,5.8603e+02,6.0270e+02,5.6549e+02,3.0643e+02,3.0628e+02,3.0651e+02,3.7832e+02,5.6480e+02,5.6382e+02,5.6327e+02,5.5736e+02,5.6333e+02,5.5785e+02,5.6395e+02,5.6385e+02,5.6431e+02,5.6397e+02,1.0000e+00,1.0000e+00,1.0000e+00,1.0000e+00,1.0000e+00,1.0000e+00,1.0000e+00,5.5236e-01,0.0000e+00,0.0000e+00,0.0000e+00,0.0000e+00,1.2160e+05,0.0000e+00,7.5006e+06,7.4482e+06,0.0000e+00,7.5143e+06,2.9564e-01,2.1038e-02,7.3888e-01,5.6760e-01,7.7960e-01
6.7004e+02,4.0766e+00,3.8194e+00,5.5374e+00,6.3247e+00,7.7497e+00,6.7242e+00,9.8026e+07,0.0000e+00,0.0000e+00,0.0000e+00,5.7167e+02,5.7317e+02,5.7744e+02,5.7953e+02,5.8177e+02,5.8387e+02,5.8587e+02,5.8791e+02,5.8855e+02,5.9026e+02,5.8751e+02,5.8795e+02,1.2713e+07,7.4349e+06,2.2598e+01,2.3668e+01,0.0000e+00,0.0000e+00,0.0000e+00,2.4159e+02,6.8545e+02,2.2437e+01,0.0000e+00,0.0000e+00,2.2656e+01,0.0000e+00,0.0000e+00,0.0000e+00,4.6995e+01,0.0000e+00,0.0000e+00,2.6407e+02,5.5025e+02,6.0231e+02,5.8562e+02,6.0251e+02,5.6526e+02,3.0648e+02,3.0631e+02,3.0655e+02,3.7830e+02,5.6341e+02,5.6305e+02,5.6254e+02,5.5672e+02,5.6260e+02,5.5600e+02,5.6300e+02,5.6309e+02,5.6355e+02,5.6389e+02,1.0000e+00,1.0000e+00,1.0000e+00,1.0000e+00,1.0000e+00,1.0000e+00,1.0000e+00,5.4910e-01,0.0000e+00,0.0000e+00,0.0000e+00,0.0000e+00,1.2153e+05,0.0000e+00,7.4210e+06,7.3696e+06,0.0000e+00,7.4311e+06,2.8976e-01,2.1236e-02,7.1946e-01,5.7002e-01,7.5281e-01
6.7502e+02,4.0766e+00,3.8194e+00,5.5374e+00,6.2834e+00,7.7724e+00,7.3881e+00,9.7410e+07,0.0000e+00,0.0000e+00,0.0000e+00,5.7145e+02,5.7295e+02,5.7721e+02,5.7930e+02,5.8153e+02,5.8362e+02,5.8561e+02,5.8764e+02,5.8827e+02,5.8997e+02,5.8720e+02,5.8762e+02,1.2675e+07,7.3902e+06,2.2502e+01,2.2664e+01,0.0000e+00,0.0000e+00,0.0000e+00,2.4067e+02,6.7866e+02,2.2385e+01,0.0000e+00,0.0000e+00,2.2827e+01,0.0000e+00,0.0000e+00,0.0000e+00,3.3818e+01,0.0000e+00,0.0000e+00,-9.2795e+02,2.3324e+02,6.0208e+02,5.8526e+02,6.0228e+02,5.6505e+02,3.0652e+02,3.0634e+02,3.0660e+02,3.7828e+02,5.6263e+02,5.6264e+02,5.6214e+02,5.5624e+02,5.6218e+02,5.5704e+02,5.6260e+02,5.6267e+02,5.6314e+02,5.6348e+02,1.0000e+00,1.0000e+00,1.0000e+00,1.0000e+00,1.0000e+00,1.0000e+00,1.0000e+00,5.4588e-01,0.0000e+00,0.0000e+00,0.0000e+00,0.0000e+00,1.2145e+05,0.0000e+00,7.3846e+06,7.3278e+06,0.0000e+00,7.3865e+06,2.8894e-01,1.9303e-02,7.2129e-01,5.7146e-01,7.2571e-01
6.8000e+02,4.0766e+00,3.8194e+00,5.5374e+00,6.2382e+00,7.4409e+00,6.9556e+00,9.6818e+07,0.0000e+00,0.0000e+00,0.0000e+00,5.7125e+02,5.7275e+02,5.7701e+02,5.7910e+02,5.8132e+02,5.8340e+02,5.8539e+02,5.8741e+02,5.8803e+02,5.8972e+02,5.8694e+02,5.8735e+02,1.2638e+07,7.3510e+06,2.1869e+01,2.1789e+01,0.0000e+00,0.0000e+00,0.0000e+00,2.3964e+02,6.7259e+02,2.2910e+01,0.0000e+00,0.0000e+00,2.2287e+01,0.0000e+00,0.0000e+00,0.0000e+00,7.2522e+01,0.0000e+00,0.0000e+00,7.1001e+02,1.3344e+03,6.0186e+02,5.8495e+02,6.0206e+02,5.6485e+02,3.0656e+02,3.0637e+02,3.0664e+02,3.7826e+02,5.6220e+02,5.6227e+02,5.6172e+02,5.5592e+02,5.6178e+02,5.5647e+02,5.6225e+02,5.6231e+02,5.6273e+02,5.6315e+02,1.0000e+00,1.0000e+00,1.0000e+00,1.0000e+00,1.0000e+00,1.0000e+00,1.0000e+00,5.4265e-01,0.0000e+00,0.0000e+00,0.0000e+00,0.0000e+00,1.2137e+05,0.0000e+00,7.3319e+06,7.2806e+06,0.0000e+00,7.3467e+06,2.9032e-01,2.1136e-02,7.2678e-01,5.6484e-01,7.1917e-01
6.8503e+02,4.0766e+00,3.8194e+00,5.5374e+00,6.1887e+00,7.7555e+00,7.1289e+00,9.6247e+07,0.0000e+00,0.0000e+00,0.0000e+00,5.7107e+02,5.7256e+02,5.7682e+02,5.7890e+02,5.8113e+02,5.8321e+02,5.8520e+02,5.8721e+02,5.8783e+02,5.8951e+02,5.8672e+02,5.8712e+02,1.2606e+07,7.3079e+06,2.0667e+01,2.0497e+01,0.0000e+00,0.0000e+00,0.0000e+00,2.3848e+02,6.6770e+02,2.1911e+01,0.0000e+00,0.0000e+00,2.2295e+01,0.0000e+00,0.0000e+00,0.0000e+00,-1.0695e+02,0.0000e+00,0.0000e+00,-2.5434e+01,1.4435e+02,6.0166e+02,5.8469e+02,6.0186e+02,5.6467e+02,3.0660e+02,3.0639e+02,3.0669e+02,3.7824e+02,5.6181e+02,5.6187e+02,5.6135e+02,5.5522e+02,5.6137e+02,5.5649e+02,5.6185e+02,5.6191e+02,5.6236e+02,5.6276e+02,1.0000e+00,1.0000e+00,1.0000e+00,1.0000e+00,1.0000e+00,1.0000e+00,1.0000e+00,5.3941e-01,0.0000e+00,0.0000e+00,0.0000e+00,0.0000e+00,1.2129e+05,0.0000e+00,7.2911e+06,7.2408e+06,0.0000e+00,7.3042e+06,2.7246e-01,1.9964e-02,7.2533e-01,5.9609e-01,7.2018e-01
6.9005e+02,4.0766e+00,3.8194e+00,5.5374e+00,6.1378e+00,7.4293e+00,7.1394e+00,9.5697e+07,0.0000e+00,0.0000e+00,0.0000e+00,5.7089e+02,5.7238e+02,5.7664e+02,5.7872e+02,5.8094e+02,5.8302e+02,5.8500e+02,5.8702e+02,5.8763e+02,5.8931e+02,5.8652e+02,5.8691e+02,1.2579e+07,7.2730e+06,2.2123e+01,2.1221e+01,0.0000e+00,0.0000e+00,0.0000e+00,2.3731e+02,6.6440e+02,2.2391e+01,0.0000e+00,0.0000e+00,2.2120e+01,0.0000e+00,0.0000e+00,0.0000e+00,5.6275e+01,0.0000e+00,0.0000e+00,3.2122e+02,3.7102e+02,6.0149e+02,5.8447e+02,6.0170e+02,5.6451e+02,3.0665e+02,3.0642e+02,3.0673e+02,3.7822e+02,5.6148e+02,5.6154e+02,5.6095e+02,5.5488e+02,5.6098e+02,5.5544e+02,5.6152e+02,5.6158e+02,5.6204e+02,5.6241e+02,1.0000e+00,1.0000e+00,1.0000e+00,1.0000e+00,1.0000e+00,1.0000e+00,1.0000e+00,5.3617e-01,0.0000e+00,0.0000e+00,0.0000e+00,0.0000e+00,1.2121e+05,0.0000e+00,7.2476e+06,7.1974e+06,0.0000e+00,7.2690e+06,2.7461e-01,2.1467e-02,7.5827e-01,5.9453e-01,7.2715e-01
6.9502e+02,4.0766e+00,3.8194e+00,5.5374e+00,6.0961e+00,7.4258e+00,6.8175e+00,9.5173e+07,0.0000e+00,0.0000e+00,0.0000e+00,5.7072e+02,5.7221e+02,5.7645e+02,5.7853e+02,5.8075e+02,5.8282e+02,5.8481e+02,5.8682e+02,5.8744e+02,5.8911e+02,5.8633e+02,5.8672e+02,1.2569e+07,7.3401e+06,2.3611e+01,2.2359e+01,0.0000e+00,0.0000e+00,0.0000e+00,2.3454e+02,6.6535e+02,2.2642e+01,0.0000e+00,0.0000e+00,2.2444e+01,0.0000e+00,0.0000e+00,0.0000e+00,2.4343e+02,0.0000e+00,0.0000e+00,4.5608e+02,7.8568e+02,6.0143e+02,5.8427e+02,6.0164e+02,5.6437e+02,3.0669e+02,3.0645e+02,3.0677e+02,3.7820e+02,5.6251e+02,5.6217e+02,5.6159e+02,5.5539e+02,5.6163e+02,5.5653e+02,5.6234e+02,5.6221e+02,5.6269e+02,5.6240e+02,1.0000e+00,1.0000e+00,1.0000e+00,1.0000e+00,1.0000e+00,1.0000e+00,1.0000e+00,5.3296e-01,0.0000e+00,0.0000e+00,0.0000e+00,0.0000e+00,1.2113e+05,0.0000e+00,7.3195e+06,7.2659e+06,0.0000e+00,7.3361e+06,2.7950e-01,2.1045e-02,7.8337e-01,5.9161e-01,7.5257e-01
7.0001e+02,4.0766e+00,3.8194e+00,5.5374e+00,6.0707e+00,7.6221e+00,6.7822e+00,9.4666e+07,0.0000e+00,0.0000e+00,0.0000e+00,5.7056e+02,5.7204e+02,5.7627e+02,5.7834e+02,5.8055e+02,5.8262e+02,5.8460e+02,5.8661e+02,5.8723e+02,5.8891e+02,5.8614e+02,5.8653e+02,1.2574e+07,7.3801e+06,2.4670e+01,2.4553e+01,0.0000e+00,0.0000e+00,0.0000e+00,2.3272e+02,6.6621e+02,2.2401e+01,0.0000e+00,0.0000e+00,2.2829e+01,0.0000e+00,0.0000e+00,0.0000e+00,-8.4840e+01,0.0000e+00,0.0000e+00,-8.3401e+02,-1.0989e+03,6.0146e+02,5.8410e+02,6.0166e+02,5.6424e+02,3.0673e+02,3.0648e+02,3.0682e+02,3.7819e+02,5.6310e+02,5.6254e+02,5.6200e+02,5.5582e+02,5.6210e+02,5.5603e+02,5.6267e+02,5.6258e+02,5.6303e+02,5.6270e+02,1.0000e+00,1.0000e+00,1.0000e+00,1.0000e+00,1.0000e+00,1.0000e+00,1.0000e+00,5.2974e-01,0.0000e+00,0.0000e+00,0.0000e+00,0.0000e+00,1.2105e+05,0.0000e+00,7.3706e+06,7.3153e+06,0.0000e+00,7.3764e+06,3.0169e-01,1.9487e-02,7.7764e-01,5.6752e-01,7.8717e-01
7.0502e+02,4.0766e+00,3.8194e+00,5.5374e+00,6.0525e+00,7.5392e+00,7.0772e+00,9.4175e+07,0.0000e+00,0.0000e+00,0.0000e+00,5.7041e+02,5.7188e+02,5.7609e+02,5.7816e+02,5.8036e+02,5.8242e+02,5.8440e+02,5.8641e+02,5.8702e+02,5.8869e+02,5.8594e+02,5.8633e+02,1.2580e+07,7.4145e+06,2.2581e+01,2.3285e+01,0.0000e+00,0.0000e+00,0.0000e+00,2.3211e+02,6.6556e+02,2.2457e+01,0.0000e+00,0.0000e+00,2.2279e+01,0.0000e+00,0.0000e+00,0.0000e+00,7.1277e+01,0.0000e+00,0.0000e+00,3.1137e+02,5.1878e+02,6.0150e+02,5.8391e+02,6.0170e+02,5.6413e+02,3.0678e+02,3.0650e+02,3.0686e+02,3.7817e+02,5.6365e+02,5.6286e+02,5.6230e+02,5.5637e+02,5.6239e+02,5.5683e+02,5.6300e+02,5.6290e+02,5.6335e+02,5.6297e+02,1.0000e+00,1.0000e+00,1.0000e+00,1.0000e+00,1.0000e+00,1.0000e+00,1.0000e+00,5.2651e-01,0.0000e+00,0.0000e+00,0.0000e+00,0.0000e+00,1.2097e+05,0.0000e+00,7.3952e+06,7.3440e+06,0.0000e+00,7.4106e+06,3.0255e-01,2.0387e-02,7.5131e-01,5.5418e-01,7.9041e-01
7.1000e+02,4.0766e+00,3.8194e+00,5.5374e+00,6.0348e+00,7.7227e+00,7.1306e+00,9.3704e+07,0.0000e+00,0.0000e+00,0.0000e+00,5.7028e+02,5.7175e+02,5.7594e+02,5.7800e+02,5.8020e+02,5.8225e+02,5.8422e+02,5.8622e+02,5.8683e+02,5.8850e+02,5.8575e+02,5.8613e+02,1.2582e+07,7.4403e+06,2.1968e+01,2.2819e+01,0.0000e+00,0.0000e+00,0.0000e+00,2.3287e+02,6.6131e+02,2.2787e+01,0.0000e+00,0.0000e+00,2.2600e+01,0.0000e+00,0.0000e+00,0.0000e+00,3.8452e+01,0.0000e+00,0.0000e+00,-1.6320e+02,1.4010e+02,6.0151e+02,5.8373e+02,6.0172e+02,5.6402e+02,3.0682e+02,3.0653e+02,3.0691e+02,3.7815e+02,5.6406e+02,5.6310e+02,5.6257e+02,5.5670e+02,5.6262e+02,5.5750e+02,5.6323e+02,5.6314e+02,5.6359e+02,5.6327e+02,1.0000e+00,1.0000e+00,1.0000e+00,1.0000e+00,1.0000e+00,1.0000e+00,1.0000e+00,5.2330e-01,0.0000e+00,0.0000e+00,0.0000e+00,0.0000e+00,1.2090e+05,0.0000e+00,7.4260e+06,7.3726e+06,0.0000e+00,7.4364e+06,2.9413e-01,2.1063e-02,7.3206e-01,5.6198e-01,7.7415e-01
7.1504e+02,4.0766e+00,3.8194e+00,5.5374e+00,6.0122e+00,7.5714e+00,7.0084e+00,9.3242e+07,0.0000e+00,0.0000e+00,0.0000e+00,5.7018e+02,5.7163e+02,5.7583e+02,5.7788e+02,5.8007e+02,5.8212e+02,5.8408e+02,5.8607e+02,5.8668e+02,5.8834e+02,5.8558e+02,5.8596e+02,1.2576e+07,7.3595e+06,2.2654e+01,2.3783e+01,0.0000e+00,0.0000e+00,0.0000e+00,2.3065e+02,6.5727e+02,2.2341e+01,0.0000e+00,0.0000e+00,2.2240e+01,0.0000e+00,0.0000e+00,0.0000e+00,1.8163e+01,0.0000e+00,0.0000e+00,2.2576e+02,4.7494e+02,6.0147e+02,5.8354e+02,6.0167e+02,5.6392e+02,3.0686e+02,3.0655e+02,3.0695e+02,3.7813e+02,5.6270e+02,5.6235e+02,5.6180e+02,5.5608e+02,5.6183e+02,5.5660e+02,5.6228e+02,5.6239e+02,5.6285e+02,5.6323e+02,1.0000e+00,1.0000e+00,1.0000e+00,1.0000e+00,1.0000e+00,1.0000e+00,1.0000e+00,5.2005e-01,0.0000e+00,0.0000e+00,0.0000e+00,0.0000e+00,1.2082e+05,0.0000e+00,7.3409e+06,7.2887e+06,0.0000e+00,7.3556e+06,2.8809e-01,2.0996e-02,7.1428e-01,5.6615e-01,7.4707e-01
7.2002e+02,4.0766e+00,3.8194e+00,5.5374e+00,5.9781e+00,7.5017e+00,6.9480e+00,9.2801e+07,0.0000e+00,0.0000e+00,0.0000e+00,5.7009e+02,5.7155e+02,5.7575e+02,5.7780e+02,5.7999e+02,5.8203e+02,5.8398e+02,5.8597e+02,5.8657e+02,5.8822e+02,5.8544e+02,5.8581e+02,1.2559e+07,7.3077e+06,2.2287e+01,2.2462e+01,0.0000e+00,0.0000e+00,0.0000e+00,2.2889e+02,6.5084e+02,2.2522e+01,0.0000e+00,0.0000e+00,2.2486e+01,0.0000e+00,0.0000e+00,0.0000e+00,2.8646e+01,0.0000e+00,0.0000e+00,1.9949e+02,4.3047e+02,6.0137e+02,5.8337e+02,6.0157e+02,5.6383e+02,3.0691e+02,3.0658e+02,3.0699e+02,3.7811e+02,5.6181e+02,5.6187e+02,5.6134e+02,5.5551e+02,5.6139e+02,5.5628e+02,5.6183e+02,5.6190e+02,5.6237e+02,5.6277e+02,1.0000e+00,1.0000e+00,1.0000e+00,1.0000e+00,1.0000e+00,1.0000e+00,1.0000e+00,5.1685e-01,0.0000e+00,0.0000e+00,0.0000e+00,0.0000e+00,1.2074e+05,0.0000e+00,7.2944e+06,7.2410e+06,0.0000e+00,7.3039e+06,2.8718e-01,2.1031e-02,7.1411e-01,5.6643e-01,7.1921e-01
7.2500e+02,4.0766e+00,3.8194e+00,5.5374e+00,5.9403e+00,7.4936e+00,6.9351e+00,9.2373e+07,0.0000e+00,0.0000e+00,0.0000e+00,5.7002e+02,5.7147e+02,5.7567e+02,5.7772e+02,5.7991e+02,5.8196e+02,5.8391e+02,5.8589e+02,5.8649e+02,5.8813e+02,5.8534e+02,5.8571e+02,1.2541e+07,7.2637e+06,2.1084e+01,2.0742e+01,0.0000e+00,0.0000e+00,0.0000e+00,2.2763e+02,6.4613e+02,2.2322e+01,0.0000e+00,0.0000e+00,2.1999e+01,0.0000e+00,0.0000e+00,0.0000e+00,5.2921e+01,0.0000e+00,0.0000e+00,7.0154e+02,-3.8505e+03,6.0126e+02,5.8323e+02,6.0146e+02,5.6374e+02,3.0695e+02,3.0660e+02,3.0704e+02,3.7809e+02,5.6139e+02,5.6146e+02,5.6091e+02,5.5525e+02,5.6097e+02,5.5578e+02,5.6142e+02,5.6149e+02,5.6194e+02,5.6236e+02,1.0000e+00,1.0000e+00,1.0000e+00,1.0000e+00,1.0000e+00,1.0000e+00,1.0000e+00,5.1365e-01,0.0000e+00,0.0000e+00,0.0000e+00,0.0000e+00,1.2066e+05,0.0000e+00,7.2446e+06,7.1941e+06,0.0000e+00,7.2601e+06,2.8518e-01,2.0919e-02,7.2053e-01,5.5515e-01,7.1080e-01
7.3000e+02,4.0766e+00,3.8194e+00,5.5374e+00,5.8992e+00,7.3204e+00,6.9380e+00,9.1957e+07,0.0000e+00,0.0000e+00,0.0000e+00,5.6993e+02,5.7139e+02,5.7559e+02,5.7764e+02,5.7983e+02,5.8187e+02,5.8383e+02,5.8581e+02,5.8640e+02,5.8805e+02,5.8526e+02,5.8562e+02,1.2523e+07,7.2154e+06,2.0770e+01,2.0582e+01,0.0000e+00,0.0000e+00,0.0000e+00,2.2679e+02,6.4371e+02,2.2372e+01,0.0000e+00,0.0000e+00,2.2065e+01,0.0000e+00,0.0000e+00,0.0000e+00,-3.2716e+02,0.0000e+00,0.0000e+00,-1.2016e+03,1.9682e+02,6.0115e+02,5.8312e+02,6.0135e+02,5.6366e+02,3.0699e+02,3.0663e+02,3.0708e+02,3.7807e+02,5.6092e+02,5.6100e+02,5.6044e+02,5.5432e+02,5.6047e+02,5.5517e+02,5.6096e+02,5.6104e+02,5.6149e+02,5.6192e+02,1.0000e+00,1.0000e+00,1.0000e+00,1.0000e+00,1.0000e+00,1.0000e+00,1.0000e+00,5.1043e-01,0.0000e+00,0.0000e+00,0.0000e+00,0.0000e+00,1.2058e+05,0.0000e+00,7.1941e+06,7.1448e+06,0.0000e+00,7.2113e+06,2.7238e-01,2.1069e-02,7.2367e-01,5.9670e-01,7.1286e-01
7.3501e+02,4.0766e+00,3.8194e+00,5.5374e+00,5.8605e+00,7.4775e+00,6.7744e+00,9.1553e+07,0.0000e+00,0.0000e+00,0.0000e+00,5.6983e+02,5.7129e+02,5.7548e+02,5.7753e+02,5.7972e+02,5.8176e+02,5.8372e+02,5.8570e+02,5.8630e+02,5.8795e+02,5.8517e+02,5.8553e+02,1.2510e+07,7.2573e+06,2.2529e+01,2.0956e+01,0.0000e+00,0.0000e+00,0.0000e+00,2.2680e+02,6.4335e+02,2.2687e+01,0.0000e+00,0.0000e+00,2.2433e+01,0.0000e+00,0.0000e+00,0.0000e+00,1.9666e+02,0.0000e+00,0.0000e+00,4.6927e+02,8.2509e+02,6.0107e+02,5.8303e+02,6.0127e+02,5.6359e+02,3.0703e+02,3.0665e+02,3.0713e+02,3.7805e+02,5.6164e+02,5.6140e+02,5.6085e+02,5.5459e+02,5.6091e+02,5.5593e+02,5.6157e+02,5.6143e+02,5.6185e+02,5.6176e+02,1.0000e+00,1.0000e+00,1.0000e+00,1.0000e+00,1.0000e+00,1.0000e+00,1.0000e+00,5.0721e-01,0.0000e+00,0.0000e+00,0.0000e+00,0.0000e+00,1.2050e+05,0.0000e+00,7.2422e+06,7.1883e+06,0.0000e+00,7.2535e+06,2.7635e-01,2.0137e-02,7.7018e-01,5.9118e-01,7.2527e-01
7.4001e+02,4.0766e+00,3.8194e+00,5.5374e+00,5.8346e+00,7.2052e+00,6.4080e+00,9.1161e+07,0.0000e+00,0.0000e+00,0.0000e+00,5.6973e+02,5.7118e+02,5.7536e+02,5.7740e+02,5.7959e+02,5.8163e+02,5.8359e+02,5.8557e+02,5.8617e+02,5.8782e+02,5.8506e+02,5.8542e+02,1.2511e+07,7.2965e+06,2.4956e+01,2.4288e+01,0.0000e+00,0.0000e+00,0.0000e+00,2.2651e+02,6.4458e+02,2.2405e+01,0.0000e+00,0.0000e+00,2.2285e+01,0.0000e+00,0.0000e+00,0.0000e+00,4.7377e+01,0.0000e+00,0.0000e+00,1.1144e+02,3.0001e+02,6.0107e+02,5.8295e+02,6.0127e+02,5.6351e+02,3.0708e+02,3.0667e+02,3.0717e+02,3.7804e+02,5.6219e+02,5.6176e+02,5.6117e+02,5.5497e+02,5.6124e+02,5.5559e+02,5.6189e+02,5.6180e+02,5.6226e+02,5.6200e+02,1.0000e+00,1.0000e+00,1.0000e+00,1.0000e+00,1.0000e+00,1.0000e+00,1.0000e+00,5.0400e-01,0.0000e+00,0.0000e+00,0.0000e+00,0.0000e+00,1.2042e+05,0.0000e+00,7.2768e+06,7.2241e+06,0.0000e+00,7.2926e+06,2.9867e-01,2.0085e-02,7.7692e-01,5.7352e-01,7.6645e-01
7.4500e+02,4.0766e+00,3.8194e+00,5.5374e+00,5.8169e+00,7.4860e+00,6.9615e+00,9.0780e+07,0.0000e+00,0.0000e+00,0.0000e+00,5.6962e+02,5.7107e+02,5.7523e+02,5.7727e+02,5.7945e+02,5.8148e+02,5.8344e+02,5.8542e+02,5.8603e+02,5.8767e+02,5.8493e+02,5.8530e+02,1.2514e+07,7.3263e+06,2.2646e+01,2.3221e+01,0.0000e+00,0.0000e+00,0.0000e+00,2.2454e+02,6.4776e+02,2.2356e+01,0.0000e+00,0.0000e+00,2.2590e+01,0.0000e+00,0.0000e+00,0.0000e+00,7.0401e+01,0.0000e+00,0.0000e+00,3.9503e+02,6.2549e+02,6.0110e+02,5.8286e+02,6.0130e+02,5.6343e+02,3.0712e+02,3.0670e+02,3.0721e+02,3.7802e+02,5.6267e+02,5.6204e+02,5.6152e+02,5.5555e+02,5.6162e+02,5.5606e+02,5.6218e+02,5.6208e+02,5.6254e+02,5.6222e+02,1.0000e+00,1.0000e+00,1.0000e+00,1.0000e+00,1.0000e+00,1.0000e+00,1.0000e+00,5.0080e-01,0.0000e+00,0.0000e+00,0.0000e+00,0.0000e+00,1.2035e+05,0.0000e+00,7.3170e+06,7.2632e+06,0.0000e+00,7.3226e+06,3.0262e-01,1.9983e-02,7.5058e-01,5.4811e-01,7.8384e-01
7.5000e+02,4.0766e+00,3.8194e+00,5.5374e+00,5.8068e+00,7.5587e+00,6.6915e+00,9.0409e+07,0.0000e+00,0.0000e+00,0.0000e+00,5.6951e+02,5.7095e+02,5.7509e+02,5.7712e+02,5.7930e+02,5.8133e+02,5.8328e+02,5.8525e+02,5.8586e+02,5.8751e+02,5.8479e+02,5.8516e+02,1.2519e+07,7.3531e+06,2.1725e+01,2.2673e+01,0.0000e+00,0.0000e+00,0.0000e+00,2.2396e+02,6.4916e+02,2.2925e+01,0.0000e+00,0.0000e+00,2.2460e+01,0.0000e+00,0.0000e+00,0.0000e+00,2.2453e+01,0.0000e+00,0.0000e+00,-4.7829e+02,1.4276e+02,6.0113e+02,5.8274e+02,6.0133e+02,5.6335e+02,3.0716e+02,3.0672e+02,3.0726e+02,3.7800e+02,5.6310e+02,5.6229e+02,5.6177e+02,5.5596e+02,5.6185e+02,5.5653e+02,5.6242e+02,5.6233e+02,5.6278e+02,5.6249e+02,1.0000e+00,1.0000e+00,1.0000e+00,1.0000e+00,1.0000e+00,1.0000e+00,1.0000e+00,4.9759e-01,0.0000e+00,0.0000e+00,0.0000e+00,0.0000e+00,1.2027e+05,0.0000e+00,7.3402e+06,7.2873e+06,0.0000e+00,7.3491e+06,2.9289e-01,2.0652e-02,7.2632e-01,5.5422e-01,7.7184e-01
7.5501e+02,4.0766e+00,3.8194e+00,5.5374e+00,5.8007e+00,7.4355e+00,6.7798e+00,9.0048e+07,0.0000e+00,0.0000e+00,0.0000e+00,5.6940e+02,5.7084e+02,5.7496e+02,5.7699e+02,5.7915e+02,5.8118e+02,5.8312e+02,5.8509e+02,5.8570e+02,5.8734e+02,5.8464e+02,5.8501e+02,1.2523e+07,7.3682e+06,2.2414e+01,2.2914e+01,0.0000e+00,0.0000e+00,0.0000e+00,2.2427e+02,6.4851e+02,2.2069e+01,0.0000e+00,0.0000e+00,2.2236e+01,0.0000e+00,0.0000e+00,0.0000e+00,2.1809e+01,0.0000e+00,0.0000e+00,1.5410e+02,1.8491e+02,6.0115e+02,5.8261e+02,6.0135e+02,5.6326e+02,3.0721e+02,3.0674e+02,3.0730e+02,3.7798e+02,5.6335e+02,5.6244e+02,5.6188e+02,5.5600e+02,5.6185e+02,5.5546e+02,5.6253e+02,5.6247e+02,5.6292e+02,5.6269e+02,1.0000e+00,1.0000e+00,1.0000e+00,1.0000e+00,1.0000e+00,1.0000e+00,1.0000e+00,4.9438e-01,0.0000e+00,0.0000e+00,0.0000e+00,0.0000e+00,1.2019e+05,0.0000e+00,7.3505e+06,7.2965e+06,0.0000e+00,7.3647e+06,2.8715e-01,2.0221e-02,7.2443e-01,5.7067e-01,7.4781e-01
7.6000e+02,4.0766e+00,3.8194e+00,5.5374e+00,5.7875e+00,7.4310e+00,6.8908e+00,8.9697e+07,0.0000e+00,0.0000e+00,0.0000e+00,5.6931e+02,5.7074e+02,5.7486e+02,5.7688e+02,5.7904e+02,5.8106e+02,5.8299e+02,5.8496e+02,5.8556e+02,5.8720e+02,5.8449e+02,5.8486e+02,1.2511e+07,7.2694e+06,2.2508e+01,2.3046e+01,0.0000e+00,0.0000e+00,0.0000e+00,2.2527e+02,6.4305e+02,2.2498e+01,0.0000e+00,0.0000e+00,2.2358e+01,0.0000e+00,0.0000e+00,0.0000e+00,3.1322e+01,0.0000e+00,0.0000e+00,2.9391e+02,5.9234e+02,6.0108e+02,5.8246e+02,6.0128e+02,5.6318e+02,3.0725e+02,3.0676e+02,3.0734e+02,3.7796e+02,5.6166e+02,5.6151e+02,5.6097e+02,5.5517e+02,5.6104e+02,5.5564e+02,5.6145e+02,5.6155e+02,5.6200e+02,5.6244e+02,1.0000e+00,1.0000e+00,1.0000e+00,1.0000e+00,1.0000e+00,1.0000e+00,1.0000e+00,4.9119e-01,0.0000e+00,0.0000e+00,0.0000e+00,0.0000e+00,1.2011e+05,0.0000e+00,7.2546e+06,7.2020e+06,0.0000e+00,7.2653e+06,2.9006e-01,2.0882e-02,7.1445e-01,5.6241e-01,7.2796e-01
7.6500e+02,4.0766e+00,3.8194e+00,5.5374e+00,5.7612e+00,7.4779e+00,6.7793e+00,8.9355e+07,0.0000e+00,0.0000e+00,0.0000e+00,5.6924e+02,5.7067e+02,5.7480e+02,5.7681e+02,5.7897e+02,5.8098e+02,5.8291e+02,5.8487e+02,5.8547e+02,5.8710e+02,5.8437e+02,5.8473e+02,1.2485e+07,7.2209e+06,2.2244e+01,2.2300e+01,0.0000e+00,0.0000e+00,0.0000e+00,2.2492e+02,6.3606e+02,2.2153e+01,0.0000e+00,0.0000e+00,2.2375e+01,0.0000e+00,0.0000e+00,0.0000e+00,2.2752e+01,0.0000e+00,0.0000e+00,-9.3673e+02,1.0140e+02,6.0091e+02,5.8232e+02,6.0111e+02,5.6310e+02,3.0729e+02,3.0678e+02,3.0739e+02,3.7794e+02,5.6099e+02,5.6105e+02,5.6054e+02,5.5477e+02,5.6061e+02,5.5514e+02,5.6101e+02,5.6109e+02,5.6154e+02,5.6195e+02,1.0000e+00,1.0000e+00,1.0000e+00,1.0000e+00,1.0000e+00,1.0000e+00,1.0000e+00,4.8798e-01,0.0000e+00,0.0000e+00,0.0000e+00,0.0000e+00,1.2003e+05,0.0000e+00,7.2101e+06,7.1573e+06,0.0000e+00,7.2172e+06,2.8827e-01,2.0387e-02,7.1247e-01,5.5707e-01,7.1347e-01
7.7003e+02,4.0766e+00,3.8194e+00,5.5374e+00,5.7304e+00,6.9910e+00,6.6857e+00,8.9019e+07,0.0000e+00,0.0000e+00,0.0000e+00,5.6917e+02,5.7060e+02,5.7473e+02,5.7675e+02,5.7891e+02,5.8092e+02,5.8285e+02,5.8480e+02,5.8539e+02,5.8702e+02,5.8428e+02,5.8463e+02,1.2458e+07,7.1729e+06,2.0311e+01,2.0274e+01,0.0000e+00,0.0000e+00,0.0000e+00,2.2348e+02,6.3258e+02,2.1960e+01,0.0000e+00,0.0000e+00,2.1744e+01,0.0000e+00,0.0000e+00,0.0000e+00,5.4147e+01,0.0000e+00,0.0000e+00,3.5345e+02,9.8469e+02,6.0075e+02,5.8219e+02,6.0095e+02,5.6303e+02,3.0734e+02,3.0680e+02,3.0743e+02,3.7792e+02,5.6052e+02,5.6060e+02,5.6004e+02,5.5416e+02,5.6004e+02,5.5493e+02,5.6055e+02,5.6063e+02,5.6111e+02,5.6153e+02,1.0000e+00,1.0000e+00,1.0000e+00,1.0000e+00,1.0000e+00,1.0000e+00,1.0000e+00,4.8477e-01,0.0000e+00,0.0000e+00,0.0000e+00,0.0000e+00,1.1995e+05,0.0000e+00,7.1492e+06,7.1006e+06,0.0000e+00,7.1690e+06,2.7238e-01,2.1298e-02,7.1088e-01,5.7767e-01,7.0713e-01
7.7502e+02,4.0766e+00,3.8194e+00,5.5374e+00,5.6940e+00,7.5152e+00,6.6479e+00,8.8694e+07,0.0000e+00,0.0000e+00,0.0000e+00,5.6910e+02,5.7053e+02,5.7466e+02,5.7667e+02,5.7883e+02,5.8084e+02,5.8277e+02,5.8473e+02,5.8532e+02,5.8694e+02,5.8421e+02,5.8455e+02,1.2438e+07,7.1395e+06,2.1102e+01,2.0084e+01,0.0000e+00,0.0000e+00,0.0000e+00,2.2259e+02,6.3199e+02,2.2459e+01,0.0000e+00,0.0000e+00,2.2079e+01,0.0000e+00,0.0000e+00,0.0000e+00,4.9774e+01,0.0000e+00,0.0000e+00,4.8233e+02,-2.5835e+03,6.0062e+02,5.8210e+02,6.0083e+02,5.6296e+02,3.0738e+02,3.0682e+02,3.0747e+02,3.7790e+02,5.6027e+02,5.6028e+02,5.5972e+02,5.5353e+02,5.5976e+02,5.5452e+02,5.6031e+02,5.6032e+02,5.6077e+02,5.6111e+02,1.0000e+00,1.0000e+00,1.0000e+00,1.0000e+00,1.0000e+00,1.0000e+00,1.0000e+00,4.8157e-01,0.0000e+00,0.0000e+00,0.0000e+00,0.0000e+00,1.1988e+05,0.0000e+00,7.1191e+06,7.0686e+06,0.0000e+00,7.1357e+06,2.7350e-01,2.0845e-02,7.3947e-01,5.9203e-01,7.0928e-01
7.8002e+02,4.0766e+00,3.8194e+00,5.5374e+00,5.6670e+00,7.1848e+00,6.6306e+00,8.8375e+07,0.0000e+00,0.0000e+00,0.0000e+00,5.6901e+02,5.7044e+02,5.7455e+02,5.7657e+02,5.7873e+02,5.8074e+02,5.8267e+02,5.8462e+02,5.8522e+02,5.8684e+02,5.8412e+02,5.8447e+02,1.2428e+07,7.2037e+06,2.4383e+01,2.2952e+01,0.0000e+00,0.0000e+00,0.0000e+00,2.2226e+02,6.3341e+02,2.2512e+01,0.0000e+00,0.0000e+00,2.2440e+01,0.0000e+00,0.0000e+00,0.0000e+00,1.3399e+02,0.0000e+00,0.0000e+00,2.7315e+02,5.2107e+02,6.0056e+02,5.8203e+02,6.0076e+02,5.6290e+02,3.0742e+02,3.0684e+02,3.0751e+02,3.7788e+02,5.6118e+02,5.6089e+02,5.6032e+02,5.5412e+02,5.6037e+02,5.5528e+02,5.6104e+02,5.6093e+02,5.6138e+02,5.6117e+02,1.0000e+00,1.0000e+00,1.0000e+00,1.0000e+00,1.0000e+00,1.0000e+00,1.0000e+00,4.7838e-01,0.0000e+00,0.0000e+00,0.0000e+00,0.0000e+00,1.1980e+05,0.0000e+00,7.1885e+06,7.1337e+06,0.0000e+00,7.1998e+06,2.8329e-01,2.0630e-02,7.7532e-01,5.8459e-01,7.3788e-01
7.8504e+02,4.0766e+00,3.8194e+00,5.5374e+00,5.6479e+00,7.4206e+00,6.6588e+00,8.8063e+07,0.0000e+00,0.0000e+00,0.0000e+00,5.6892e+02,5.7035e+02,5.7444e+02,5.7645e+02,5.7860e+02,5.8061e+02,5.8254e+02,5.8449e+02,5.8509e+02,5.8672e+02,5.8402e+02,5.8437e+02,1.2427e+07,7.2322e+06,2.3648e+01,2.3620e+01,0.0000e+00,0.0000e+00,0.0000e+00,2.2262e+02,6.3489e+02,2.2417e+01,0.0000e+00,0.0000e+00,2.1983e+01,0.0000e+00,0.0000e+00,0.0000e+00,6.6443e+00,0.0000e+00,0.0000e+00,-1.8138e+02,-2.1737e+03,6.0056e+02,5.8195e+02,6.0076e+02,5.6284e+02,3.0747e+02,3.0686e+02,3.0756e+02,3.7787e+02,5.6163e+02,5.6116e+02,5.6055e+02,5.5463e+02,5.6062e+02,5.5510e+02,5.6128e+02,5.6120e+02,5.6164e+02,5.6139e+02,1.0000e+00,1.0000e+00,1.0000e+00,1.0000e+00,1.0000e+00,1.0000e+00,1.0000e+00,4.7517e-01,0.0000e+00,0.0000e+00,0.0000e+00,0.0000e+00,1.1972e+05,0.0000e+00,7.2118e+06,7.1586e+06,0.0000e+00,7.2282e+06,3.0258e-01,2.0859e-02,7.6338e-01,5.4538e-01,7.7460e-01
7.9002e+02,4.0766e+00,3.8194e+00,5.5374e+00,5.6308e+00,7.2767e+00,6.2972e+00,8.7760e+07,0.0000e+00,0.0000e+00,0.0000e+00,5.6883e+02,5.7025e+02,5.7433e+02,5.7633e+02,5.7847e+02,5.8048e+02,5.8240e+02,5.8435e+02,5.8496e+02,5.8658e+02,5.8390e+02,5.8426e+02,1.2429e+07,7.2612e+06,2.1991e+01,2.2833e+01,0.0000e+00,0.0000e+00,0.0000e+00,2.2158e+02,6.3763e+02,2.1832e+01,0.0000e+00,0.0000e+00,2.2625e+01,0.0000e+00,0.0000e+00,0.0000e+00,9.5695e+00,0.0000e+00,0.0000e+00,-5.5145e+01,1.8769e+02,6.0057e+02,5.8186e+02,6.0077e+02,5.6278e+02,3.0751e+02,3.0688e+02,3.0760e+02,3.7785e+02,5.6211e+02,5.6144e+02,5.6097e+02,5.5509e+02,5.6106e+02,5.5499e+02,5.6156e+02,5.6147e+02,5.6192e+02,5.6162e+02,1.0000e+00,1.0000e+00,1.0000e+00,1.0000e+00,1.0000e+00,1.0000e+00,1.0000e+00,4.7199e-01,0.0000e+00,0.0000e+00,0.0000e+00,0.0000e+00,1.1964e+05,0.0000e+00,7.2573e+06,7.2037e+06,0.0000e+00,7.2578e+06,2.9820e-01,1.8455e-02,7.3187e-01,5.4420e-01,7.7589e-01
7.9501e+02,4.0766e+00,3.8194e+00,5.5374e+00,5.6202e+00,7.3003e+00,6.7358e+00,8.7464e+07,0.0000e+00,0.0000e+00,0.0000e+00,5.6874e+02,5.7015e+02,5.7421e+02,5.7621e+02,5.7834e+02,5.8034e+02,5.8226e+02,5.8420e+02,5.8481e+02,5.8643e+02,5.8376e+02,5.8412e+02,1.2435e+07,7.2834e+06,2.1601e+01,2.2436e+01,0.0000e+00,0.0000e+00,0.0000e+00,2.2049e+02,6.3989e+02,2.2309e+01,0.0000e+00,0.0000e+00,2.2298e+01,0.0000e+00,0.0000e+00,0.0000e+00,3.7873e+01,0.0000e+00,0.0000e+00,2.7452e+02,2.4711e+02,6.0060e+02,5.8175e+02,6.0081e+02,5.6271e+02,3.0755e+02,3.0690e+02,3.0764e+02,3.7783e+02,5.6246e+02,5.6164e+02,5.6112e+02,5.5529e+02,5.6117e+02,5.5597e+02,5.6179e+02,5.6168e+02,5.6212e+02,5.6184e+02,1.0000e+00,1.0000e+00,1.0000e+00,1.0000e+00,1.0000e+00,1.0000e+00,1.0000e+00,4.6880e-01,0.0000e+00,0.0000e+00,0.0000e+00,0.0000e+00,1.1956e+05,0.0000e+00,7.2695e+06,7.2168e+06,0.0000e+00,7.2797e+06,2.8628e-01,2.0612e-02,7.1595e-01,5.5818e-01,7.5519e-01
8.0004e+02,4.0766e+00,3.8194e+00,5.5374e+00,5.6137e+00,7.4093e+00,6.4483e+00,8.7171e+07,0.0000e+00,0.0000e+00,0.0000e+00,5.6864e+02,5.7005e+02,5.7410e+02,5.7609e+02,5.7822e+02,5.8021e+02,5.8212e+02,5.8406e+02,5.8466e+02,5.8628e+02,5.8362e+02,5.8398e+02,1.2440e+07,7.2886e+06,2.2727e+01,2.2975e+01,0.0000e+00,0.0000e+00,0.0000e+00,2.2056e+02,6.4006e+02,2.2100e+01,0.0000e+00,0.0000e+00,2.2252e+01,0.0000e+00,0.0000e+00,0.0000e+00,2.6516e+01,0.0000e+00,0.0000e+00,-2.6267e+02,2.1191e+02,6.0064e+02,5.8163e+02,6.0084e+02,5.6263e+02,3.0760e+02,3.0692e+02,3.0768e+02,3.7781e+02,5.6253e+02,5.6169e+02,5.6116e+02,5.5527e+02,5.6121e+02,5.5504e+02,5.6185e+02,5.6173e+02,5.6217e+02,5.6205e+02,1.0000e+00,1.0000e+00,1.0000e+00,1.0000e+00,1.0000e+00,1.0000e+00,1.0000e+00,4.6559e-01,0.0000e+00,0.0000e+00,0.0000e+00,0.0000e+00,1.1949e+05,0.0000e+00,7.2733e+06,7.2216e+06,0.0000e+00,7.2847e+06,2.8704e-01,2.0742e-02,7.2478e-01,5.6972e-01,7.3368e-01
8.0501e+02,4.0766e+00,3.8194e+00,5.5374e+00,5.6012e+00,7.3058e+00,6.6774e+00,8.6888e+07,0.0000e+00,0.0000e+00,0.0000e+00,5.6856e+02,5.6997e+02,5.7401e+02,5.7599e+02,5.7811e+02,5.8010e+02,5.8200e+02,5.8393e+02,5.8453e+02,5.8615e+02,5.8349e+02,5.8385e+02,1.2431e+07,7.1935e+06,2.2399e+01,2.2759e+01,0.0000e+00,0.0000e+00,0.0000e+00,2.2182e+02,6.3566e+02,2.2102e+01,0.0000e+00,0.0000e+00,2.2126e+01,0.0000e+00,0.0000e+00,0.0000e+00,1.0061e+01,0.0000e+00,0.0000e+00,1.8947e+02,3.8836e+02,6.0058e+02,5.8150e+02,6.0078e+02,5.6256e+02,3.0764e+02,3.0694e+02,3.0772e+02,3.7779e+02,5.6090e+02,5.6079e+02,5.6026e+02,5.5450e+02,5.6031e+02,5.5503e+02,5.6073e+02,5.6083e+02,5.6128e+02,5.6175e+02,1.0000e+00,1.0000e+00,1.0000e+00,1.0000e+00,1.0000e+00,1.0000e+00,1.0000e+00,4.6243e-01,0.0000e+00,0.0000e+00,0.0000e+00,0.0000e+00,1.1941e+05,0.0000e+00,7.1792e+06,7.1270e+06,0.0000e+00,7.1897e+06,2.9121e-01,2.0628e-02,7.1343e-01,5.5439e-01,7.2259e-01
8.1000e+02,4.0766e+00,3.8194e+00,5.5374e+00,5.5776e+00,7.2112e+00,6.5906e+00,8.6610e+07,0.0000e+00,0.0000e+00,0.0000e+00,5.6849e+02,5.6990e+02,5.7394e+02,5.7592e+02,5.7804e+02,5.8002e+02,5.8192e+02,5.8385e+02,5.8444e+02,5.8605e+02,5.8338e+02,5.8373e+02,1.2410e+07,7.1451e+06,2.1736e+01,2.2001e+01,0.0000e+00,0.0000e+00,0.0000e+00,2.2205e+02,6.2947e+02,2.2327e+01,0.0000e+00,0.0000e+00,2.2029e+01,0.0000e+00,0.0000e+00,0.0000e+00,1.5855e+01,0.0000e+00,0.0000e+00,1.5015e+02,3.2911e+02,6.0045e+02,5.8137e+02,6.0066e+02,5.6248e+02,3.0768e+02,3.0696e+02,3.0777e+02,3.7777e+02,5.6026e+02,5.6033e+02,5.5980e+02,5.5412e+02,5.5986e+02,5.5482e+02,5.6029e+02,5.6037e+02,5.6082e+02,5.6124e+02,1.0000e+00,1.0000e+00,1.0000e+00,1.0000e+00,1.0000e+00,1.0000e+00,1.0000e+00,4.5925e-01,0.0000e+00,0.0000e+00,0.0000e+00,0.0000e+00,1.1933e+05,0.0000e+00,7.1313e+06,7.0789e+06,0.0000e+00,7.1412e+06,2.8605e-01,2.0372e-02,7.0483e-01,5.5089e-01,7.1154e-01
8.1500e+02,4.0766e+00,3.8194e+00,5.5374e+00,5.5477e+00,7.1008e+00,6.4489e+00,8.6336e+07,0.0000e+00,0.0000e+00,0.0000e+00,5.6843e+02,5.6983e+02,5.7388e+02,5.7587e+02,5.7799e+02,5.7997e+02,5.8186e+02,5.8379e+02,5.8438e+02,5.8598e+02,5.8330e+02,5.8364e+02,1.2388e+07,7.0990e+06,2.0141e+01,2.0022e+01,0.0000e+00,0.0000e+00,0.0000e+00,2.2196e+02,6.2484e+02,2.1671e+01,0.0000e+00,0.0000e+00,2.1914e+01,0.0000e+00,0.0000e+00,0.0000e+00,3.4425e+01,0.0000e+00,0.0000e+00,6.6738e+02,3.3880e+02,6.0031e+02,5.8125e+02,6.0052e+02,5.6240e+02,3.0772e+02,3.0698e+02,3.0781e+02,3.7775e+02,5.5983e+02,5.5990e+02,5.5937e+02,5.5333e+02,5.5938e+02,5.5414e+02,5.5986e+02,5.5993e+02,5.6034e+02,5.6081e+02,1.0000e+00,1.0000e+00,1.0000e+00,1.0000e+00,1.0000e+00,1.0000e+00,1.0000e+00,4.5606e-01,0.0000e+00,0.0000e+00,0.0000e+00,0.0000e+00,1.1925e+05,0.0000e+00,7.0815e+06,7.0320e+06,0.0000e+00,7.0953e+06,2.7132e-01,2.0466e-02,7.0588e-01,5.8377e-01,7.0194e-01
8.2002e+02,4.0766e+00,3.8194e+00,5.5374e+00,5.5117e+00,7.1324e+00,6.4356e+00,8.6067e+07,0.0000e+00,0.0000e+00,0.0000e+00,5.6835e+02,5.6976e+02,5.7381e+02,5.7580e+02,5.7792e+02,5.7990e+02,5.8180e+02,5.8372e+02,5.8431e+02,5.8591e+02,5.8323e+02,5.8357e+02,1.2362e+07,7.0796e+06,2.1129e+01,1.9871e+01,0.0000e+00,0.0000e+00,0.0000e+00,2.2025e+02,6.2447e+02,2.2130e+01,0.0000e+00,0.0000e+00,2.1995e+01,0.0000e+00,0.0000e+00,0.0000e+00,-2.4608e+02,0.0000e+00,0.0000e+00,-1.9368e+03,-1.7281e+03,6.0015e+02,5.8116e+02,6.0036e+02,5.6233e+02,3.0777e+02,3.0699e+02,3.0785e+02,3.7773e+02,5.5978e+02,5.5971e+02,5.5914e+02,5.5294e+02,5.5918e+02,5.5277e+02,5.5982e+02,5.5974e+02,5.6019e+02,5.6038e+02,1.0000e+00,1.0000e+00,1.0000e+00,1.0000e+00,1.0000e+00,1.0000e+00,1.0000e+00,4.5287e-01,0.0000e+00,0.0000e+00,0.0000e+00,0.0000e+00,1.1918e+05,0.0000e+00,7.0578e+06,7.0081e+06,0.0000e+00,7.0758e+06,2.7423e-01,2.0775e-02,7.4304e-01,5.8476e-01,7.0548e-01
8.2502e+02,4.0766e+00,3.8194e+00,5.5374e+00,5.4863e+00,7.0750e+00,6.5315e+00,8.5804e+07,0.0000e+00,0.0000e+00,0.0000e+00,5.6827e+02,5.6967e+02,5.7371e+02,5.7570e+02,5.7782e+02,5.7980e+02,5.8170e+02,5.8362e+02,5.8422e+02,5.8582e+02,5.8315e+02,5.8349e+02,1.2353e+07,7.1365e+06,2.4424e+01,2.3169e+01,0.0000e+00,0.0000e+00,0.0000e+00,2.1986e+02,6.2640e+02,2.2056e+01,0.0000e+00,0.0000e+00,2.1928e+01,0.0000e+00,0.0000e+00,0.0000e+00,9.7921e+01,0.0000e+00,0.0000e+00,3.4481e+02,5.9474e+02,6.0010e+02,5.8109e+02,6.0030e+02,5.6227e+02,3.0781e+02,3.0701e+02,3.0789e+02,3.7772e+02,5.6054e+02,5.6025e+02,5.5965e+02,5.5353e+02,5.5968e+02,5.5392e+02,5.6040e+02,5.6029e+02,5.6073e+02,5.6049e+02,1.0000e+00,1.0000e+00,1.0000e+00,1.0000e+00,1.0000e+00,1.0000e+00,1.0000e+00,4.4969e-01,0.0000e+00,0.0000e+00,0.0000e+00,0.0000e+00,1.1910e+05,0.0000e+00,7.1135e+06,7.0614e+06,0.0000e+00,7.1326e+06,2.8368e-01,1.9935e-02,7.7007e-01,5.7831e-01,7.3933e-01
8.3004e+02,4.0766e+00,3.8194e+00,5.5374e+00,5.4662e+00,7.3541e+00,6.2519e+00,8.5545e+07,0.0000e+00,0.0000e+00,0.0000e+00,5.6818e+02,5.6958e+02,5.7360e+02,5.7558e+02,5.7770e+02,5.7968e+02,5.8158e+02,5.8350e+02,5.8410e+02,5.8570e+02,5.8306e+02,5.8340e+02,1.2356e+07,7.1642e+06,2.3422e+01,2.3542e+01,0.0000e+00,0.0000e+00,0.0000e+00,2.1944e+02,6.2874e+02,2.2024e+01,0.0000e+00,0.0000e+00,2.2165e+01,0.0000e+00,0.0000e+00,0.0000e+00,2.2985e+01,0.0000e+00,0.0000e+00,-8.0285e+01,-1.3405e+03,6.0011e+02,5.8102e+02,6.0032e+02,5.6221e+02,3.0785e+02,3.0703e+02,3.0793e+02,3.7770e+02,5.6101e+02,5.6052e+02,5.5996e+02,5.5398e+02,5.6001e+02,5.5511e+02,5.6064e+02,5.6055e+02,5.6099e+02,5.6072e+02,1.0000e+00,1.0000e+00,1.0000e+00,1.0000e+00,1.0000e+00,1.0000e+00,1.0000e+00,4.4650e-01,0.0000e+00,0.0000e+00,0.0000e+00,0.0000e+00,1.1902e+05,0.0000e+00,7.1528e+06,7.0978e+06,0.0000e+00,7.1605e+06,3.0183e-01,1.9511e-02,7.5703e-01,5.4414e-01,7.7208e-01
8.3501e+02,4.0766e+00,3.8194e+00,5.5374e+00,5.4498e+00,7.1874e+00,6.4087e+00,8.5293e+07,0.0000e+00,0.0000e+00,0.0000e+00,5.6808e+02,5.6948e+02,5.7349e+02,5.7546e+02,5.7758e+02,5.7955e+02,5.8145e+02,5.8337e+02,5.8397e+02,5.8557e+02,5.8295e+02,5.8329e+02,1.2363e+07,7.1896e+06,2.1788e+01,2.2691e+01,0.0000e+00,0.0000e+00,0.0000e+00,2.1820e+02,6.3191e+02,2.2188e+01,0.0000e+00,0.0000e+00,2.2206e+01,0.0000e+00,0.0000e+00,0.0000e+00,1.1851e+01,0.0000e+00,0.0000e+00,-1.5252e+02,1.5300e+02,6.0016e+02,5.8094e+02,6.0036e+02,5.6214e+02,3.0790e+02,3.0704e+02,3.0797e+02,3.7768e+02,5.6143e+02,5.6076e+02,5.6022e+02,5.5444e+02,5.6025e+02,5.5469e+02,5.6098e+02,5.6079e+02,5.6124e+02,5.6095e+02,1.0000e+00,1.0000e+00,1.0000e+00,1.0000e+00,1.0000e+00,1.0000e+00,1.0000e+00,4.4334e-01,0.0000e+00,0.0000e+00,0.0000e+00,0.0000e+00,1.1894e+05,0.0000e+00,7.1765e+06,7.1240e+06,0.0000e+00,7.1858e+06,2.9745e-01,2.0457e-02,7.2816e-01,5.3927e-01,7.7033e-01
8.4003e+02,4.0766e+00,3.8194e+00,5.5374e+00,5.4391e+00,7.1507e+00,6.3727e+00,8.5044e+07,0.0000e+00,0.0000e+00,0.0000e+00,5.6799e+02,5.6938e+02,5.7338e+02,5.7534e+02,5.7745e+02,5.7942e+02,5.8131e+02,5.8323e+02,5.8383e+02,5.8543e+02,5.8282e+02,5.8317e+02,1.2371e+07,7.2111e+06,2.1415e+01,2.2306e+01,0.0000e+00,0.0000e+00,0.0000e+00,2.1728e+02,6.3400e+02,2.2195e+01,0.0000e+00,0.0000e+00,2.2176e+01,0.0000e+00,0.0000e+00,0.0000e+00,3.0704e+01,0.0000e+00,0.0000e+00,2.1255e+02,1.9088e+02,6.0021e+02,5.8084e+02,6.0041e+02,5.6207e+02,3.0794e+02,3.0706e+02,3.0801e+02,3.7766e+02,5.6178e+02,5.6096e+02,5.6043e+02,5.5465e+02,5.6045e+02,5.5533e+02,5.6127e+02,5.6100e+02,5.6144e+02,5.6116e+02,1.0000e+00,1.0000e+00,1.0000e+00,1.0000e+00,1.0000e+00,1.0000e+00,1.0000e+00,4.4016e-01,0.0000e+00,0.0000e+00,0.0000e+00,0.0000e+00,1.1886e+05,0.0000e+00,7.1969e+06,7.1440e+06,0.0000e+00,7.2072e+06,2.8414e-01,2.0584e-02,7.1041e-01,5.5460e-01,7.5000e-01
8.4502e+02,4.0766e+00,3.8194e+00,5.5374e+00,5.4324e+00,7.2450e+00,6.2895e+00,8.4800e+07,0.0000e+00,0.0000e+00,0.0000e+00,5.6790e+02,5.6929e+02,5.7327e+02,5.7523e+02,5.7733e+02,5.7929e+02,5.8118e+02,5.8309e+02,5.8369e+02,5.8529e+02,5.8269e+02,5.8304e+02,1.2376e+07,7.2264e+06,2.2461e+01,2.2560e+01,0.0000e+00,0.0000e+00,0.0000e+00,2.1729e+02,6.3381e+02,2.1952e+01,0.0000e+00,0.0000e+00,2.1863e+01,0.0000e+00,0.0000e+00,0.0000e+00,2.9406e+01,0.0000e+00,0.0000e+00,1.3905e+02,2.1240e+02,6.0024e+02,5.8073e+02,6.0044e+02,5.6199e+02,3.0798e+02,3.0707e+02,3.0805e+02,3.7764e+02,5.6202e+02,5.6110e+02,5.6053e+02,5.5462e+02,5.6054e+02,5.5469e+02,5.6142e+02,5.6114e+02,5.6158e+02,5.6138e+02,1.0000e+00,1.0000e+00,1.0000e+00,1.0000e+00,1.0000e+00,1.0000e+00,1.0000e+00,4.3699e-01,0.0000e+00,0.0000e+00,0.0000e+00,0.0000e+00,1.1879e+05,0.0000e+00,7.2044e+06,7.1533e+06,0.0000e+00,7.2225e+06,2.8538e-01,1.9977e-02,7.2054e-01,5.6793e-01,7.2892e-01
8.5001e+02,4.0766e+00,3.8194e+00,5.5374e+00,5.4213e+00,7.2042e+00,6.4032e+00,8.4560e+07,0.0000e+00,0.0000e+00,0.0000e+00,5.6782e+02,5.6920e+02,5.7318e+02,5.7514e+02,5.7723e+02,5.7919e+02,5.8107e+02,5.8298e+02,5.8358e+02,5.8517e+02,5.8256e+02,5.8291e+02,1.2369e+07,7.1298e+06,2.2565e+01,2.2890e+01,0.0000e+00,0.0000e+00,0.0000e+00,2.1796e+02,6.3003e+02,2.1773e+01,0.0000e+00,0.0000e+00,2.1877e+01,0.0000e+00,0.0000e+00,0.0000e+00,1.0899e+01,0.0000e+00,0.0000e+00,9.9319e+01,4.0725e+02,6.0019e+02,5.8060e+02,6.0040e+02,5.6191e+02,3.0803e+02,3.0709e+02,3.0809e+02,3.7762e+02,5.6036e+02,5.6019e+02,5.5964e+02,5.5391e+02,5.5969e+02,5.5325e+02,5.6016e+02,5.6023e+02,5.6067e+02,5.6112e+02,1.0000e+00,1.0000e+00,1.0000e+00,1.0000e+00,1.0000e+00,1.0000e+00,1.0000e+00,4.3382e-01,0.0000e+00,0.0000e+00,0.0000e+00,0.0000e+00,1.1871e+05,0.0000e+00,7.1095e+06,7.0611e+06,0.0000e+00,7.1260e+06,2.9071e-01,1.9910e-02,7.1169e-01,5.5158e-01,7.1969e-01
8.5503e+02,4.0766e+00,3.8194e+00,5.5374e+00,5.3977e+00,7.0828e+00,6.3437e+00,8.4323e+07,0.0000e+00,0.0000e+00,0.0000e+00,5.6775e+02,5.6913e+02,5.7312e+02,5.7507e+02,5.7716e+02,5.7912e+02,5.8099e+02,5.8290e+02,5.8349e+02,5.8508e+02,5.8246e+02,5.8280e+02,1.2349e+07,7.0800e+06,2.1816e+01,2.2155e+01,0.0000e+00,0.0000e+00,0.0000e+00,2.1840e+02,6.2388e+02,2.1756e+01,0.0000e+00,0.0000e+00,2.2094e+01,0.0000e+00,0.0000e+00,0.0000e+00,1.1088e+01,0.0000e+00,0.0000e+00,5.0689e+01,2.6096e+02,6.0007e+02,5.8047e+02,6.0027e+02,5.6183e+02,3.0807e+02,3.0711e+02,3.0814e+02,3.7760e+02,5.5964e+02,5.5971e+02,5.5920e+02,5.5353e+02,5.5921e+02,5.5417e+02,5.5966e+02,5.5975e+02,5.6020e+02,5.6060e+02,1.0000e+00,1.0000e+00,1.0000e+00,1.0000e+00,1.0000e+00,1.0000e+00,1.0000e+00,4.3064e-01,0.0000e+00,0.0000e+00,0.0000e+00,0.0000e+00,1.1863e+05,0.0000e+00,7.0695e+06,7.0165e+06,0.0000e+00,7.0763e+06,2.8550e-01,1.9216e-02,7.0091e-01,5.4628e-01,7.0933e-01
8.6003e+02,4.0766e+00,3.8194e+00,5.5374e+00,5.3683e+00,6.8370e+00,6.2637e+00,8.4091e+07,0.0000e+00,0.0000e+00,0.0000e+00,5.6768e+02,5.6907e+02,5.7306e+02,5.7502e+02,5.7711e+02,5.7907e+02,5.8094e+02,5.8284e+02,5.8343e+02,5.8501e+02,5.8238e+02,5.8272e+02,1.2329e+07,7.0338e+06,1.9957e+01,1.9979e+01,0.0000e+00,0.0000e+00,0.0000e+00,2.1714e+02,6.2054e+02,2.1481e+01,0.0000e+00,0.0000e+00,2.1832e+01,0.0000e+00,0.0000e+00,0.0000e+00,7.5372e+01,0.0000e+00,0.0000e+00,8.4531e+02,1.3738e+03,5.9994e+02,5.8037e+02,6.0015e+02,5.6175e+02,3.0811e+02,3.0712e+02,3.0818e+02,3.7758e+02,5.5920e+02,5.5927e+02,5.5874e+02,5.5277e+02,5.5872e+02,5.5341e+02,5.5922e+02,5.5931e+02,5.5969e+02,5.6018e+02,1.0000e+00,1.0000e+00,1.0000e+00,1.0000e+00,1.0000e+00,1.0000e+00,1.0000e+00,4.2747e-01,0.0000e+00,0.0000e+00,0.0000e+00,0.0000e+00,1.1856e+05,0.0000e+00,7.0173e+06,6.9680e+06,0.0000e+00,7.0301e+06,2.7128e-01,1.9690e-02,6.9956e-01,5.7633e-01,6.9831e-01
8.6504e+02,4.0766e+00,3.8194e+00,5.5374e+00,5.3337e+00,7.1176e+00,6.2554e+00,8.3862e+07,0.0000e+00,0.0000e+00,0.0000e+00,5.6761e+02,5.6900e+02,5.7299e+02,5.7495e+02,5.7705e+02,5.7900e+02,5.8088e+02,5.8278e+02,5.8337e+02,5.8495e+02,5.8231e+02,5.8265e+02,1.2308e+07,7.0002e+06,2.0918e+01,1.9757e+01,0.0000e+00,0.0000e+00,0.0000e+00,2.1579e+02,6.1963e+02,2.2008e+01,0.0000e+00,0.0000e+00,2.1862e+01,0.0000e+00,0.0000e+00,0.0000e+00,-1.4166e+02,0.0000e+00,0.0000e+00,-9.8169e+02,-2.6393e+03,5.9981e+02,5.8028e+02,6.0002e+02,5.6168e+02,3.0815e+02,3.0714e+02,3.0822e+02,3.7757e+02,5.5896e+02,5.5894e+02,5.5837e+02,5.5223e+02,5.5839e+02,5.5330e+02,5.5900e+02,5.5898e+02,5.5942e+02,5.5971e+02,1.0000e+00,1.0000e+00,1.0000e+00,1.0000e+00,1.0000e+00,1.0000e+00,1.0000e+00,4.2430e-01,0.0000e+00,0.0000e+00,0.0000e+00,0.0000e+00,1.1848e+05,0.0000e+00,6.9795e+06,6.9288e+06,0.0000e+00,6.9965e+06,2.7324e-01,2.0590e-02,7.3406e-01,5.8239e-01,6.9888e-01
8.7000e+02,4.0766e+00,3.8194e+00,5.5374e+00,5.3081e+00,7.0575e+00,6.2414e+00,8.3638e+07,0.0000e+00,0.0000e+00,0.0000e+00,5.6752e+02,5.6891e+02,5.7290e+02,5.7486e+02,5.7696e+02,5.7892e+02,5.8079e+02,5.8270e+02,5.8329e+02,5.8487e+02,5.8225e+02,5.8258e+02,1.2300e+07,7.0613e+06,2.3978e+01,2.2569e+01,0.0000e+00,0.0000e+00,0.0000e+00,2.1576e+02,6.2074e+02,2.2232e+01,0.0000e+00,0.0000e+00,2.2038e+01,0.0000e+00,0.0000e+00,0.0000e+00,1.6745e+02,0.0000e+00,0.0000e+00,3.5207e+02,5.9764e+02,5.9977e+02,5.8022e+02,5.9997e+02,5.6161e+02,3.0820e+02,3.0715e+02,3.0825e+02,3.7755e+02,5.5982e+02,5.5953e+02,5.5895e+02,5.5284e+02,5.5901e+02,5.5359e+02,5.5969e+02,5.5957e+02,5.6000e+02,5.5979e+02,1.0000e+00,1.0000e+00,1.0000e+00,1.0000e+00,1.0000e+00,1.0000e+00,1.0000e+00,4.2116e-01,0.0000e+00,0.0000e+00,0.0000e+00,0.0000e+00,1.1840e+05,0.0000e+00,7.0437e+06,6.9904e+06,0.0000e+00,7.0574e+06,2.8138e-01,2.0407e-02,7.6681e-01,5.7468e-01,7.3022e-01
8.7501e+02,4.0766e+00,3.8194e+00,5.5374e+00,5.2864e+00,6.9731e+00,6.2016e+00,8.3416e+07,0.0000e+00,0.0000e+00,0.0000e+00,5.6744e+02,5.6882e+02,5.7280e+02,5.7476e+02,5.7685e+02,5.7881e+02,5.8069e+02,5.8260e+02,5.8319e+02,5.8478e+02,5.8217e+02,5.8250e+02,1.2296e+07,7.0876e+06,2.3399e+01,2.3425e+01,0.0000e+00,0.0000e+00,0.0000e+00,2.1564e+02,6.2181e+02,2.1969e+01,0.0000e+00,0.0000e+00,2.2108e+01,0.0000e+00,0.0000e+00,0.0000e+00,-2.9289e+00,0.0000e+00,0.0000e+00,-7.2670e+02,-3.5678e+02,5.9974e+02,5.8015e+02,5.9994e+02,5.6154e+02,3.0824e+02,3.0716e+02,3.0829e+02,3.7753e+02,5.6025e+02,5.5979e+02,5.5923e+02,5.5324e+02,5.5932e+02,5.5457e+02,5.5998e+02,5.5982e+02,5.6026e+02,5.6003e+02,1.0000e+00,1.0000e+00,1.0000e+00,1.0000e+00,1.0000e+00,1.0000e+00,1.0000e+00,4.1799e-01,0.0000e+00,0.0000e+00,0.0000e+00,0.0000e+00,1.1832e+05,0.0000e+00,7.0778e+06,7.0228e+06,0.0000e+00,7.0840e+06,3.0056e-01,1.9266e-02,7.5405e-01,5.4261e-01,7.6664e-01
8.8002e+02,4.0766e+00,3.8194e+00,5.5374e+00,5.2690e+00,6.9784e+00,6.1330e+00,8.3198e+07,0.0000e+00,0.0000e+00,0.0000e+00,5.6734e+02,5.6872e+02,5.7269e+02,5.7464e+02,5.7673e+02,5.7869e+02,5.8056e+02,5.8247e+02,5.8307e+02,5.8465e+02,5.8206e+02,5.8240e+02,1.2293e+07,7.1110e+06,2.1717e+01,2.2503e+01,0.0000e+00,0.0000e+00,0.0000e+00,2.1570e+02,6.2414e+02,2.2238e+01,0.0000e+00,0.0000e+00,2.2030e+01,0.0000e+00,0.0000e+00,0.0000e+00,1.4989e+01,0.0000e+00,0.0000e+00,8.9324e+01,3.0510e+02,5.9972e+02,5.8008e+02,5.9993e+02,5.6147e+02,3.0828e+02,3.0718e+02,3.0833e+02,3.7751e+02,5.6063e+02,5.6001e+02,5.5947e+02,5.5373e+02,5.5955e+02,5.5402e+02,5.6030e+02,5.6005e+02,5.6049e+02,5.6023e+02,1.0000e+00,1.0000e+00,1.0000e+00,1.0000e+00,1.0000e+00,1.0000e+00,1.0000e+00,4.1482e-01,0.0000e+00,0.0000e+00,0.0000e+00,0.0000e+00,1.1825e+05,0.0000e+00,7.0976e+06,7.0458e+06,0.0000e+00,7.1073e+06,2.9737e-01,2.0262e-02,7.2516e-01,5.3387e-01,7.6654e-01
8.8501e+02,4.0766e+00,3.8194e+00,5.5374e+00,5.2586e+00,7.1240e+00,5.9748e+00,8.2983e+07,0.0000e+00,0.0000e+00,0.0000e+00,5.6724e+02,5.6862e+02,5.7257e+02,5.7451e+02,5.7660e+02,5.7855e+02,5.8042e+02,5.8232e+02,5.8293e+02,5.8451e+02,5.8194e+02,5.8228e+02,1.2296e+07,7.1300e+06,2.1150e+01,2.2067e+01,0.0000e+00,0.0000e+00,0.0000e+00,2.1456e+02,6.2772e+02,2.2207e+01,0.0000e+00,0.0000e+00,2.2004e+01,0.0000e+00,0.0000e+00,0.0000e+00,3.9484e+01,0.0000e+00,0.0000e+00,3.2685e+02,2.9803e+02,5.9974e+02,5.7998e+02,5.9994e+02,5.6140e+02,3.0833e+02,3.0719e+02,3.0837e+02,3.7749e+02,5.6094e+02,5.6019e+02,5.5965e+02,5.5394e+02,5.5968e+02,5.5484e+02,5.6052e+02,5.6023e+02,5.6066e+02,5.6041e+02,1.0000e+00,1.0000e+00,1.0000e+00,1.0000e+00,1.0000e+00,1.0000e+00,1.0000e+00,4.1167e-01,0.0000e+00,0.0000e+00,0.0000e+00,0.0000e+00,1.1817e+05,0.0000e+00,7.1156e+06,7.0628e+06,0.0000e+00,7.1262e+06,2.8263e-01,2.0495e-02,7.0438e-01,5.4788e-01,7.4652e-01
8.9001e+02,4.0766e+00,3.8194e+00,5.5374e+00,5.2508e+00,7.1129e+00,6.0283e+00,8.2771e+07,0.0000e+00,0.0000e+00,0.0000e+00,5.6715e+02,5.6852e+02,5.7245e+02,5.7440e+02,5.7647e+02,5.7842e+02,5.8028e+02,5.8218e+02,5.8279e+02,5.8437e+02,5.8181e+02,5.8215e+02,1.2297e+07,7.1531e+06,2.2082e+01,2.2180e+01,0.0000e+00,0.0000e+00,0.0000e+00,2.1491e+02,6.2769e+02,2.2182e+01,0.0000e+00,0.0000e+00,2.2047e+01,0.0000e+00,0.0000e+00,0.0000e+00,1.5242e+01,0.0000e+00,0.0000e+00,-3.9670e+02,-3.0298e+01,5.9974e+02,5.7987e+02,5.9995e+02,5.6132e+02,3.0837e+02,3.0721e+02,3.0841e+02,3.7747e+02,5.6132e+02,5.6041e+02,5.5984e+02,5.5391e+02,5.5984e+02,5.5468e+02,5.6078e+02,5.6045e+02,5.6088e+02,5.6063e+02,1.0000e+00,1.0000e+00,1.0000e+00,1.0000e+00,1.0000e+00,1.0000e+00,1.0000e+00,4.0851e-01,0.0000e+00,0.0000e+00,0.0000e+00,0.0000e+00,1.1809e+05,0.0000e+00,7.1359e+06,7.0817e+06,0.0000e+00,7.1491e+06,2.8352e-01,2.0129e-02,7.1491e-01,5.6549e-01,7.2434e-01
8.9500e+02,4.0766e+00,3.8194e+00,5.5374e+00,5.2422e+00,7.0745e+00,6.2078e+00,8.2562e+07,0.0000e+00,0.0000e+00,0.0000e+00,5.6706e+02,5.6843e+02,5.7236e+02,5.7429e+02,5.7636e+02,5.7830e+02,5.8016e+02,5.8206e+02,5.8266e+02,5.8423e+02,5.8168e+02,5.8202e+02,1.2293e+07,7.0734e+06,2.2895e+01,2.3148e+01,0.0000e+00,0.0000e+00,0.0000e+00,2.1566e+02,6.2547e+02,2.1531e+01,0.0000e+00,0.0000e+00,2.1661e+01,0.0000e+00,0.0000e+00,0.0000e+00,1.6625e+01,0.0000e+00,0.0000e+00,3.2674e+02,7.9280e+02,5.9972e+02,5.7975e+02,5.9993e+02,5.6125e+02,3.0841e+02,3.0722e+02,3.0845e+02,3.7745e+02,5.5994e+02,5.5965e+02,5.5912e+02,5.5339e+02,5.5915e+02,5.5375e+02,5.5960e+02,5.5969e+02,5.6012e+02,5.6056e+02,1.0000e+00,1.0000e+00,1.0000e+00,1.0000e+00,1.0000e+00,1.0000e+00,1.0000e+00,4.0536e-01,0.0000e+00,0.0000e+00,0.0000e+00,0.0000e+00,1.1801e+05,0.0000e+00,7.0545e+06,7.0060e+06,0.0000e+00,7.0700e+06,2.9082e-01,1.9526e-02,7.1341e-01,5.4926e-01,7.1848e-01
9.0002e+02,4.0766e+00,3.8194e+00,5.5374e+00,5.2221e+00,7.0456e+00,6.1456e+00,8.2356e+07,0.0000e+00,0.0000e+00,0.0000e+00,5.6699e+02,5.6836e+02,5.7228e+02,5.7422e+02,5.7628e+02,5.7822e+02,5.8007e+02,5.8196e+02,5.8255e+02,5.8413e+02,5.8156e+02,5.8190e+02,1.2277e+07,7.0193e+06,2.1697e+01,2.2124e+01,0.0000e+00,0.0000e+00,0.0000e+00,2.1756e+02,6.1917e+02,2.1462e+01,0.0000e+00,0.0000e+00,2.1871e+01,0.0000e+00,0.0000e+00,0.0000e+00,2.3271e+01,0.0000e+00,0.0000e+00,2.1386e+02,5.8434e+02,5.9962e+02,5.7962e+02,5.9983e+02,5.6117e+02,3.0845e+02,3.0723e+02,3.0849e+02,3.7743e+02,5.5906e+02,5.5913e+02,5.5861e+02,5.5301e+02,5.5862e+02,5.5366e+02,5.5910e+02,5.5917e+02,5.5961e+02,5.6004e+02,1.0000e+00,1.0000e+00,1.0000e+00,1.0000e+00,1.0000e+00,1.0000e+00,1.0000e+00,4.0220e-01,0.0000e+00,0.0000e+00,0.0000e+00,0.0000e+00,1.1794e+05,0.0000e+00,7.0089e+06,6.9558e+06,0.0000e+00,7.0157e+06,2.8489e-01,1.8780e-02,6.9679e-01,5.3963e-01,7.0949e-01
9.0503e+02,4.0766e+00,3.8194e+00,5.5374e+00,5.1938e+00,7.0343e+00,6.0594e+00,8.2152e+07,0.0000e+00,0.0000e+00,0.0000e+00,5.6692e+02,5.6829e+02,5.7222e+02,5.7416e+02,5.7622e+02,5.7816e+02,5.8001e+02,5.8189e+02,5.8248e+02,5.8405e+02,5.8147e+02,5.8180e+02,1.2259e+07,6.9732e+06,1.9768e+01,1.9888e+01,0.0000e+00,0.0000e+00,0.0000e+00,2.1718e+02,6.1507e+02,2.1716e+01,0.0000e+00,0.0000e+00,2.1560e+01,0.0000e+00,0.0000e+00,0.0000e+00,1.8734e+01,0.0000e+00,0.0000e+00,-3.9110e+02,-7.2754e+02,5.9950e+02,5.7950e+02,5.9971e+02,5.6109e+02,3.0850e+02,3.0724e+02,3.0853e+02,3.7742e+02,5.5861e+02,5.5868e+02,5.5815e+02,5.5232e+02,5.5819e+02,5.5299e+02,5.5863e+02,5.5872e+02,5.5916e+02,5.5956e+02,1.0000e+00,1.0000e+00,1.0000e+00,1.0000e+00,1.0000e+00,1.0000e+00,1.0000e+00,3.9904e-01,0.0000e+00,0.0000e+00,0.0000e+00,0.0000e+00,1.1786e+05,0.0000e+00,6.9566e+06,6.9076e+06,0.0000e+00,6.9694e+06,2.7200e-01,2.0106e-02,6.9232e-01,5.6360e-01,6.9553e-01
9.1002e+02,4.0766e+00,3.8194e+00,5.5374e+00,5.1608e+00,6.4476e+00,6.0428e+00,8.1952e+07,0.0000e+00,0.0000e+00,0.0000e+00,5.6686e+02,5.6823e+02,5.7216e+02,5.7410e+02,5.7616e+02,5.7810e+02,5.7995e+02,5.8183e+02,5.8242e+02,5.8398e+02,5.8140e+02,5.8173e+02,1.2241e+07,6.9234e+06,2.1127e+01,2.0248e+01,0.0000e+00,0.0000e+00,0.0000e+00,2.1586e+02,6.1354e+02,2.1521e+01,0.0000e+00,0.0000e+00,2.1607e+01,0.0000e+00,0.0000e+00,0.0000e+00,1.0242e+02,0.0000e+00,0.0000e+00,4.5695e+02,1.0574e+03,5.9939e+02,5.7941e+02,5.9960e+02,5.6103e+02,3.0854e+02,3.0726e+02,3.0857e+02,3.7740e+02,5.5812e+02,5.5820e+02,5.5763e+02,5.5163e+02,5.5763e+02,5.5258e+02,5.5814e+02,5.5824e+02,5.5870e+02,5.5912e+02,1.0000e+00,1.0000e+00,1.0000e+00,1.0000e+00,1.0000e+00,1.0000e+00,1.0000e+00,3.9590e-01,0.0000e+00,0.0000e+00,0.0000e+00,0.0000e+00,1.1778e+05,0.0000e+00,6.9029e+06,6.8531e+06,0.0000e+00,6.9198e+06,2.7178e-01,2.0518e-02,7.2280e-01,5.7997e-01,6.9126e-01
9.1505e+02,4.0766e+00,3.8194e+00,5.5374e+00,5.1302e+00,7.1072e+00,5.9944e+00,8.1754e+07,0.0000e+00,0.0000e+00,0.0000e+00,5.6678e+02,5.6815e+02,5.7208e+02,5.7402e+02,5.7609e+02,5.7802e+02,5.7988e+02,5.8176e+02,5.8235e+02,5.8391e+02,5.8133e+02,5.8166e+02,1.2230e+07,6.9742e+06,2.2676e+01,2.1097e+01,0.0000e+00,0.0000e+00,0.0000e+00,2.1451e+02,6.1493e+02,2.1485e+01,0.0000e+00,0.0000e+00,2.2108e+01,0.0000e+00,0.0000e+00,0.0000e+00,5.1842e+01,0.0000e+00,0.0000e+00,5.0211e+02,7.5193e+02,5.9932e+02,5.7933e+02,5.9953e+02,5.6096e+02,3.0858e+02,3.0727e+02,3.0861e+02,3.7738e+02,5.5896e+02,5.5869e+02,5.5815e+02,5.5206e+02,5.5817e+02,5.5306e+02,5.5887e+02,5.5873e+02,5.5915e+02,5.5900e+02,1.0000e+00,1.0000e+00,1.0000e+00,1.0000e+00,1.0000e+00,1.0000e+00,1.0000e+00,3.9273e-01,0.0000e+00,0.0000e+00,0.0000e+00,0.0000e+00,1.1771e+05,0.0000e+00,6.9630e+06,6.9092e+06,0.0000e+00,6.9706e+06,2.7577e-01,1.7897e-02,7.5993e-01,5.7008e-01,7.1538e-01
9.2002e+02,4.0766e+00,3.8194e+00,5.5374e+00,5.1131e+00,6.8366e+00,5.9630e+00,8.1560e+07,0.0000e+00,0.0000e+00,0.0000e+00,5.6670e+02,5.6807e+02,5.7199e+02,5.7392e+02,5.7599e+02,5.7793e+02,5.7978e+02,5.8166e+02,5.8226e+02,5.8382e+02,5.8125e+02,5.8158e+02,1.2230e+07,6.9986e+06,2.3769e+01,2.3552e+01,0.0000e+00,0.0000e+00,0.0000e+00,2.1325e+02,6.1769e+02,2.1962e+01,0.0000e+00,0.0000e+00,2.2022e+01,0.0000e+00,0.0000e+00,0.0000e+00,1.2144e+01,0.0000e+00,0.0000e+00,-6.2022e+01,1.9813e+02,5.9933e+02,5.7927e+02,5.9954e+02,5.6090e+02,3.0862e+02,3.0728e+02,3.0864e+02,3.7736e+02,5.5929e+02,5.5893e+02,5.5837e+02,5.5234e+02,5.5845e+02,5.5291e+02,5.5913e+02,5.5896e+02,5.5940e+02,5.5919e+02,1.0000e+00,1.0000e+00,1.0000e+00,1.0000e+00,1.0000e+00,1.0000e+00,1.0000e+00,3.8960e-01,0.0000e+00,0.0000e+00,0.0000e+00,0.0000e+00,1.1763e+05,0.0000e+00,6.9858e+06,6.9323e+06,0.0000e+00,6.9949e+06,2.9053e-01,2.0056e-02,7.5166e-01,5.5774e-01,7.5640e-01
9.2504e+02,4.0766e+00,3.8194e+00,5.5374e+00,5.1019e+00,6.9161e+00,6.0817e+00,8.1366e+07,0.0000e+00,0.0000e+00,0.0000e+00,5.6662e+02,5.6798e+02,5.7189e+02,5.7382e+02,5.7589e+02,5.7782e+02,5.7967e+02,5.8155e+02,5.8215e+02,5.8372e+02,5.8116e+02,5.8150e+02,1.2232e+07,7.0201e+06,2.2325e+01,2.2854e+01,0.0000e+00,0.0000e+00,0.0000e+00,2.1114e+02,6.2102e+02,2.1829e+01,0.0000e+00,0.0000e+00,2.1974e+01,0.0000e+00,0.0000e+00,0.0000e+00,3.7807e+01,0.0000e+00,0.0000e+00,2.7921e+02,4.8971e+02,5.9934e+02,5.7920e+02,5.9954e+02,5.6083e+02,3.0867e+02,3.0729e+02,3.0868e+02,3.7734e+02,5.5965e+02,5.5914e+02,5.5860e+02,5.5273e+02,5.5865e+02,5.5305e+02,5.5942e+02,5.5917e+02,5.5961e+02,5.5937e+02,1.0000e+00,1.0000e+00,1.0000e+00,1.0000e+00,1.0000e+00,1.0000e+00,1.0000e+00,3.8644e-01,0.0000e+00,0.0000e+00,0.0000e+00,0.0000e+00,1.1755e+05,0.0000e+00,7.0090e+06,6.9561e+06,0.0000e+00,7.0164e+06,2.9799e-01,1.9470e-02,7.3275e-01,5.3609e-01,7.6339e-01
9.3001e+02,4.0766e+00,3.8194e+00,5.5374e+00,5.0956e+00,7.0047e+00,5.8717e+00,8.1177e+07,0.0000e+00,0.0000e+00,0.0000e+00,5.6653e+02,5.6790e+02,5.7179e+02,5.7372e+02,5.7578e+02,5.7771e+02,5.7956e+02,5.8144e+02,5.8204e+02,5.8361e+02,5.8106e+02,5.8140e+02,1.2234e+07,7.0388e+06,2.1346e+01,2.2232e+01,0.0000e+00,0.0000e+00,0.0000e+00,2.0998e+02,6.2237e+02,2.2112e+01,0.0000e+00,0.0000e+00,2.1821e+01,0.0000e+00,0.0000e+00,0.0000e+00,2.3745e+01,0.0000e+00,0.0000e+00,-4.9066e+02,1.9452e+02,5.9935e+02,5.7912e+02,5.9956e+02,5.6076e+02,3.0871e+02,3.0731e+02,3.0872e+02,3.7732e+02,5.5995e+02,5.5931e+02,5.5878e+02,5.5314e+02,5.5882e+02,5.5353e+02,5.5963e+02,5.5935e+02,5.5979e+02,5.5958e+02,1.0000e+00,1.0000e+00,1.0000e+00,1.0000e+00,1.0000e+00,1.0000e+00,1.0000e+00,3.8332e-01,0.0000e+00,0.0000e+00,0.0000e+00,0.0000e+00,1.1748e+05,0.0000e+00,7.0238e+06,6.9720e+06,0.0000e+00,7.0348e+06,2.8780e-01,2.0205e-02,7.0890e-01,5.3519e-01,7.4934e-01
9.3501e+02,4.0766e+00,3.8194e+00,5.5374e+00,5.0918e+00,6.9396e+00,5.9760e+00,8.0989e+07,0.0000e+00,0.0000e+00,0.0000e+00,5.6645e+02,5.6781e+02,5.7171e+02,5.7363e+02,5.7569e+02,5.7761e+02,5.7946e+02,5.8134e+02,5.8193e+02,5.8350e+02,5.8096e+02,5.8129e+02,1.2236e+07,7.0581e+06,2.1390e+01,2.1871e+01,0.0000e+00,0.0000e+00,0.0000e+00,2.0963e+02,6.2179e+02,2.2267e+01,0.0000e+00,0.0000e+00,2.1953e+01,0.0000e+00,0.0000e+00,0.0000e+00,2.2659e+01,0.0000e+00,0.0000e+00,1.7339e+02,1.0604e+02,5.9937e+02,5.7902e+02,5.9957e+02,5.6068e+02,3.0875e+02,3.0732e+02,3.0876e+02,3.7730e+02,5.6027e+02,5.5950e+02,5.5897e+02,5.5313e+02,5.5903e+02,5.5377e+02,5.5985e+02,5.5954e+02,5.5997e+02,5.5974e+02,1.0000e+00,1.0000e+00,1.0000e+00,1.0000e+00,1.0000e+00,1.0000e+00,1.0000e+00,3.8018e-01,0.0000e+00,0.0000e+00,0.0000e+00,0.0000e+00,1.1740e+05,0.0000e+00,7.0448e+06,6.9924e+06,0.0000e+00,7.0543e+06,2.7993e-01,2.0226e-02,7.0215e-01,5.5528e-01,7.2836e-01
9.4002e+02,4.0766e+00,3.8194e+00,5.5374e+00,5.0889e+00,6.9738e+00,5.9848e+00,8.0803e+07,0.0000e+00,0.0000e+00,0.0000e+00,5.6637e+02,5.6773e+02,5.7162e+02,5.7355e+02,5.7560e+02,5.7752e+02,5.7937e+02,5.8124e+02,5.8184e+02,5.8340e+02,5.8086e+02,5.8119e+02,1.2239e+07,7.0754e+06,2.2311e+01,2.2096e+01,0.0000e+00,0.0000e+00,0.0000e+00,2.1066e+02,6.1863e+02,2.2140e+01,0.0000e+00,0.0000e+00,2.1933e+01,0.0000e+00,0.0000e+00,0.0000e+00,2.7025e+01,0.0000e+00,0.0000e+00,1.0066e+02,1.3703e+02,5.9938e+02,5.7893e+02,5.9959e+02,5.6061e+02,3.0880e+02,3.0733e+02,3.0879e+02,3.7728e+02,5.6055e+02,5.5966e+02,5.5907e+02,5.5321e+02,5.5905e+02,5.5367e+02,5.6015e+02,5.5970e+02,5.6014e+02,5.5993e+02,1.0000e+00,1.0000e+00,1.0000e+00,1.0000e+00,1.0000e+00,1.0000e+00,1.0000e+00,3.7703e-01,0.0000e+00,0.0000e+00,0.0000e+00,0.0000e+00,1.1732e+05,0.0000e+00,7.0580e+06,7.0035e+06,0.0000e+00,7.0712e+06,2.8638e-01,2.0092e-02,7.1917e-01,5.5716e-01,7.1567e-01
9.4504e+02,4.0766e+00,3.8194e+00,5.5374e+00,5.0779e+00,6.9164e+00,5.9125e+00,8.0618e+07,0.0000e+00,0.0000e+00,0.0000e+00,5.6631e+02,5.6767e+02,5.7156e+02,5.7348e+02,5.7554e+02,5.7746e+02,5.7930e+02,5.8117e+02,5.8176e+02,5.8332e+02,5.8077e+02,5.8110e+02,1.2227e+07,7.0037e+06,2.2494e+01,2.2912e+01,0.0000e+00,0.0000e+00,0.0000e+00,2.1092e+02,6.1343e+02,2.1557e+01,0.0000e+00,0.0000e+00,2.1962e+01,0.0000e+00,0.0000e+00,0.0000e+00,1.9809e+01,0.0000e+00,0.0000e+00,2.1799e+02,4.8854e+02,5.9930e+02,5.7883e+02,5.9951e+02,5.6053e+02,3.0884e+02,3.0734e+02,3.0883e+02,3.7727e+02,5.5930e+02,5.5898e+02,5.5846e+02,5.5281e+02,5.5848e+02,5.5347e+02,5.5901e+02,5.5901e+02,5.5945e+02,5.5986e+02,1.0000e+00,1.0000e+00,1.0000e+00,1.0000e+00,1.0000e+00,1.0000e+00,1.0000e+00,3.7388e-01,0.0000e+00,0.0000e+00,0.0000e+00,0.0000e+00,1.1725e+05,0.0000e+00,6.9939e+06,6.9405e+06,0.0000e+00,7.0001e+06,2.8904e-01,1.8819e-02,7.0792e-01,5.4096e-01,7.1873e-01
9.5003e+02,4.0766e+00,3.8194e+00,5.5374e+00,5.0501e+00,6.8948e+00,5.8551e+00,8.0438e+07,0.0000e+00,0.0000e+00,0.0000e+00,5.6625e+02,5.6761e+02,5.7152e+02,5.7344e+02,5.7550e+02,5.7742e+02,5.7926e+02,5.8113e+02,5.8172e+02,5.8327e+02,5.8071e+02,5.8103e+02,1.2207e+07,6.9520e+06,2.1360e+01,2.1970e+01,0.0000e+00,0.0000e+00,0.0000e+00,2.1035e+02,6.0856e+02,2.1445e+01,0.0000e+00,0.0000e+00,2.1417e+01,0.0000e+00,0.0000e+00,0.0000e+00,2.6512e+01,0.0000e+00,0.0000e+00,1.9782e+02,4.0815e+02,5.9918e+02,5.7873e+02,5.9939e+02,5.6045e+02,3.0888e+02,3.0735e+02,3.0887e+02,3.7725e+02,5.5840e+02,5.5848e+02,5.5793e+02,5.5236e+02,5.5794e+02,5.5225e+02,5.5845e+02,5.5851e+02,5.5895e+02,5.5937e+02,1.0000e+00,1.0000e+00,1.0000e+00,1.0000e+00,1.0000e+00,1.0000e+00,1.0000e+00,3.7076e-01,0.0000e+00,0.0000e+00,0.0000e+00,0.0000e+00,1.1717e+05,0.0000e+00,6.9319e+06,6.8836e+06,0.0000e+00,6.9483e+06,2.8052e-01,1.9707e-02,6.8857e-01,5.4005e-01,7.0735e-01
9.5501e+02,4.0766e+00,3.8194e+00,5.5374e+00,5.0181e+00,6.8299e+00,5.8251e+00,8.0259e+07,0.0000e+00,0.0000e+00,0.0000e+00,5.6618e+02,5.6755e+02,5.7146e+02,5.7339e+02,5.7545e+02,5.7737e+02,5.7922e+02,5.8109e+02,5.8167e+02,5.8323e+02,5.8066e+02,5.8098e+02,1.2189e+07,6.9061e+06,2.0137e+01,2.0144e+01,0.0000e+00,0.0000e+00,0.0000e+00,2.0978e+02,6.0654e+02,2.1133e+01,0.0000e+00,0.0000e+00,2.1607e+01,0.0000e+00,0.0000e+00,0.0000e+00,3.5416e+01,0.0000e+00,0.0000e+00,4.1548e+02,-4.1873e+03,5.9907e+02,5.7866e+02,5.9928e+02,5.6038e+02,3.0892e+02,3.0736e+02,3.0890e+02,3.7723e+02,5.5797e+02,5.5803e+02,5.5753e+02,5.5176e+02,5.5756e+02,5.5178e+02,5.5801e+02,5.5807e+02,5.5848e+02,5.5891e+02,1.0000e+00,1.0000e+00,1.0000e+00,1.0000e+00,1.0000e+00,1.0000e+00,1.0000e+00,3.6763e-01,0.0000e+00,0.0000e+00,0.0000e+00,0.0000e+00,1.1709e+05,0.0000e+00,6.8938e+06,6.8445e+06,0.0000e+00,6.9027e+06,2.7306e-01,1.9075e-02,6.9034e-01,5.5355e-01,6.8974e-01
9.6000e+02,4.0766e+00,3.8194e+00,5.5374e+00,4.9824e+00,6.4896e+00,5.9610e+00,8.0082e+07,0.0000e+00,0.0000e+00,0.0000e+00,5.6610e+02,5.6747e+02,5.7138e+02,5.7331e+02,5.7538e+02,5.7731e+02,5.7915e+02,5.8103e+02,5.8162e+02,5.8317e+02,5.8061e+02,5.8093e+02,1.2170e+07,6.8578e+06,2.0753e+01,1.9954e+01,0.0000e+00,0.0000e+00,0.0000e+00,2.0964e+02,6.0629e+02,2.1151e+01,0.0000e+00,0.0000e+00,2.1308e+01,0.0000e+00,0.0000e+00,0.0000e+00,1.4574e+02,0.0000e+00,0.0000e+00,4.8864e+02,1.0611e+03,5.9895e+02,5.7861e+02,5.9916e+02,5.6031e+02,3.0897e+02,3.0737e+02,3.0894e+02,3.7721e+02,5.5749e+02,5.5756e+02,5.5699e+02,5.5099e+02,5.5701e+02,5.5113e+02,5.5750e+02,5.5759e+02,5.5799e+02,5.5845e+02,1.0000e+00,1.0000e+00,1.0000e+00,1.0000e+00,1.0000e+00,1.0000e+00,1.0000e+00,3.6450e-01,0.0000e+00,0.0000e+00,0.0000e+00,0.0000e+00,1.1702e+05,0.0000e+00,6.8328e+06,6.7871e+06,0.0000e+00,6.8543e+06,2.7130e-01,1.9863e-02,7.1503e-01,5.7655e-01,6.8599e-01
9.6504e+02,4.0766e+00,3.8194e+00,5.5374e+00,4.9485e+00,6.9487e+00,5.8592e+00,7.9905e+07,0.0000e+00,0.0000e+00,0.0000e+00,5.6602e+02,5.6738e+02,5.7128e+02,5.7322e+02,5.7528e+02,5.7721e+02,5.7906e+02,5.8094e+02,5.8153e+02,5.8309e+02,5.8054e+02,5.8087e+02,1.2158e+07,6.8901e+06,2.1972e+01,2.0468e+01,0.0000e+00,0.0000e+00,0.0000e+00,2.0892e+02,6.0933e+02,2.1743e+01,0.0000e+00,0.0000e+00,2.1655e+01,0.0000e+00,0.0000e+00,0.0000e+00,2.4970e+01,0.0000e+00,0.0000e+00,2.7769e+02,-7.6693e+02,5.9887e+02,5.7855e+02,5.9908e+02,5.6024e+02,3.0901e+02,3.0738e+02,3.0898e+02,3.7719e+02,5.5810e+02,5.5787e+02,5.5729e+02,5.5124e+02,5.5734e+02,5.5096e+02,5.5807e+02,5.5791e+02,5.5834e+02,5.5822e+02,1.0000e+00,1.0000e+00,1.0000e+00,1.0000e+00,1.0000e+00,1.0000e+00,1.0000e+00,3.6135e-01,0.0000e+00,0.0000e+00,0.0000e+00,0.0000e+00,1.1694e+05,0.0000e+00,6.8698e+06,6.8195e+06,0.0000e+00,6.8863e+06,2.7439e-01,2.0276e-02,7.5164e-01,5.6666e-01,7.0741e-01
9.7002e+02,4.0766e+00,3.8194e+00,5.5374e+00,4.9323e+00,6.7312e+00,5.7452e+00,7.9733e+07,0.0000e+00,0.0000e+00,0.0000e+00,5.6592e+02,5.6728e+02,5.7117e+02,5.7309e+02,5.7515e+02,5.7708e+02,5.7893e+02,5.8081e+02,5.8142e+02,5.8298e+02,5.8045e+02,5.8078e+02,1.2159e+07,6.9175e+06,2.3864e+01,2.3510e+01,0.0000e+00,0.0000e+00,0.0000e+00,2.0752e+02,6.1423e+02,2.2078e+01,0.0000e+00,0.0000e+00,2.1864e+01,0.0000e+00,0.0000e+00,0.0000e+00,7.5621e+00,0.0000e+00,0.0000e+00,-1.8081e+02,1.5154e+02,5.9888e+02,5.7850e+02,5.9909e+02,5.6018e+02,3.0905e+02,3.0739e+02,3.0901e+02,3.7717e+02,5.5847e+02,5.5814e+02,5.5757e+02,5.5153e+02,5.5766e+02,5.5221e+02,5.5838e+02,5.5818e+02,5.5861e+02,5.5840e+02,1.0000e+00,1.0000e+00,1.0000e+00,1.0000e+00,1.0000e+00,1.0000e+00,1.0000e+00,3.5824e-01,0.0000e+00,0.0000e+00,0.0000e+00,0.0000e+00,1.1686e+05,0.0000e+00,6.9041e+06,6.8506e+06,0.0000e+00,6.9138e+06,2.8876e-01,1.9880e-02,7.4826e-01,5.5749e-01,7.4856e-01
9.7501e+02,4.0766e+00,3.8194e+00,5.5374e+00,4.9253e+00,6.7757e+00,5.7109e+00,7.9561e+07,0.0000e+00,0.0000e+00,0.0000e+00,5.6582e+02,5.6718e+02,5.7105e+02,5.7297e+02,5.7502e+02,5.7695e+02,5.7880e+02,5.8067e+02,5.8128e+02,5.8284e+02,5.8033e+02,5.8067e+02,1.2162e+07,6.9378e+06,2.2231e+01,2.2691e+01,0.0000e+00,0.0000e+00,0.0000e+00,2.0726e+02,6.1704e+02,2.1852e+01,0.0000e+00,0.0000e+00,2.1668e+01,0.0000e+00,0.0000e+00,0.0000e+00,3.7488e+01,0.0000e+00,0.0000e+00,2.8985e+02,2.4726e+02,5.9890e+02,5.7842e+02,5.9911e+02,5.6011e+02,3.0909e+02,3.0740e+02,3.0905e+02,3.7715e+02,5.5881e+02,5.5834e+02,5.5777e+02,5.5194e+02,5.5784e+02,5.5259e+02,5.5863e+02,5.5838e+02,5.5881e+02,5.5858e+02,1.0000e+00,1.0000e+00,1.0000e+00,1.0000e+00,1.0000e+00,1.0000e+00,1.0000e+00,3.5511e-01,0.0000e+00,0.0000e+00,0.0000e+00,0.0000e+00,1.1679e+05,0.0000e+00,6.9235e+06,6.8714e+06,0.0000e+00,6.9338e+06,2.9842e-01,1.9977e-02,7.3063e-01,5.3106e-01,7.5875e-01
9.8003e+02,4.0766e+00,3.8194e+00,5.5374e+00,4.9211e+00,6.8653e+00,5.7949e+00,7.9391e+07,0.0000e+00,0.0000e+00,0.0000e+00,5.6573e+02,5.6708e+02,5.7094e+02,5.7285e+02,5.7490e+02,5.7682e+02,5.7866e+02,5.8053e+02,5.8114e+02,5.8270e+02,5.8020e+02,5.8054e+02,1.2164e+07,6.9567e+06,2.1015e+01,2.1872e+01,0.0000e+00,0.0000e+00,0.0000e+00,2.0747e+02,6.1777e+02,2.1890e+01,0.0000e+00,0.0000e+00,2.1712e+01,0.0000e+00,0.0000e+00,0.0000e+00,3.0207e+01,0.0000e+00,0.0000e+00,-1.2433e+02,-1.5645e+03,5.9891e+02,5.7832e+02,5.9912e+02,5.6003e+02,3.0914e+02,3.0741e+02,3.0908e+02,3.7713e+02,5.5913e+02,5.5852e+02,5.5799e+02,5.5241e+02,5.5803e+02,5.5278e+02,5.5884e+02,5.5856e+02,5.5898e+02,5.5877e+02,1.0000e+00,1.0000e+00,1.0000e+00,1.0000e+00,1.0000e+00,1.0000e+00,1.0000e+00,3.5198e-01,0.0000e+00,0.0000e+00,0.0000e+00,0.0000e+00,1.1671e+05,0.0000e+00,6.9433e+06,6.8915e+06,0.0000e+00,6.9530e+06,2.8668e-01,2.0198e-02,7.0379e-01,5.2694e-01,7.4623e-01
9.8501e+02,4.0766e+00,3.8194e+00,5.5374e+00,4.9162e+00,6.8194e+00,5.7710e+00,7.9224e+07,0.0000e+00,0.0000e+00,0.0000e+00,5.6565e+02,5.6700e+02,5.7084e+02,5.7275e+02,5.7479e+02,5.7670e+02,5.7854e+02,5.8041e+02,5.8101e+02,5.8257e+02,5.8007e+02,5.8042e+02,1.2163e+07,6.9767e+06,2.1151e+01,2.1745e+01,0.0000e+00,0.0000e+00,0.0000e+00,2.0898e+02,6.1502e+02,2.1944e+01,0.0000e+00,0.0000e+00,2.1808e+01,0.0000e+00,0.0000e+00,0.0000e+00,1.8848e+01,0.0000e+00,0.0000e+00,-1.2032e+01,2.3499e+02,5.9890e+02,5.7820e+02,5.9911e+02,5.5995e+02,3.0918e+02,3.0742e+02,3.0912e+02,3.7712e+02,5.5946e+02,5.5872e+02,5.5818e+02,5.5236e+02,5.5821e+02,5.5320e+02,5.5909e+02,5.5875e+02,5.5918e+02,5.5894e+02,1.0000e+00,1.0000e+00,1.0000e+00,1.0000e+00,1.0000e+00,1.0000e+00,1.0000e+00,3.4886e-01,0.0000e+00,0.0000e+00,0.0000e+00,0.0000e+00,1.1664e+05,0.0000e+00,6.9628e+06,6.9102e+06,0.0000e+00,6.9730e+06,2.7757e-01,2.0231e-02,6.9479e-01,5.5251e-01,7.2443e-01
9.9002e+02,4.0766e+00,3.8194e+00,5.5374e+00,4.9096e+00,6.8159e+00,5.7306e+00,7.9057e+07,0.0000e+00,0.0000e+00,0.0000e+00,5.6557e+02,5.6692e+02,5.7077e+02,5.7267e+02,5.7471e+02,5.7662e+02,5.7845e+02,5.8031e+02,5.8091e+02,5.8246e+02,5.7996e+02,5.8030e+02,1.2160e+07,6.9943e+06,2.2145e+01,2.1772e+01,0.0000e+00,0.0000e+00,0.0000e+00,2.0870e+02,6.1242e+02,2.1786e+01,0.0000e+00,0.0000e+00,2.1908e+01,0.0000e+00,0.0000e+00,0.0000e+00,2.4162e+01,0.0000e+00,0.0000e+00,1.8345e+02,1.9893e+02,5.9888e+02,5.7808e+02,5.9909e+02,5.5988e+02,3.0922e+02,3.0743e+02,3.0915e+02,3.7710e+02,5.5976e+02,5.5889e+02,5.5835e+02,5.5244e+02,5.5842e+02,5.5230e+02,5.5942e+02,5.5892e+02,5.5935e+02,5.5912e+02,1.0000e+00,1.0000e+00,1.0000e+00,1.0000e+00,1.0000e+00,1.0000e+00,1.0000e+00,3.4573e-01,0.0000e+00,0.0000e+00,0.0000e+00,0.0000e+00,1.1656e+05,0.0000e+00,6.9809e+06,6.9291e+06,0.0000e+00,6.9907e+06,2.8492e-01,1.9931e-02,7.1498e-01,5.5382e-01,7.0980e-01
9.9501e+02,4.0766e+00,3.8194e+00,5.5374e+00,4.9008e+00,6.8797e+00,5.6983e+00,7.8893e+07,0.0000e+00,0.0000e+00,0.0000e+00,5.6551e+02,5.6686e+02,5.7071e+02,5.7261e+02,5.7465e+02,5.7655e+02,5.7838e+02,5.8024e+02,5.8083e+02,5.8238e+02,5.7987e+02,5.8020e+02,1.2155e+07,6.9252e+06,2.2630e+01,2.2976e+01,0.0000e+00,0.0000e+00,0.0000e+00,2.0802e+02,6.0912e+02,2.1735e+01,0.0000e+00,0.0000e+00,2.1776e+01,0.0000e+00,0.0000e+00,0.0000e+00,1.0821e+01,0.0000e+00,0.0000e+00,1.6513e+02,5.0685e+02,5.9885e+02,5.7797e+02,5.9906e+02,5.5982e+02,3.0926e+02,3.0744e+02,3.0919e+02,3.7708e+02,5.5853e+02,5.5822e+02,5.5768e+02,5.5214e+02,5.5774e+02,5.5228e+02,5.5829e+02,5.5825e+02,5.5868e+02,5.5911e+02,1.0000e+00,1.0000e+00,1.0000e+00,1.0000e+00,1.0000e+00,1.0000e+00,1.0000e+00,3.4263e-01,0.0000e+00,0.0000e+00,0.0000e+00,0.0000e+00,1.1648e+05,0.0000e+00,6.9129e+06,6.8611e+06,0.0000e+00,6.9216e+06,2.8762e-01,2.0237e-02,7.0565e-01,5.3507e-01,7.1469e-01
1.0000e+03,4.0766e+00,3.8194e+00,5.5374e+00,4.8739e+00,6.6905e+00,5.6241e+00,7.8730e+07,0.0000e+00,0.0000e+00,0.0000e+00,5.6547e+02,5.6682e+02,5.7068e+02,5.7258e+02,5.7461e+02,5.7652e+02,5.7834e+02,5.8020e+02,5.8078e+02,5.8233e+02,5.7980e+02,5.8013e+02,1.2135e+07,6.8767e+06,2.1125e+01,2.1777e+01,0.0000e+00,0.0000e+00,0.0000e+00,2.0756e+02,6.0338e+02,2.1481e+01,0.0000e+00,0.0000e+00,2.1443e+01,0.0000e+00,0.0000e+00,0.0000e+00,1.1820e+01,0.0000e+00,0.0000e+00,1.1180e+02,3.7121e+02,5.9873e+02,5.7786e+02,5.9894e+02,5.5976e+02,3.0931e+02,3.0745e+02,3.0922e+02,3.7706e+02,5.5766e+02,5.5774e+02,5.5718e+02,5.5165e+02,5.5724e+02,5.5191e+02,5.5772e+02,5.5778e+02,5.5821e+02,5.5863e+02,1.0000e+00,1.0000e+00,1.0000e+00,1.0000e+00,1.0000e+00,1.0000e+00,1.0000e+00,3.3951e-01,0.0000e+00,0.0000e+00,0.0000e+00,0.0000e+00,1.1641e+05,0.0000e+00,6.8606e+06,6.8096e+06,0.0000e+00,6.8728e+06,2.7873e-01,1.9909e-02,6.8294e-01,5.3546e-01,7.0379e-01
1.0050e+03,4.0766e+00,3.8194e+00,5.5374e+00,4.8385e+00,6.6245e+00,5.8028e+00,7.8569e+07,0.0000e+00,0.0000e+00,0.0000e+00,5.6542e+02,5.6677e+02,5.7063e+02,5.7254e+02,5.7458e+02,5.7648e+02,5.7831e+02,5.8017e+02,5.8075e+02,5.8229e+02,5.7975e+02,5.8007e+02,1.2115e+07,6.8313e+06,2.0080e+01,2.0127e+01,0.0000e+00,0.0000e+00,0.0000e+00,2.0788e+02,6.0026e+02,2.1273e+01,0.0000e+00,0.0000e+00,2.1157e+01,0.0000e+00,0.0000e+00,0.0000e+00,1.4323e+01,0.0000e+00,0.0000e+00,4.1715e+02,-3.4347e+02,5.9860e+02,5.7779e+02,5.9881e+02,5.5971e+02,3.0935e+02,3.0746e+02,3.0926e+02,3.7704e+02,5.5722e+02,5.5730e+02,5.5674e+02,5.5105e+02,5.5675e+02,5.5151e+02,5.5727e+02,5.5733e+02,5.5777e+02,5.5822e+02,1.0000e+00,1.0000e+00,1.0000e+00,1.0000e+00,1.0000e+00,1.0000e+00,1.0000e+00,3.3638e-01,0.0000e+00,0.0000e+00,0.0000e+00,0.0000e+00,1.1633e+05,0.0000e+00,6.8113e+06,6.7628e+06,0.0000e+00,6.8277e+06,2.7275e-01,2.0165e-02,6.8579e-01,5.4983e-01,6.8474e-01
1.0100e+03,4.0766e+00,3.8194e+00,5.5374e+00,4.8024e+00,6.3355e+00,5.5577e+00,7.8409e+07,0.0000e+00,0.0000e+00,0.0000e+00,5.6536e+02,5.6671e+02,5.7057e+02,5.7248e+02,5.7452e+02,5.7643e+02,5.7826e+02,5.8011e+02,5.8070e+02,5.8224e+02,5.7971e+02,5.8003e+02,1.2098e+07,6.7766e+06,2.0654e+01,1.9910e+01,0.0000e+00,0.0000e+00,0.0000e+00,2.0651e+02,6.0266e+02,2.1537e+01,0.0000e+00,0.0000e+00,2.1295e+01,0.0000e+00,0.0000e+00,0.0000e+00,2.4547e+01,0.0000e+00,0.0000e+00,2.0358e+02,7.5414e+02,5.9850e+02,5.7773e+02,5.9871e+02,5.5965e+02,3.0939e+02,3.0747e+02,3.0929e+02,3.7702e+02,5.5667e+02,5.5676e+02,5.5620e+02,5.5025e+02,5.5622e+02,5.5094e+02,5.5668e+02,5.5679e+02,5.5726e+02,5.5771e+02,1.0000e+00,1.0000e+00,1.0000e+00,1.0000e+00,1.0000e+00,1.0000e+00,1.0000e+00,3.3326e-01,0.0000e+00,0.0000e+00,0.0000e+00,0.0000e+00,1.1625e+05,0.0000e+00,6.7568e+06,6.7086e+06,0.0000e+00,6.7731e+06,2.7043e-01,2.0227e-02,7.0967e-01,5.7151e-01,6.8102e-01
1.0150e+03,4.0766e+00,3.8194e+00,5.5374e+00,4.7723e+00,6.7503e+00,5.6701e+00,7.8251e+07,0.0000e+00,0.0000e+00,0.0000e+00,5.6529e+02,5.6663e+02,5.7048e+02,5.7239e+02,5.7443e+02,5.7634e+02,5.7817e+02,5.8003e+02,5.8062e+02,5.8217e+02,5.7965e+02,5.7997e+02,1.2085e+07,6.8000e+06,2.1217e+01,1.9828e+01,0.0000e+00,0.0000e+00,0.0000e+00,2.0601e+02,6.0546e+02,2.1516e+01,0.0000e+00,0.0000e+00,2.1481e+01,0.0000e+00,0.0000e+00,0.0000e+00,5.4292e+01,0.0000e+00,0.0000e+00,4.6649e+02,7.8092e+02,5.9841e+02,5.7768e+02,5.9862e+02,5.5960e+02,3.0943e+02,3.0748e+02,3.0933e+02,3.7700e+02,5.5718e+02,5.5699e+02,5.5640e+02,5.5033e+02,5.5640e+02,5.5135e+02,5.5717e+02,5.5702e+02,5.5744e+02,5.5742e+02,1.0000e+00,1.0000e+00,1.0000e+00,1.0000e+00,1.0000e+00,1.0000e+00,1.0000e+00,3.3016e-01,0.0000e+00,0.0000e+00,0.0000e+00,0.0000e+00,1.1618e+05,0.0000e+00,6.7804e+06,6.7293e+06,0.0000e+00,6.7962e+06,2.7362e-01,2.0008e-02,7.4292e-01,5.6446e-01,7.0134e-01
1.0200e+03,4.0766e+00,3.8194e+00,5.5374e+00,4.7575e+00,6.6411e+00,5.6102e+00,7.8094e+07,0.0000e+00,0.0000e+00,0.0000e+00,5.6520e+02,5.6654e+02,5.7038e+02,5.7228e+02,5.7432e+02,5.7622e+02,5.7805e+02,5.7991e+02,5.8051e+02,5.8206e+02,5.7956e+02,5.7989e+02,1.2085e+07,6.8299e+06,2.3848e+01,2.3456e+01,0.0000e+00,0.0000e+00,0.0000e+00,2.0621e+02,6.0953e+02,2.1797e+01,0.0000e+00,0.0000e+00,2.1573e+01,0.0000e+00,0.0000e+00,0.0000e+00,-8.2559e-01,0.0000e+00,0.0000e+00,-7.9446e+02,-8.5082e+01,5.9841e+02,5.7763e+02,5.9862e+02,5.5954e+02,3.0947e+02,3.0749e+02,3.0936e+02,3.7698e+02,5.5752e+02,5.5728e+02,5.5669e+02,5.5067e+02,5.5676e+02,5.5136e+02,5.5751e+02,5.5732e+02,5.5775e+02,5.5757e+02,1.0000e+00,1.0000e+00,1.0000e+00,1.0000e+00,1.0000e+00,1.0000e+00,1.0000e+00,3.2703e-01,0.0000e+00,0.0000e+00,0.0000e+00,0.0000e+00,1.1610e+05,0.0000e+00,6.8145e+06,6.7613e+06,0.0000e+00,6.8261e+06,2.8722e-01,1.9843e-02,7.4431e-01,5.5538e-01,7.4168e-01
1.0250e+03,4.0766e+00,3.8194e+00,5.5374e+00,4.7510e+00,6.6250e+00,5.5804e+00,7.7940e+07,0.0000e+00,0.0000e+00,0.0000e+00,5.6511e+02,5.6645e+02,5.7027e+02,5.7217e+02,5.7420e+02,5.7610e+02,5.7792e+02,5.7978e+02,5.8038e+02,5.8193e+02,5.7945e+02,5.7979e+02,1.2086e+07,6.8517e+06,2.2214e+01,2.2600e+01,0.0000e+00,0.0000e+00,0.0000e+00,2.0748e+02,6.1097e+02,2.1614e+01,0.0000e+00,0.0000e+00,2.1665e+01,0.0000e+00,0.0000e+00,0.0000e+00,3.3907e+01,0.0000e+00,0.0000e+00,2.5783e+02,4.7690e+02,5.9842e+02,5.7756e+02,5.9863e+02,5.5948e+02,3.0951e+02,3.0749e+02,3.0939e+02,3.7696e+02,5.5794e+02,5.5750e+02,5.5695e+02,5.5108e+02,5.5703e+02,5.5127e+02,5.5779e+02,5.5753e+02,5.5796e+02,5.5774e+02,1.0000e+00,1.0000e+00,1.0000e+00,1.0000e+00,1.0000e+00,1.0000e+00,1.0000e+00,3.2394e-01,0.0000e+00,0.0000e+00,0.0000e+00,0.0000e+00,1.1603e+05,0.0000e+00,6.8397e+06,6.7881e+06,0.0000e+00,6.8481e+06,2.9784e-01,1.9920e-02,7.2779e-01,5.2765e-01,7.5387e-01
1.0300e+03,4.0766e+00,3.8194e+00,5.5374e+00,4.7430e+00,6.7580e+00,5.5583e+00,7.7786e+07,0.0000e+00,0.0000e+00,0.0000e+00,5.6503e+02,5.6637e+02,5.7017e+02,5.7206e+02,5.7409e+02,5.7598e+02,5.7780e+02,5.7965e+02,5.8026e+02,5.8180e+02,5.7933e+02,5.7967e+02,1.2084e+07,6.8703e+06,2.0925e+01,2.1891e+01,0.0000e+00,0.0000e+00,0.0000e+00,2.0807e+02,6.1056e+02,2.1463e+01,0.0000e+00,0.0000e+00,2.1395e+01,0.0000e+00,0.0000e+00,0.0000e+00,2.6119e+01,0.0000e+00,0.0000e+00,-9.6770e+01,1.7403e+02,5.9840e+02,5.7747e+02,5.9861e+02,5.5940e+02,3.0956e+02,3.0750e+02,3.0943e+02,3.7695e+02,5.5825e+02,5.5768e+02,5.5713e+02,5.5162e+02,5.5717e+02,5.5126e+02,5.5799e+02,5.5772e+02,5.5814e+02,5.5793e+02,1.0000e+00,1.0000e+00,1.0000e+00,1.0000e+00,1.0000e+00,1.0000e+00,1.0000e+00,3.2084e-01,0.0000e+00,0.0000e+00,0.0000e+00,0.0000e+00,1.1595e+05,0.0000e+00,6.8535e+06,6.8034e+06,0.0000e+00,6.8666e+06,2.8654e-01,1.9992e-02,6.9988e-01,5.1978e-01,7.4304e-01
1.0350e+03,4.0766e+00,3.8194e+00,5.5374e+00,4.7341e+00,6.6808e+00,5.5487e+00,7.7634e+07,0.0000e+00,0.0000e+00,0.0000e+00,5.6495e+02,5.6628e+02,5.7009e+02,5.7197e+02,5.7399e+02,5.7588e+02,5.7770e+02,5.7954e+02,5.8014e+02,5.8168e+02,5.7922e+02,5.7955e+02,1.2081e+07,6.8885e+06,2.0949e+01,2.1688e+01,0.0000e+00,0.0000e+00,0.0000e+00,2.0747e+02,6.0978e+02,2.1557e+01,0.0000e+00,0.0000e+00,2.1596e+01,0.0000e+00,0.0000e+00,0.0000e+00,1.5533e+01,0.0000e+00,0.0000e+00,8.0849e+01,8.4260e+01,5.9839e+02,5.7736e+02,5.9860e+02,5.5933e+02,3.0960e+02,3.0751e+02,3.0946e+02,3.7693e+02,5.5856e+02,5.5786e+02,5.5732e+02,5.5151e+02,5.5736e+02,5.5203e+02,5.5820e+02,5.5789e+02,5.5832e+02,5.5811e+02,1.0000e+00,1.0000e+00,1.0000e+00,1.0000e+00,1.0000e+00,1.0000e+00,1.0000e+00,3.1773e-01,0.0000e+00,0.0000e+00,0.0000e+00,0.0000e+00,1.1587e+05,0.0000e+00,6.8742e+06,6.8229e+06,0.0000e+00,6.8849e+06,2.7605e-01,1.9771e-02,6.8727e-01,5.4926e-01,7.2059e-01
1.0400e+03,4.0766e+00,3.8194e+00,5.5374e+00,4.7253e+00,6.6704e+00,5.5023e+00,7.7483e+07,0.0000e+00,0.0000e+00,0.0000e+00,5.6487e+02,5.6621e+02,5.7001e+02,5.7189e+02,5.7391e+02,5.7580e+02,5.7761e+02,5.7945e+02,5.8005e+02,5.8159e+02,5.7912e+02,5.7945e+02,1.2079e+07,6.9052e+06,2.1952e+01,2.1582e+01,0.0000e+00,0.0000e+00,0.0000e+00,2.0681e+02,6.0819e+02,2.2066e+01,0.0000e+00,0.0000e+00,2.1635e+01,0.0000e+00,0.0000e+00,0.0000e+00,2.5694e+01,0.0000e+00,0.0000e+00,9.0285e+01,1.3748e+02,5.9837e+02,5.7725e+02,5.9858e+02,5.5925e+02,3.0964e+02,3.0752e+02,3.0949e+02,3.7691e+02,5.5884e+02,5.5802e+02,5.5746e+02,5.5161e+02,5.5753e+02,5.5249e+02,5.5851e+02,5.5806e+02,5.5848e+02,5.5829e+02,1.0000e+00,1.0000e+00,1.0000e+00,1.0000e+00,1.0000e+00,1.0000e+00,1.0000e+00,3.1462e-01,0.0000e+00,0.0000e+00,0.0000e+00,0.0000e+00,1.1580e+05,0.0000e+00,6.8912e+06,6.8384e+06,0.0000e+00,6.9015e+06,2.8297e-01,1.9874e-02,7.0897e-01,5.4896e-01,7.0382e-01
1.0450e+03,4.0766e+00,3.8194e+00,5.5374e+00,4.7170e+00,6.6531e+00,5.2866e+00,7.7332e+07,0.0000e+00,0.0000e+00,0.0000e+00,5.6480e+02,5.6614e+02,5.6994e+02,5.7182e+02,5.7384e+02,5.7573e+02,5.7754e+02,5.7938e+02,5.7997e+02,5.8150e+02,5.7903e+02,5.7936e+02,1.2076e+07,6.9073e+06,2.2309e+01,2.2155e+01,0.0000e+00,0.0000e+00,0.0000e+00,2.0664e+02,6.0591e+02,2.1465e+01,0.0000e+00,0.0000e+00,2.1543e+01,0.0000e+00,0.0000e+00,0.0000e+00,2.1440e+01,0.0000e+00,0.0000e+00,5.7211e+01,-1.7589e+03,5.9835e+02,5.7715e+02,5.9856e+02,5.5918e+02,3.0968e+02,3.0753e+02,3.0953e+02,3.7689e+02,5.5886e+02,5.5804e+02,5.5751e+02,5.5182e+02,5.5757e+02,5.5027e+02,5.5859e+02,5.5808e+02,5.5850e+02,5.5844e+02,1.0000e+00,1.0000e+00,1.0000e+00,1.0000e+00,1.0000e+00,1.0000e+00,1.0000e+00,3.1151e-01,0.0000e+00,0.0000e+00,0.0000e+00,0.0000e+00,1.1572e+05,0.0000e+00,6.8926e+06,6.8429e+06,0.0000e+00,6.9036e+06,2.8739e-01,2.0197e-02,7.1389e-01,5.3799e-01,7.1067e-01
1.0500e+03,4.0766e+00,3.8194e+00,5.5374e+00,4.7013e+00,6.6249e+00,5.3850e+00,7.7185e+07,0.0000e+00,0.0000e+00,0.0000e+00,5.6475e+02,5.6608e+02,5.6989e+02,5.7177e+02,5.7379e+02,5.7567e+02,5.7748e+02,5.7932e+02,5.7991e+02,5.8144e+02,5.7895e+02,5.7928e+02,1.2066e+07,6.8104e+06,2.1146e+01,2.2054e+01,0.0000e+00,0.0000e+00,0.0000e+00,2.0639e+02,6.0187e+02,2.1369e+01,0.0000e+00,0.0000e+00,2.1387e+01,0.0000e+00,0.0000e+00,0.0000e+00,1.6789e+01,0.0000e+00,0.0000e+00,3.1616e+02,8.0784e+02,5.9829e+02,5.7706e+02,5.9850e+02,5.5912e+02,3.0972e+02,3.0754e+02,3.0956e+02,3.7687e+02,5.5713e+02,5.5709e+02,5.5656e+02,5.5109e+02,5.5660e+02,5.5159e+02,5.5705e+02,5.5713e+02,5.5755e+02,5.5807e+02,1.0000e+00,1.0000e+00,1.0000e+00,1.0000e+00,1.0000e+00,1.0000e+00,1.0000e+00,3.0842e-01,0.0000e+00,0.0000e+00,0.0000e+00,0.0000e+00,1.1565e+05,0.0000e+00,6.7970e+06,6.7460e+06,0.0000e+00,6.8068e+06,2.8005e-01,1.9986e-02,6.7977e-01,5.2731e-01,7.0911e-01
1.0550e+03,4.0766e+00,3.8194e+00,5.5374e+00,4.6771e+00,6.6751e+00,5.3165e+00,7.7038e+07,0.0000e+00,0.0000e+00,0.0000e+00,5.6470e+02,5.6604e+02,5.6985e+02,5.7174e+02,5.7376e+02,5.7564e+02,5.7745e+02,5.7929e+02,5.7987e+02,5.8140e+02,5.7890e+02,5.7922e+02,1.2053e+07,6.7684e+06,2.0137e+01,2.0411e+01,0.0000e+00,0.0000e+00,0.0000e+00,2.0536e+02,5.9606e+02,2.1269e+01,0.0000e+00,0.0000e+00,2.1185e+01,0.0000e+00,0.0000e+00,0.0000e+00,3.2573e+01,0.0000e+00,0.0000e+00,2.1271e+02,4.9669e+02,5.9821e+02,5.7698e+02,5.9842e+02,5.5906e+02,3.0977e+02,3.0754e+02,3.0959e+02,3.7685e+02,5.5662e+02,5.5667e+02,5.5612e+02,5.5045e+02,5.5611e+02,5.5105e+02,5.5667e+02,5.5671e+02,5.5714e+02,5.5751e+02,1.0000e+00,1.0000e+00,1.0000e+00,1.0000e+00,1.0000e+00,1.0000e+00,1.0000e+00,3.0532e-01,0.0000e+00,0.0000e+00,0.0000e+00,0.0000e+00,1.1557e+05,0.0000e+00,6.7512e+06,6.7012e+06,0.0000e+00,6.7647e+06,2.7411e-01,2.0053e-02,6.7563e-01,5.4319e-01,6.8341e-01
1.0600e+03,4.0766e+00,3.8194e+00,5.5374e+00,4.6423e+00,6.6161e+00,5.3774e+00,7.6892e+07,0.0000e+00,0.0000e+00,0.0000e+00,5.6464e+02,5.6598e+02,5.6979e+02,5.7168e+02,5.7370e+02,5.7559e+02,5.7740e+02,5.7924e+02,5.7983e+02,5.8136e+02,5.7885e+02,5.7917e+02,1.2033e+07,6.7277e+06,2.0289e+01,1.9501e+01,0.0000e+00,0.0000e+00,0.0000e+00,2.0529e+02,5.9661e+02,2.1089e+01,0.0000e+00,0.0000e+00,2.1182e+01,0.0000e+00,0.0000e+00,0.0000e+00,2.5276e+01,0.0000e+00,0.0000e+00,-8.4012e+02,-3.7894e+03,5.9808e+02,5.7691e+02,5.9829e+02,5.5899e+02,3.0981e+02,3.0755e+02,3.0963e+02,3.7683e+02,5.5621e+02,5.5627e+02,5.5571e+02,5.4980e+02,5.5572e+02,5.5040e+02,5.5624e+02,5.5631e+02,5.5672e+02,5.5710e+02,1.0000e+00,1.0000e+00,1.0000e+00,1.0000e+00,1.0000e+00,1.0000e+00,1.0000e+00,3.0223e-01,0.0000e+00,0.0000e+00,0.0000e+00,0.0000e+00,1.1550e+05,0.0000e+00,6.7077e+06,6.6595e+06,0.0000e+00,6.7241e+06,2.7096e-01,1.9911e-02,7.0019e-01,5.6315e-01,6.7353e-01
1.0650e+03,4.0766e+00,3.8194e+00,5.5374e+00,4.6099e+00,6.5477e+00,5.4401e+00,7.6748e+07,0.0000e+00,0.0000e+00,0.0000e+00,5.6456e+02,5.6590e+02,5.6971e+02,5.7160e+02,5.7362e+02,5.7552e+02,5.7733e+02,5.7917e+02,5.7976e+02,5.8129e+02,5.7880e+02,5.7912e+02,1.2016e+07,6.6823e+06,2.1143e+01,2.0272e+01,0.0000e+00,0.0000e+00,0.0000e+00,2.0587e+02,5.9845e+02,2.0719e+01,0.0000e+00,0.0000e+00,2.1355e+01,0.0000e+00,0.0000e+00,0.0000e+00,4.0739e+01,0.0000e+00,0.0000e+00,5.5537e+02,1.0841e+03,5.9797e+02,5.7686e+02,5.9819e+02,5.5892e+02,3.0985e+02,3.0756e+02,3.0966e+02,3.7681e+02,5.5575e+02,5.5582e+02,5.5527e+02,5.4937e+02,5.5525e+02,5.5025e+02,5.5577e+02,5.5585e+02,5.5626e+02,5.5672e+02,1.0000e+00,1.0000e+00,1.0000e+00,1.0000e+00,1.0000e+00,1.0000e+00,1.0000e+00,2.9913e-01,0.0000e+00,0.0000e+00,0.0000e+00,0.0000e+00,1.1542e+05,0.0000e+00,6.6682e+06,6.6176e+06,0.0000e+00,6.6789e+06,2.7127e-01,1.7774e-02,7.2296e-01,5.5950e-01,6.9163e-01
1.0700e+03,4.0766e+00,3.8194e+00,5.5374e+00,4.5851e+00,6.5690e+00,5.4128e+00,7.6604e+07,0.0000e+00,0.0000e+00,0.0000e+00,5.6446e+02,5.6580e+02,5.6960e+02,5.7149e+02,5.7351e+02,5.7540e+02,5.7722e+02,5.7906e+02,5.7966e+02,5.8119e+02,5.7872e+02,5.7905e+02,1.2007e+07,6.7217e+06,2.1580e+01,2.0538e+01,0.0000e+00,0.0000e+00,0.0000e+00,2.0767e+02,6.0080e+02,2.1542e+01,0.0000e+00,0.0000e+00,2.1382e+01,0.0000e+00,0.0000e+00,0.0000e+00,1.8516e+00,0.0000e+00,0.0000e+00,-1.0686e+03,-3.4983e+03,5.9791e+02,5.7681e+02,5.9813e+02,5.5885e+02,3.0989e+02,3.0756e+02,3.0969e+02,3.7680e+02,5.5644e+02,5.5621e+02,5.5564e+02,5.4966e+02,5.5567e+02,5.5043e+02,5.5636e+02,5.5625e+02,5.5666e+02,5.5657e+02,1.0000e+00,1.0000e+00,1.0000e+00,1.0000e+00,1.0000e+00,1.0000e+00,1.0000e+00,2.9603e-01,0.0000e+00,0.0000e+00,0.0000e+00,0.0000e+00,1.1534e+05,0.0000e+00,6.7033e+06,6.6529e+06,0.0000e+00,6.7180e+06,2.7327e-01,1.9743e-02,7.4248e-01,5.5666e-01,7.1683e-01
1.0750e+03,4.0766e+00,3.8194e+00,5.5374e+00,4.5713e+00,6.4640e+00,5.3799e+00,7.6463e+07,0.0000e+00,0.0000e+00,0.0000e+00,5.6436e+02,5.6570e+02,5.6948e+02,5.7137e+02,5.7338e+02,5.7527e+02,5.7709e+02,5.7893e+02,5.7953e+02,5.8107e+02,5.7862e+02,5.7895e+02,1.2003e+07,6.7477e+06,2.3319e+01,2.3420e+01,0.0000e+00,0.0000e+00,0.0000e+00,2.0747e+02,6.0348e+02,2.1999e+01,0.0000e+00,0.0000e+00,2.1575e+01,0.0000e+00,0.0000e+00,0.0000e+00,3.7394e+01,0.0000e+00,0.0000e+00,2.9132e+02,4.9641e+02,5.9789e+02,5.7674e+02,5.9810e+02,5.5877e+02,3.0993e+02,3.0757e+02,3.0972e+02,3.7678e+02,5.5678e+02,5.5647e+02,5.5589e+02,5.4996e+02,5.5597e+02,5.5074e+02,5.5672e+02,5.5651e+02,5.5693e+02,5.5673e+02,1.0000e+00,1.0000e+00,1.0000e+00,1.0000e+00,1.0000e+00,1.0000e+00,1.0000e+00,2.9295e-01,0.0000e+00,0.0000e+00,0.0000e+00,0.0000e+00,1.1527e+05,0.0000e+00,6.7352e+06,6.6813e+06,0.0000e+00,6.7438e+06,2.8384e-01,1.9304e-02,7.3422e-01,5.4751e-01,7.4644e-01
1.0800e+03,4.0766e+00,3.8194e+00,5.5374e+00,4.5596e+00,6.6165e+00,5.3424e+00,7.6321e+07,0.0000e+00,0.0000e+00,0.0000e+00,5.6427e+02,5.6560e+02,5.6937e+02,5.7125e+02,5.7326e+02,5.7515e+02,5.7696e+02,5.7880e+02,5.7941e+02,5.8094e+02,5.7850e+02,5.7884e+02,1.2000e+07,6.7681e+06,2.1986e+01,2.2500e+01,0.0000e+00,0.0000e+00,0.0000e+00,2.0673e+02,6.0496e+02,2.1162e+01,0.0000e+00,0.0000e+00,2.1552e+01,0.0000e+00,0.0000e+00,0.0000e+00,2.9490e+01,0.0000e+00,0.0000e+00,3.2614e+02,-9.8401e+02,5.9787e+02,5.7665e+02,5.9808e+02,5.5869e+02,3.0997e+02,3.0758e+02,3.0975e+02,3.7676e+02,5.5714e+02,5.5667e+02,5.5614e+02,5.5038e+02,5.5621e+02,5.5089e+02,5.5697e+02,5.5671e+02,5.5713e+02,5.5691e+02,1.0000e+00,1.0000e+00,1.0000e+00,1.0000e+00,1.0000e+00,1.0000e+00,1.0000e+00,2.8984e-01,0.0000e+00,0.0000e+00,0.0000e+00,0.0000e+00,1.1519e+05,0.0000e+00,6.7596e+06,6.7067e+06,0.0000e+00,6.7647e+06,2.9359e-01,1.8384e-02,7.1804e-01,5.2220e-01,7.4764e-01
1.0850e+03,4.0766e+00,3.8194e+00,5.5374e+00,4.5487e+00,6.5496e+00,5.2618e+00,7.6181e+07,0.0000e+00,0.0000e+00,0.0000e+00,5.6418e+02,5.6551e+02,5.6927e+02,5.7115e+02,5.7315e+02,5.7504e+02,5.7684e+02,5.7868e+02,5.7928e+02,5.8082e+02,5.7838e+02,5.7872e+02,1.1997e+07,6.7873e+06,2.0826e+01,2.1701e+01,0.0000e+00,0.0000e+00,0.0000e+00,2.0602e+02,6.0527e+02,2.0964e+01,0.0000e+00,0.0000e+00,2.1486e+01,0.0000e+00,0.0000e+00,0.0000e+00,1.3687e+01,0.0000e+00,0.0000e+00,5.4404e+01,2.4200e+02,5.9785e+02,5.7655e+02,5.9806e+02,5.5861e+02,3.1001e+02,3.0759e+02,3.0978e+02,3.7674e+02,5.5747e+02,5.5687e+02,5.5637e+02,5.5081e+02,5.5641e+02,5.5168e+02,5.5718e+02,5.5690e+02,5.5732e+02,5.5711e+02,1.0000e+00,1.0000e+00,1.0000e+00,1.0000e+00,1.0000e+00,1.0000e+00,1.0000e+00,2.8676e-01,0.0000e+00,0.0000e+00,0.0000e+00,0.0000e+00,1.1512e+05,0.0000e+00,6.7805e+06,6.7276e+06,0.0000e+00,6.7839e+06,2.8170e-01,1.7670e-02,6.9267e-01,5.2056e-01,7.3330e-01
1.0900e+03,4.0766e+00,3.8194e+00,5.5374e+00,4.5379e+00,6.5290e+00,5.4525e+00,7.6043e+07,0.0000e+00,0.0000e+00,0.0000e+00,5.6409e+02,5.6542e+02,5.6918e+02,5.7105e+02,5.7305e+02,5.7493e+02,5.7674e+02,5.7857e+02,5.7917e+02,5.8070e+02,5.7827e+02,5.7860e+02,1.1993e+07,6.8041e+06,2.0990e+01,2.1461e+01,0.0000e+00,0.0000e+00,0.0000e+00,2.0599e+02,6.0414e+02,2.1512e+01,0.0000e+00,0.0000e+00,2.1544e+01,0.0000e+00,0.0000e+00,0.0000e+00,2.3263e+01,0.0000e+00,0.0000e+00,7.5846e+01,2.0071e+02,5.9783e+02,5.7644e+02,5.9804e+02,5.5853e+02,3.1005e+02,3.0759e+02,3.0981e+02,3.7672e+02,5.5775e+02,5.5703e+02,5.5650e+02,5.5070e+02,5.5654e+02,5.5151e+02,5.5739e+02,5.5706e+02,5.5749e+02,5.5730e+02,1.0000e+00,1.0000e+00,1.0000e+00,1.0000e+00,1.0000e+00,1.0000e+00,1.0000e+00,2.8367e-01,0.0000e+00,0.0000e+00,0.0000e+00,0.0000e+00,1.1504e+05,0.0000e+00,6.7927e+06,6.7400e+06,0.0000e+00,6.8006e+06,2.7596e-01,1.9486e-02,6.8640e-01,5.4488e-01,7.1236e-01
1.0950e+03,4.0766e+00,3.8194e+00,5.5374e+00,4.5285e+00,6.5256e+00,5.1826e+00,7.5906e+07,0.0000e+00,0.0000e+00,0.0000e+00,5.6401e+02,5.6533e+02,5.6909e+02,5.7096e+02,5.7296e+02,5.7484e+02,5.7664e+02,5.7847e+02,5.7907e+02,5.8060e+02,5.7816e+02,5.7849e+02,1.1991e+07,6.8218e+06,2.1750e+01,2.1344e+01,0.0000e+00,0.0000e+00,0.0000e+00,2.0451e+02,6.0434e+02,2.1579e+01,0.0000e+00,0.0000e+00,2.1632e+01,0.0000e+00,0.0000e+00,0.0000e+00,2.0954e+01,0.0000e+00,0.0000e+00,2.4712e+02,-1.5311e+03,5.9781e+02,5.7633e+02,5.9803e+02,5.5845e+02,3.1010e+02,3.0760e+02,3.0984e+02,3.7670e+02,5.5806e+02,5.5720e+02,5.5667e+02,5.5084e+02,5.5673e+02,5.5149e+02,5.5774e+02,5.5724e+02,5.5766e+02,5.5746e+02,1.0000e+00,1.0000e+00,1.0000e+00,1.0000e+00,1.0000e+00,1.0000e+00,1.0000e+00,2.8060e-01,0.0000e+00,0.0000e+00,0.0000e+00,0.0000e+00,1.1497e+05,0.0000e+00,6.8116e+06,6.7582e+06,0.0000e+00,6.8183e+06,2.8241e-01,1.9268e-02,7.0537e-01,5.4245e-01,7.0018e-01
1.1000e+03,4.0766e+00,3.8194e+00,5.5374e+00,4.5234e+00,6.5458e+00,5.3092e+00,7.5770e+07,0.0000e+00,0.0000e+00,0.0000e+00,5.6393e+02,5.6526e+02,5.6901e+02,5.7088e+02,5.7288e+02,5.7475e+02,5.7655e+02,5.7838e+02,5.7898e+02,5.8050e+02,5.7807e+02,5.7839e+02,1.1991e+07,6.8029e+06,2.2328e+01,2.2496e+01,0.0000e+00,0.0000e+00,0.0000e+00,2.0385e+02,6.0345e+02,2.1110e+01,0.0000e+00,0.0000e+00,2.1455e+01,0.0000e+00,0.0000e+00,0.0000e+00,2.0462e+01,0.0000e+00,0.0000e+00,2.3116e+02,5.5520e+02,5.9781e+02,5.7622e+02,5.9803e+02,5.5838e+02,3.1014e+02,3.0761e+02,3.0988e+02,3.7668e+02,5.5771e+02,5.5702e+02,5.5650e+02,5.5097e+02,5.5655e+02,5.5129e+02,5.5747e+02,5.5705e+02,5.5747e+02,5.5758e+02,1.0000e+00,1.0000e+00,1.0000e+00,1.0000e+00,1.0000e+00,1.0000e+00,1.0000e+00,2.7751e-01,0.0000e+00,0.0000e+00,0.0000e+00,0.0000e+00,1.1489e+05,0.0000e+00,6.7928e+06,6.7412e+06,0.0000e+00,6.7994e+06,2.8365e-01,1.9113e-02,7.0366e-01,5.3031e-01,7.0742e-01
1.1050e+03,4.0766e+00,3.8194e+00,5.5374e+00,4.5118e+00,6.5832e+00,5.2654e+00,7.5635e+07,0.0000e+00,0.0000e+00,0.0000e+00,5.6387e+02,5.6519e+02,5.6895e+02,5.7082e+02,5.7282e+02,5.7469e+02,5.7648e+02,5.7831e+02,5.7890e+02,5.8042e+02,5.7798e+02,5.7831e+02,1.1984e+07,6.7179e+06,2.0808e+01,2.1764e+01,0.0000e+00,0.0000e+00,0.0000e+00,2.0425e+02,5.9946e+02,2.1454e+01,0.0000e+00,0.0000e+00,2.1191e+01,0.0000e+00,0.0000e+00,0.0000e+00,2.0248e+01,0.0000e+00,0.0000e+00,2.6105e+02,6.9675e+02,5.9777e+02,5.7613e+02,5.9798e+02,5.5832e+02,3.1018e+02,3.0761e+02,3.0991e+02,3.7666e+02,5.5616e+02,5.5617e+02,5.5564e+02,5.5014e+02,5.5568e+02,5.5055e+02,5.5614e+02,5.5621e+02,5.5663e+02,5.5712e+02,1.0000e+00,1.0000e+00,1.0000e+00,1.0000e+00,1.0000e+00,1.0000e+00,1.0000e+00,2.7444e-01,0.0000e+00,0.0000e+00,0.0000e+00,0.0000e+00,1.1482e+05,0.0000e+00,6.7046e+06,6.6542e+06,0.0000e+00,6.7141e+06,2.7684e-01,1.9740e-02,6.7160e-01,5.2802e-01,6.9960e-01
1.1100e+03,4.0766e+00,3.8194e+00,5.5374e+00,4.4931e+00,6.5704e+00,5.2411e+00,7.5500e+07,0.0000e+00,0.0000e+00,0.0000e+00,5.6382e+02,5.6514e+02,5.6890e+02,5.7077e+02,5.7277e+02,5.7464e+02,5.7643e+02,5.7826e+02,5.7885e+02,5.8037e+02,5.7791e+02,5.7823e+02,1.1974e+07,6.6636e+06,1.9951e+01,2.0075e+01,0.0000e+00,0.0000e+00,0.0000e+00,2.0592e+02,5.9397e+02,2.0968e+01,0.0000e+00,0.0000e+00,2.0805e+01,0.0000e+00,0.0000e+00,0.0000e+00,1.7280e+01,0.0000e+00,0.0000e+00,-1.1419e+03,1.4605e+02,5.9770e+02,5.7604e+02,5.9792e+02,5.5825e+02,3.1022e+02,3.0762e+02,3.0994e+02,3.7665e+02,5.5556e+02,5.5563e+02,5.5506e+02,5.4945e+02,5.5507e+02,5.4988e+02,5.5560e+02,5.5567e+02,5.5609e+02,5.5654e+02,1.0000e+00,1.0000e+00,1.0000e+00,1.0000e+00,1.0000e+00,1.0000e+00,1.0000e+00,2.7136e-01,0.0000e+00,0.0000e+00,0.0000e+00,0.0000e+00,1.1474e+05,0.0000e+00,6.6425e+06,6.5940e+06,0.0000e+00,6.6600e+06,2.7236e-01,1.9855e-02,6.7247e-01,5.3863e-01,6.7355e-01
1.1150e+03,4.0766e+00,3.8194e+00,5.5374e+00,4.4559e+00,6.3526e+00,5.2077e+00,7.5367e+07,0.0000e+00,0.0000e+00,0.0000e+00,5.6376e+02,5.6509e+02,5.6886e+02,5.7073e+02,5.7273e+02,5.7460e+02,5.7640e+02,5.7822e+02,5.7881e+02,5.8032e+02,5.7786e+02,5.7818e+02,1.1949e+07,6.6331e+06,2.0288e+01,1.9513e+01,0.0000e+00,0.0000e+00,0.0000e+00,2.0681e+02,5.8954e+02,2.1333e+01,0.0000e+00,0.0000e+00,2.1083e+01,0.0000e+00,0.0000e+00,0.0000e+00,9.8627e+00,0.0000e+00,0.0000e+00,1.8458e+02,7.9847e+02,5.9754e+02,5.7596e+02,5.9776e+02,5.5818e+02,3.1026e+02,3.0762e+02,3.0997e+02,3.7663e+02,5.5525e+02,5.5532e+02,5.5476e+02,5.4883e+02,5.5479e+02,5.4950e+02,5.5530e+02,5.5536e+02,5.5577e+02,5.5620e+02,1.0000e+00,1.0000e+00,1.0000e+00,1.0000e+00,1.0000e+00,1.0000e+00,1.0000e+00,2.6828e-01,0.0000e+00,0.0000e+00,0.0000e+00,0.0000e+00,1.1467e+05,0.0000e+00,6.6153e+06,6.5665e+06,0.0000e+00,6.6294e+06,2.7038e-01,1.9579e-02,7.0045e-01,5.6229e-01,6.6815e-01
1.1200e+03,4.0766e+00,3.8194e+00,5.5374e+00,4.4213e+00,6.5789e+00,5.1939e+00,7.5235e+07,0.0000e+00,0.0000e+00,0.0000e+00,5.6368e+02,5.6501e+02,5.6879e+02,5.7066e+02,5.7266e+02,5.7454e+02,5.7634e+02,5.7816e+02,5.7875e+02,5.8027e+02,5.7781e+02,5.7812e+02,1.1933e+07,6.6149e+06,2.0296e+01,1.9083e+01,0.0000e+00,0.0000e+00,0.0000e+00,2.0653e+02,5.9079e+02,2.1313e+01,0.0000e+00,0.0000e+00,2.1086e+01,0.0000e+00,0.0000e+00,0.0000e+00,2.6646e+01,0.0000e+00,0.0000e+00,-2.4868e+02,-7.3768e+01,5.9744e+02,5.7590e+02,5.9766e+02,5.5811e+02,3.1030e+02,3.0763e+02,3.0999e+02,3.7661e+02,5.5523e+02,5.5514e+02,5.5456e+02,5.4855e+02,5.5459e+02,5.4926e+02,5.5526e+02,5.5517e+02,5.5560e+02,5.5577e+02,1.0000e+00,1.0000e+00,1.0000e+00,1.0000e+00,1.0000e+00,1.0000e+00,1.0000e+00,2.6521e-01,0.0000e+00,0.0000e+00,0.0000e+00,0.0000e+00,1.1459e+05,0.0000e+00,6.5945e+06,6.5456e+06,0.0000e+00,6.6115e+06,2.7227e-01,1.9543e-02,7.2400e-01,5.5441e-01,6.9139e-01
1.1250e+03,4.0766e+00,3.8194e+00,5.5374e+00,4.4014e+00,6.3504e+00,5.1522e+00,7.5103e+07,0.0000e+00,0.0000e+00,0.0000e+00,5.6360e+02,5.6492e+02,5.6869e+02,5.7056e+02,5.7257e+02,5.7445e+02,5.7625e+02,5.7808e+02,5.7867e+02,5.8019e+02,5.7774e+02,5.7806e+02,1.1926e+07,6.6565e+06,2.2489e+01,2.1709e+01,0.0000e+00,0.0000e+00,0.0000e+00,2.0597e+02,5.9348e+02,2.1696e+01,0.0000e+00,0.0000e+00,2.1353e+01,0.0000e+00,0.0000e+00,0.0000e+00,9.0233e+00,0.0000e+00,0.0000e+00,-4.7496e+01,2.9152e+02,5.9740e+02,5.7585e+02,5.9761e+02,5.5804e+02,3.1034e+02,3.0764e+02,3.1002e+02,3.7659e+02,5.5583e+02,5.5556e+02,5.5499e+02,5.4912e+02,5.5506e+02,5.4976e+02,5.5578e+02,5.5559e+02,5.5601e+02,5.5586e+02,1.0000e+00,1.0000e+00,1.0000e+00,1.0000e+00,1.0000e+00,1.0000e+00,1.0000e+00,2.6212e-01,0.0000e+00,0.0000e+00,0.0000e+00,0.0000e+00,1.1452e+05,0.0000e+00,6.6421e+06,6.5901e+06,0.0000e+00,6.6527e+06,2.7526e-01,1.9302e-02,7.3893e-01,5.4487e-01,7.2336e-01
1.1300e+03,4.0766e+00,3.8194e+00,5.5374e+00,4.3871e+00,6.3617e+00,4.8365e+00,7.4974e+07,0.0000e+00,0.0000e+00,0.0000e+00,5.6350e+02,5.6483e+02,5.6859e+02,5.7046e+02,5.7246e+02,5.7434e+02,5.7614e+02,5.7797e+02,5.7857e+02,5.8009e+02,5.7766e+02,5.7799e+02,1.1921e+07,6.6791e+06,2.2526e+01,2.2900e+01,0.0000e+00,0.0000e+00,0.0000e+00,2.0579e+02,5.9514e+02,2.1480e+01,0.0000e+00,0.0000e+00,2.1279e+01,0.0000e+00,0.0000e+00,0.0000e+00,2.8671e+01,0.0000e+00,0.0000e+00,2.4644e+02,2.1569e+02,5.9737e+02,5.7579e+02,5.9758e+02,5.5796e+02,3.1038e+02,3.0764e+02,3.1005e+02,3.7657e+02,5.5619e+02,5.5578e+02,5.5520e+02,5.4938e+02,5.5526e+02,5.5013e+02,5.5607e+02,5.5582e+02,5.5624e+02,5.5603e+02,1.0000e+00,1.0000e+00,1.0000e+00,1.0000e+00,1.0000e+00,1.0000e+00,1.0000e+00,2.5906e-01,0.0000e+00,0.0000e+00,0.0000e+00,0.0000e+00,1.1444e+05,0.0000e+00,6.6656e+06,6.6128e+06,0.0000e+00,6.6754e+06,2.8945e-01,1.9532e-02,7.2110e-01,5.3111e-01,7.4581e-01
1.1350e+03,4.0766e+00,3.8194e+00,5.5374e+00,4.3738e+00,6.4651e+00,5.1187e+00,7.4844e+07,0.0000e+00,0.0000e+00,0.0000e+00,5.6341e+02,5.6473e+02,5.6848e+02,5.7035e+02,5.7235e+02,5.7423e+02,5.7603e+02,5.7786e+02,5.7846e+02,5.7999e+02,5.7756e+02,5.7789e+02,1.1917e+07,6.6986e+06,2.1127e+01,2.1823e+01,0.0000e+00,0.0000e+00,0.0000e+00,2.0511e+02,5.9661e+02,2.1120e+01,0.0000e+00,0.0000e+00,2.1268e+01,0.0000e+00,0.0000e+00,0.0000e+00,2.5124e+01,0.0000e+00,0.0000e+00,-1.3959e+02,7.6998e+01,5.9734e+02,5.7572e+02,5.9756e+02,5.5788e+02,3.1042e+02,3.0765e+02,3.1008e+02,3.7655e+02,5.5653e+02,5.5598e+02,5.5545e+02,5.4991e+02,5.5549e+02,5.5063e+02,5.5629e+02,5.5602e+02,5.5643e+02,5.5622e+02,1.0000e+00,1.0000e+00,1.0000e+00,1.0000e+00,1.0000e+00,1.0000e+00,1.0000e+00,2.5598e-01,0.0000e+00,0.0000e+00,0.0000e+00,0.0000e+00,1.1437e+05,0.0000e+00,6.6881e+06,6.6358e+06,0.0000e+00,6.6950e+06,2.8721e-01,1.8647e-02,7.0041e-01,5.1236e-01,7.3655e-01
1.1400e+03,4.0766e+00,3.8194e+00,5.5374e+00,4.3652e+00,6.4080e+00,4.9910e+00,7.4717e+07,0.0000e+00,0.0000e+00,0.0000e+00,5.6332e+02,5.6464e+02,5.6838e+02,5.7025e+02,5.7224e+02,5.7412e+02,5.7592e+02,5.7774e+02,5.7835e+02,5.7987e+02,5.7746e+02,5.7779e+02,1.1916e+07,6.7183e+06,2.0520e+01,2.1376e+01,0.0000e+00,0.0000e+00,0.0000e+00,2.0351e+02,5.9865e+02,2.1440e+01,0.0000e+00,0.0000e+00,2.1740e+01,0.0000e+00,0.0000e+00,0.0000e+00,1.2447e+01,0.0000e+00,0.0000e+00,8.1814e+01,1.2812e+02,5.9734e+02,5.7563e+02,5.9755e+02,5.5779e+02,3.1046e+02,3.0765e+02,3.1011e+02,3.7653e+02,5.5687e+02,5.5617e+02,5.5564e+02,5.4996e+02,5.5575e+02,5.5048e+02,5.5652e+02,5.5621e+02,5.5663e+02,5.5640e+02,1.0000e+00,1.0000e+00,1.0000e+00,1.0000e+00,1.0000e+00,1.0000e+00,1.0000e+00,2.5293e-01,0.0000e+00,0.0000e+00,0.0000e+00,0.0000e+00,1.1429e+05,0.0000e+00,6.7168e+06,6.6587e+06,0.0000e+00,6.7145e+06,2.7455e-01,1.8495e-02,6.7969e-01,5.3418e-01,7.1827e-01
1.1450e+03,4.0766e+00,3.8194e+00,5.5374e+00,4.3598e+00,6.3829e+00,5.0969e+00,7.4589e+07,0.0000e+00,0.0000e+00,0.0000e+00,5.6323e+02,5.6455e+02,5.6828e+02,5.7015e+02,5.7214e+02,5.7401e+02,5.7581e+02,5.7763e+02,5.7823e+02,5.7976e+02,5.7735e+02,5.7768e+02,1.1917e+07,6.7354e+06,2.1470e+01,2.1401e+01,0.0000e+00,0.0000e+00,0.0000e+00,2.0336e+02,5.9861e+02,2.1275e+01,0.0000e+00,0.0000e+00,2.1378e+01,0.0000e+00,0.0000e+00,0.0000e+00,2.6252e+01,0.0000e+00,0.0000e+00,1.0029e+02,2.7995e+02,5.9734e+02,5.7553e+02,5.9755e+02,5.5771e+02,3.1050e+02,3.0766e+02,3.1014e+02,3.7651e+02,5.5716e+02,5.5635e+02,5.5580e+02,5.5001e+02,5.5585e+02,5.4956e+02,5.5683e+02,5.5638e+02,5.5680e+02,5.5660e+02,1.0000e+00,1.0000e+00,1.0000e+00,1.0000e+00,1.0000e+00,1.0000e+00,1.0000e+00,2.4986e-01,0.0000e+00,0.0000e+00,0.0000e+00,0.0000e+00,1.1422e+05,0.0000e+00,6.7211e+06,6.6704e+06,0.0000e+00,6.7318e+06,2.7829e-01,1.9536e-02,6.9387e-01,5.4045e-01,6.9912e-01
1.1500e+03,4.0766e+00,3.8194e+00,5.5374e+00,4.3563e+00,6.4131e+00,5.1047e+00,7.4463e+07,0.0000e+00,0.0000e+00,0.0000e+00,5.6314e+02,5.6446e+02,5.6819e+02,5.7005e+02,5.7204e+02,5.7391e+02,5.7570e+02,5.7753e+02,5.7813e+02,5.7965e+02,5.7724e+02,5.7757e+02,1.1918e+07,6.7523e+06,2.1588e+01,2.1247e+01,0.0000e+00,0.0000e+00,0.0000e+00,2.0393e+02,5.9722e+02,2.1320e+01,0.0000e+00,0.0000e+00,2.1323e+01,0.0000e+00,0.0000e+00,0.0000e+00,2.4616e+01,0.0000e+00,0.0000e+00,2.6291e+02,-1.6654e+03,5.9734e+02,5.7543e+02,5.9756e+02,5.5763e+02,3.1054e+02,3.0767e+02,3.1017e+02,3.7650e+02,5.5746e+02,5.5652e+02,5.5596e+02,5.5024e+02,5.5601e+02,5.5071e+02,5.5719e+02,5.5655e+02,5.5696e+02,5.5677e+02,1.0000e+00,1.0000e+00,1.0000e+00,1.0000e+00,1.0000e+00,1.0000e+00,1.0000e+00,2.4679e-01,0.0000e+00,0.0000e+00,0.0000e+00,0.0000e+00,1.1414e+05,0.0000e+00,6.7385e+06,6.6869e+06,0.0000e+00,6.7488e+06,2.8314e-01,1.9399e-02,7.0323e-01,5.3249e-01,6.9989e-01
1.1550e+03,4.0766e+00,3.8194e+00,5.5374e+00,4.3486e+00,6.4126e+00,5.0419e+00,7.4336e+07,0.0000e+00,0.0000e+00,0.0000e+00,5.6307e+02,5.6438e+02,5.6811e+02,5.6997e+02,5.7196e+02,5.7382e+02,5.7561e+02,5.7744e+02,5.7803e+02,5.7955e+02,5.7714e+02,5.7747e+02,1.1912e+07,6.6771e+06,2.1669e+01,2.2576e+01,0.0000e+00,0.0000e+00,0.0000e+00,2.0564e+02,5.9274e+02,2.0815e+01,0.0000e+00,0.0000e+00,2.1236e+01,0.0000e+00,0.0000e+00,0.0000e+00,1.4540e+01,0.0000e+00,0.0000e+00,2.8865e+02,7.6541e+02,5.9731e+02,5.7532e+02,5.9752e+02,5.5756e+02,3.1058e+02,3.0767e+02,3.1020e+02,3.7648e+02,5.5608e+02,5.5577e+02,5.5524e+02,5.4979e+02,5.5517e+02,5.5017e+02,5.5595e+02,5.5580e+02,5.5621e+02,5.5668e+02,1.0000e+00,1.0000e+00,1.0000e+00,1.0000e+00,1.0000e+00,1.0000e+00,1.0000e+00,2.4371e-01,0.0000e+00,0.0000e+00,0.0000e+00,0.0000e+00,1.1407e+05,0.0000e+00,6.6667e+06,6.6142e+06,0.0000e+00,6.6736e+06,2.7873e-01,1.8180e-02,6.7937e-01,5.2263e-01,7.0408e-01
1.1600e+03,4.0766e+00,3.8194e+00,5.5374e+00,4.3278e+00,6.3656e+00,5.0046e+00,7.4212e+07,0.0000e+00,0.0000e+00,0.0000e+00,5.6301e+02,5.6432e+02,5.6806e+02,5.6992e+02,5.7191e+02,5.7377e+02,5.7556e+02,5.7738e+02,5.7797e+02,5.7948e+02,5.7706e+02,5.7739e+02,1.1900e+07,6.6179e+06,2.0840e+01,2.1484e+01,0.0000e+00,0.0000e+00,0.0000e+00,2.0560e+02,5.8811e+02,2.1124e+01,0.0000e+00,0.0000e+00,2.1057e+01,0.0000e+00,0.0000e+00,0.0000e+00,1.9844e+01,0.0000e+00,0.0000e+00,2.0876e+02,5.9462e+02,5.9723e+02,5.7522e+02,5.9745e+02,5.5749e+02,3.1062e+02,3.0768e+02,3.1023e+02,3.7646e+02,5.5509e+02,5.5517e+02,5.5463e+02,5.4905e+02,5.5465e+02,5.4946e+02,5.5515e+02,5.5521e+02,5.5563e+02,5.5610e+02,1.0000e+00,1.0000e+00,1.0000e+00,1.0000e+00,1.0000e+00,1.0000e+00,1.0000e+00,2.4066e-01,0.0000e+00,0.0000e+00,0.0000e+00,0.0000e+00,1.1399e+05,0.0000e+00,6.6040e+06,6.5537e+06,0.0000e+00,6.6143e+06,2.7388e-01,1.9684e-02,6.6529e-01,5.3170e-01,6.8097e-01
1.1650e+03,4.0766e+00,3.8194e+00,5.5374e+00,4.3019e+00,6.3619e+00,4.9724e+00,7.4089e+07,0.0000e+00,0.0000e+00,0.0000e+00,5.6295e+02,5.6427e+02,5.6801e+02,5.6987e+02,5.7186e+02,5.7373e+02,5.7551e+02,5.7733e+02,5.7792e+02,5.7943e+02,5.7700e+02,5.7732e+02,1.1886e+07,6.5658e+06,1.9506e+01,1.9114e+01,0.0000e+00,0.0000e+00,0.0000e+00,2.0516e+02,5.8458e+02,2.0361e+01,0.0000e+00,0.0000e+00,2.0959e+01,0.0000e+00,0.0000e+00,0.0000e+00,2.2226e+01,0.0000e+00,0.0000e+00,5.7737e+02,-1.2669e+03,5.9714e+02,5.7514e+02,5.9735e+02,5.5742e+02,3.1066e+02,3.0768e+02,3.1025e+02,3.7644e+02,5.5458e+02,5.5465e+02,5.5412e+02,5.4835e+02,5.5414e+02,5.4871e+02,5.5462e+02,5.5468e+02,5.5509e+02,5.5557e+02,1.0000e+00,1.0000e+00,1.0000e+00,1.0000e+00,1.0000e+00,1.0000e+00,1.0000e+00,2.3761e-01,0.0000e+00,0.0000e+00,0.0000e+00,0.0000e+00,1.1392e+05,0.0000e+00,6.5530e+06,6.5048e+06,0.0000e+00,6.5625e+06,2.6965e-01,1.7767e-02,6.7689e-01,5.4535e-01,6.6199e-01
1.1700e+03,4.0766e+00,3.8194e+00,5.5374e+00,4.2721e+00,6.4820e+00,4.8866e+00,7.3966e+07,0.0000e+00,0.0000e+00,0.0000e+00,5.6289e+02,5.6421e+02,5.6796e+02,5.6983e+02,5.7182e+02,5.7368e+02,5.7547e+02,5.7729e+02,5.7788e+02,5.7939e+02,5.7695e+02,5.7727e+02,1.1870e+07,6.5226e+06,2.0276e+01,1.9267e+01,0.0000e+00,0.0000e+00,0.0000e+00,2.0514e+02,5.8223e+02,2.0669e+01,0.0000e+00,0.0000e+00,2.0631e+01,0.0000e+00,0.0000e+00,0.0000e+00,2.2874e+01,0.0000e+00,0.0000e+00,2.1301e+02,7.8168e+02,5.9703e+02,5.7506e+02,5.9725e+02,5.5736e+02,3.1070e+02,3.0769e+02,3.1028e+02,3.7642e+02,5.5416e+02,5.5420e+02,5.5360e+02,5.4767e+02,5.5358e+02,5.4805e+02,5.5419e+02,5.5424e+02,5.5466e+02,5.5508e+02,1.0000e+00,1.0000e+00,1.0000e+00,1.0000e+00,1.0000e+00,1.0000e+00,1.0000e+00,2.3455e-01,0.0000e+00,0.0000e+00,0.0000e+00,0.0000e+00,1.1384e+05,0.0000e+00,6.4959e+06,6.4502e+06,0.0000e+00,6.5190e+06,2.7001e-01,1.9138e-02,7.0374e-01,5.5816e-01,6.6892e-01
1.1750e+03,4.0766e+00,3.8194e+00,5.5374e+00,4.2470e+00,6.2081e+00,4.8495e+00,7.3844e+07,0.0000e+00,0.0000e+00,0.0000e+00,5.6282e+02,5.6414e+02,5.6789e+02,5.6976e+02,5.7175e+02,5.7362e+02,5.7541e+02,5.7724e+02,5.7782e+02,5.7934e+02,5.7690e+02,5.7722e+02,1.1859e+07,6.5744e+06,2.1935e+01,2.0530e+01,0.0000e+00,0.0000e+00,0.0000e+00,2.0501e+02,5.8243e+02,2.1473e+01,0.0000e+00,0.0000e+00,2.1094e+01,0.0000e+00,0.0000e+00,0.0000e+00,1.7830e+01,0.0000e+00,0.0000e+00,-1.1999e+03,-6.4017e+02,5.9696e+02,5.7501e+02,5.9718e+02,5.5729e+02,3.1074e+02,3.0769e+02,3.1031e+02,3.7640e+02,5.5500e+02,5.5473e+02,5.5415e+02,5.4828e+02,5.5420e+02,5.4899e+02,5.5504e+02,5.5477e+02,5.5518e+02,5.5506e+02,1.0000e+00,1.0000e+00,1.0000e+00,1.0000e+00,1.0000e+00,1.0000e+00,1.0000e+00,2.3149e-01,0.0000e+00,0.0000e+00,0.0000e+00,0.0000e+00,1.1377e+05,0.0000e+00,6.5579e+06,6.5068e+06,0.0000e+00,6.5707e+06,2.7349e-01,1.9225e-02,7.3963e-01,5.4432e-01,7.0014e-01
1.1800e+03,4.0766e+00,3.8194e+00,5.5374e+00,4.2311e+00,6.3680e+00,4.8415e+00,7.3724e+07,0.0000e+00,0.0000e+00,0.0000e+00,5.6274e+02,5.6407e+02,5.6781e+02,5.6968e+02,5.7167e+02,5.7354e+02,5.7534e+02,5.7716e+02,5.7775e+02,5.7927e+02,5.7684e+02,5.7716e+02,1.1854e+07,6.6013e+06,2.2791e+01,2.2932e+01,0.0000e+00,0.0000e+00,0.0000e+00,2.0357e+02,5.8515e+02,2.1100e+01,0.0000e+00,0.0000e+00,2.1345e+01,0.0000e+00,0.0000e+00,0.0000e+00,4.0912e+01,0.0000e+00,0.0000e+00,2.9892e+02,5.3638e+02,5.9693e+02,5.7496e+02,5.9715e+02,5.5722e+02,3.1078e+02,3.0770e+02,3.1033e+02,3.7638e+02,5.5540e+02,5.5500e+02,5.5445e+02,5.4858e+02,5.5453e+02,5.4916e+02,5.5538e+02,5.5504e+02,5.5545e+02,5.5524e+02,1.0000e+00,1.0000e+00,1.0000e+00,1.0000e+00,1.0000e+00,1.0000e+00,1.0000e+00,2.2844e-01,0.0000e+00,0.0000e+00,0.0000e+00,0.0000e+00,1.1369e+05,0.0000e+00,6.5926e+06,6.5393e+06,0.0000e+00,6.5979e+06,2.8626e-01,1.8518e-02,7.2306e-01,5.3263e-01,7.3912e-01
1.1850e+03,4.0766e+00,3.8194e+00,5.5374e+00,4.2213e+00,6.3311e+00,5.0182e+00,7.3603e+07,0.0000e+00,0.0000e+00,0.0000e+00,5.6266e+02,5.6398e+02,5.6772e+02,5.6958e+02,5.7158e+02,5.7345e+02,5.7524e+02,5.7707e+02,5.7767e+02,5.7919e+02,5.7677e+02,5.7709e+02,1.1852e+07,6.6214e+06,2.1115e+01,2.1843e+01,0.0000e+00,0.0000e+00,0.0000e+00,2.0309e+02,5.8727e+02,2.1483e+01,0.0000e+00,0.0000e+00,2.1067e+01,0.0000e+00,0.0000e+00,0.0000e+00,1.1156e+01,0.0000e+00,0.0000e+00,-7.2181e+02,-8.6094e+01,5.9692e+02,5.7491e+02,5.9714e+02,5.5715e+02,3.1082e+02,3.0770e+02,3.1036e+02,3.7636e+02,5.5574e+02,5.5520e+02,5.5465e+02,5.4912e+02,5.5471e+02,5.4947e+02,5.5560e+02,5.5524e+02,5.5565e+02,5.5545e+02,1.0000e+00,1.0000e+00,1.0000e+00,1.0000e+00,1.0000e+00,1.0000e+00,1.0000e+00,2.2539e-01,0.0000e+00,0.0000e+00,0.0000e+00,0.0000e+00,1.1362e+05,0.0000e+00,6.6082e+06,6.5572e+06,0.0000e+00,6.6176e+06,2.8800e-01,1.9323e-02,7.0109e-01,5.0852e-01,7.3814e-01
1.1900e+03,4.0766e+00,3.8194e+00,5.5374e+00,4.2143e+00,6.2671e+00,4.8621e+00,7.3483e+07,0.0000e+00,0.0000e+00,0.0000e+00,5.6257e+02,5.6389e+02,5.6762e+02,5.6948e+02,5.7147e+02,5.7334e+02,5.7514e+02,5.7696e+02,5.7756e+02,5.7909e+02,5.7668e+02,5.7701e+02,1.1852e+07,6.6423e+06,2.0291e+01,2.1262e+01,0.0000e+00,0.0000e+00,0.0000e+00,2.0333e+02,5.8828e+02,2.1389e+01,0.0000e+00,0.0000e+00,2.1117e+01,0.0000e+00,0.0000e+00,0.0000e+00,2.1549e+01,0.0000e+00,0.0000e+00,1.4316e+02,3.5667e+02,5.9693e+02,5.7484e+02,5.9714e+02,5.5708e+02,3.1086e+02,3.0771e+02,3.1039e+02,3.7635e+02,5.5611e+02,5.5541e+02,5.5487e+02,5.4925e+02,5.5493e+02,5.4939e+02,5.5600e+02,5.5545e+02,5.5586e+02,5.5563e+02,1.0000e+00,1.0000e+00,1.0000e+00,1.0000e+00,1.0000e+00,1.0000e+00,1.0000e+00,2.2233e-01,0.0000e+00,0.0000e+00,0.0000e+00,0.0000e+00,1.1354e+05,0.0000e+00,6.6287e+06,6.5792e+06,0.0000e+00,6.6384e+06,2.7422e-01,1.9470e-02,6.7635e-01,5.2711e-01,7.1936e-01
1.1950e+03,4.0766e+00,3.8194e+00,5.5374e+00,4.2086e+00,6.3151e+00,4.9070e+00,7.3365e+07,0.0000e+00,0.0000e+00,0.0000e+00,5.6249e+02,5.6380e+02,5.6752e+02,5.6938e+02,5.7137e+02,5.7324e+02,5.7503e+02,5.7685e+02,5.7746e+02,5.7898e+02,5.7658e+02,5.7691e+02,1.1851e+07,6.6592e+06,2.1231e+01,2.1298e+01,0.0000e+00,0.0000e+00,0.0000e+00,2.0484e+02,5.8706e+02,2.0960e+01,0.0000e+00,0.0000e+00,2.1397e+01,0.0000e+00,0.0000e+00,0.0000e+00,2.5135e+01,0.0000e+00,0.0000e+00,9.8851e+01,2.4030e+02,5.9692e+02,5.7476e+02,5.9713e+02,5.5700e+02,3.1090e+02,3.0771e+02,3.1042e+02,3.7633e+02,5.5641e+02,5.5559e+02,5.5508e+02,5.4929e+02,5.5513e+02,5.4983e+02,5.5639e+02,5.5562e+02,5.5603e+02,5.5584e+02,1.0000e+00,1.0000e+00,1.0000e+00,1.0000e+00,1.0000e+00,1.0000e+00,1.0000e+00,2.1928e-01,0.0000e+00,0.0000e+00,0.0000e+00,0.0000e+00,1.1347e+05,0.0000e+00,6.6519e+06,6.5989e+06,0.0000e+00,6.6558e+06,2.7644e-01,1.8033e-02,6.8709e-01,5.3603e-01,6.9749e-01
1.2000e+03,4.0766e+00,3.8194e+00,5.5374e+00,4.2007e+00,6.3035e+00,4.9017e+00,7.3247e+07,0.0000e+00,0.0000e+00,0.0000e+00,5.6241e+02,5.6372e+02,5.6744e+02,5.6930e+02,5.7128e+02,5.7315e+02,5.7494e+02,5.7676e+02,5.7736e+02,5.7888e+02,5.7648e+02,5.7682e+02,1.1848e+07,6.6754e+06,2.1574e+01,2.1243e+01,0.0000e+00,0.0000e+00,0.0000e+00,2.0533e+02,5.8536e+02,2.1021e+01,0.0000e+00,0.0000e+00,2.0929e+01,0.0000e+00,0.0000e+00,0.0000e+00,2.0415e+01,0.0000e+00,0.0000e+00,-6.0368e+02,-7.5573e+01,5.9690e+02,5.7467e+02,5.9711e+02,5.5693e+02,3.1094e+02,3.0772e+02,3.1044e+02,3.7631e+02,5.5669e+02,5.5575e+02,5.5516e+02,5.4950e+02,5.5524e+02,5.4959e+02,5.5678e+02,5.5578e+02,5.5619e+02,5.5602e+02,1.0000e+00,1.0000e+00,1.0000e+00,1.0000e+00,1.0000e+00,1.0000e+00,1.0000e+00,2.1625e-01,0.0000e+00,0.0000e+00,0.0000e+00,0.0000e+00,1.1340e+05,0.0000e+00,6.6551e+06,6.6056e+06,0.0000e+00,6.6719e+06,2.8126e-01,1.8829e-02,6.9804e-01,5.2918e-01,6.9500e-01
1.2050e+03,4.0766e+00,3.8194e+00,5.5374e+00,4.1898e+00,6.3698e+00,4.8437e+00,7.3130e+07,0.0000e+00,0.0000e+00,0.0000e+00,5.6234e+02,5.6365e+02,5.6737e+02,5.6922e+02,5.7121e+02,5.7307e+02,5.7486e+02,5.7667e+02,5.7727e+02,5.7879e+02,5.7639e+02,5.7672e+02,1.1842e+07,6.6141e+06,2.1686e+01,2.2442e+01,0.0000e+00,0.0000e+00,0.0000e+00,2.0476e+02,5.8333e+02,2.0939e+01,0.0000e+00,0.0000e+00,2.1062e+01,0.0000e+00,0.0000e+00,0.0000e+00,2.0018e+01,0.0000e+00,0.0000e+00,3.7962e+02,8.6430e+02,5.9686e+02,5.7458e+02,5.9708e+02,5.5686e+02,3.1098e+02,3.0772e+02,3.1047e+02,3.7629e+02,5.5556e+02,5.5513e+02,5.5459e+02,5.4919e+02,5.5462e+02,5.4947e+02,5.5580e+02,5.5517e+02,5.5558e+02,5.5599e+02,1.0000e+00,1.0000e+00,1.0000e+00,1.0000e+00,1.0000e+00,1.0000e+00,1.0000e+00,2.1318e-01,0.0000e+00,0.0000e+00,0.0000e+00,0.0000e+00,1.1332e+05,0.0000e+00,6.6009e+06,6.5502e+06,0.0000e+00,6.6105e+06,2.7790e-01,1.9535e-02,6.7922e-01,5.1926e-01,7.0015e-01
1.2100e+03,4.0766e+00,3.8194e+00,5.5374e+00,4.1683e+00,6.3613e+00,4.8185e+00,7.3014e+07,0.0000e+00,0.0000e+00,0.0000e+00,5.6228e+02,5.6359e+02,5.6731e+02,5.6917e+02,5.7115e+02,5.7301e+02,5.7479e+02,5.7661e+02,5.7721e+02,5.7872e+02,5.7631e+02,5.7664e+02,1.1830e+07,6.5528e+06,2.0654e+01,2.1250e+01,0.0000e+00,0.0000e+00,0.0000e+00,2.0422e+02,5.8055e+02,2.0906e+01,0.0000e+00,0.0000e+00,2.1097e+01,0.0000e+00,0.0000e+00,0.0000e+00,1.5146e+01,0.0000e+00,0.0000e+00,1.3504e+02,5.4869e+02,5.9678e+02,5.7448e+02,5.9700e+02,5.5679e+02,3.1102e+02,3.0773e+02,3.1049e+02,3.7627e+02,5.5443e+02,5.5451e+02,5.5399e+02,5.4842e+02,5.5403e+02,5.4880e+02,5.5486e+02,5.5455e+02,5.5496e+02,5.5545e+02,1.0000e+00,1.0000e+00,1.0000e+00,1.0000e+00,1.0000e+00,1.0000e+00,1.0000e+00,2.1014e-01,0.0000e+00,0.0000e+00,0.0000e+00,0.0000e+00,1.1325e+05,0.0000e+00,6.5427e+06,6.4916e+06,0.0000e+00,6.5494e+06,2.7320e-01,1.9090e-02,6.6146e-01,5.2794e-01,6.7954e-01
1.2150e+03,4.0766e+00,3.8194e+00,5.5374e+00,4.1417e+00,6.2746e+00,4.4823e+00,7.2899e+07,0.0000e+00,0.0000e+00,0.0000e+00,5.6222e+02,5.6353e+02,5.6726e+02,5.6911e+02,5.7110e+02,5.7296e+02,5.7474e+02,5.7656e+02,5.7715e+02,5.7866e+02,5.7625e+02,5.7657e+02,1.1815e+07,6.5010e+06,1.9581e+01,1.9409e+01,0.0000e+00,0.0000e+00,0.0000e+00,2.0403e+02,5.7825e+02,2.0609e+01,0.0000e+00,0.0000e+00,2.0732e+01,0.0000e+00,0.0000e+00,0.0000e+00,1.1738e+01,0.0000e+00,0.0000e+00,-1.5775e+03,1.4250e+02,5.9669e+02,5.7440e+02,5.9690e+02,5.5673e+02,3.1106e+02,3.0773e+02,3.1052e+02,3.7625e+02,5.5391e+02,5.5398e+02,5.5343e+02,5.4781e+02,5.5342e+02,5.4795e+02,5.5405e+02,5.5402e+02,5.5443e+02,5.5487e+02,1.0000e+00,1.0000e+00,1.0000e+00,1.0000e+00,1.0000e+00,1.0000e+00,1.0000e+00,2.0711e-01,0.0000e+00,0.0000e+00,0.0000e+00,0.0000e+00,1.1317e+05,0.0000e+00,6.4848e+06,6.4370e+06,0.0000e+00,6.4975e+06,2.7043e-01,1.9200e-02,6.7065e-01,5.3356e-01,6.5987e-01
1.2200e+03,4.0766e+00,3.8194e+00,5.5374e+00,4.1119e+00,6.2265e+00,4.9701e+00,7.2784e+07,0.0000e+00,0.0000e+00,0.0000e+00,5.6216e+02,5.6347e+02,5.6720e+02,5.6905e+02,5.7104e+02,5.7290e+02,5.7468e+02,5.7650e+02,5.7709e+02,5.7860e+02,5.7619e+02,5.7651e+02,1.1799e+07,6.4506e+06,2.0049e+01,1.9176e+01,0.0000e+00,0.0000e+00,0.0000e+00,2.0361e+02,5.7767e+02,2.0696e+01,0.0000e+00,0.0000e+00,2.0776e+01,0.0000e+00,0.0000e+00,0.0000e+00,-1.8844e+00,0.0000e+00,0.0000e+00,1.6285e+02,8.0739e+02,5.9658e+02,5.7433e+02,5.9680e+02,5.5667e+02,3.1110e+02,3.0774e+02,3.1055e+02,3.7623e+02,5.5339e+02,5.5347e+02,5.5289e+02,5.4701e+02,5.5291e+02,5.4774e+02,5.5344e+02,5.5350e+02,5.5391e+02,5.5442e+02,1.0000e+00,1.0000e+00,1.0000e+00,1.0000e+00,1.0000e+00,1.0000e+00,1.0000e+00,2.0407e-01,0.0000e+00,0.0000e+00,0.0000e+00,0.0000e+00,1.1310e+05,0.0000e+00,6.4327e+06,6.3844e+06,0.0000e+00,6.4472e+06,2.6922e-01,1.9322e-02,6.9222e-01,5.5435e-01,6.6188e-01
1.2250e+03,4.0766e+00,3.8194e+00,5.5374e+00,4.0877e+00,6.0964e+00,4.6639e+00,7.2670e+07,0.0000e+00,0.0000e+00,0.0000e+00,5.6209e+02,5.6340e+02,5.6712e+02,5.6898e+02,5.7096e+02,5.7282e+02,5.7461e+02,5.7643e+02,5.7702e+02,5.7853e+02,5.7612e+02,5.7644e+02,1.1789e+07,6.4927e+06,2.1304e+01,1.9806e+01,0.0000e+00,0.0000e+00,0.0000e+00,2.0247e+02,5.8015e+02,2.0908e+01,0.0000e+00,0.0000e+00,2.1003e+01,0.0000e+00,0.0000e+00,0.0000e+00,3.0335e+01,0.0000e+00,0.0000e+00,2.3672e+01,2.0320e+02,5.9651e+02,5.7427e+02,5.9673e+02,5.5662e+02,3.1114e+02,3.0774e+02,3.1057e+02,3.7621e+02,5.5415e+02,5.5390e+02,5.5332e+02,5.4739e+02,5.5336e+02,5.4723e+02,5.5425e+02,5.5393e+02,5.5435e+02,5.5426e+02,1.0000e+00,1.0000e+00,1.0000e+00,1.0000e+00,1.0000e+00,1.0000e+00,1.0000e+00,2.0103e-01,0.0000e+00,0.0000e+00,0.0000e+00,0.0000e+00,1.1302e+05,0.0000e+00,6.4754e+06,6.4265e+06,0.0000e+00,6.4892e+06,2.7229e-01,1.9447e-02,7.3107e-01,5.4579e-01,6.8746e-01
1.2300e+03,4.0766e+00,3.8194e+00,5.5374e+00,4.0750e+00,6.3273e+00,4.8257e+00,7.2557e+07,0.0000e+00,0.0000e+00,0.0000e+00,5.6202e+02,5.6333e+02,5.6704e+02,5.6889e+02,5.7087e+02,5.7273e+02,5.7452e+02,5.7634e+02,5.7693e+02,5.7845e+02,5.7605e+02,5.7637e+02,1.1786e+07,6.5211e+06,2.2920e+01,2.2783e+01,0.0000e+00,0.0000e+00,0.0000e+00,2.0255e+02,5.8208e+02,2.1387e+01,0.0000e+00,0.0000e+00,2.1115e+01,0.0000e+00,0.0000e+00,0.0000e+00,2.0758e+01,0.0000e+00,0.0000e+00,1.5427e+02,4.2128e+02,5.9649e+02,5.7421e+02,5.9671e+02,5.5656e+02,3.1117e+02,3.0774e+02,3.1060e+02,3.7620e+02,5.5455e+02,5.5419e+02,5.5361e+02,5.4779e+02,5.5369e+02,5.4868e+02,5.5471e+02,5.5422e+02,5.5463e+02,5.5442e+02,1.0000e+00,1.0000e+00,1.0000e+00,1.0000e+00,1.0000e+00,1.0000e+00,1.0000e+00,1.9800e-01,0.0000e+00,0.0000e+00,0.0000e+00,0.0000e+00,1.1295e+05,0.0000e+00,6.5101e+06,6.4565e+06,0.0000e+00,6.5174e+06,2.8141e-01,1.8662e-02,7.2263e-01,5.3181e-01,7.2909e-01
1.2350e+03,4.0766e+00,3.8194e+00,5.5374e+00,4.0661e+00,6.1177e+00,4.7457e+00,7.2444e+07,0.0000e+00,0.0000e+00,0.0000e+00,5.6193e+02,5.6324e+02,5.6694e+02,5.6879e+02,5.7077e+02,5.7263e+02,5.7441e+02,5.7623e+02,5.7683e+02,5.7835e+02,5.7596e+02,5.7629e+02,1.1784e+07,6.5423e+06,2.1271e+01,2.1890e+01,0.0000e+00,0.0000e+00,0.0000e+00,2.0330e+02,5.8337e+02,2.1209e+01,0.0000e+00,0.0000e+00,2.0953e+01,0.0000e+00,0.0000e+00,0.0000e+00,1.5794e+01,0.0000e+00,0.0000e+00,-1.6239e+01,2.0608e+02,5.9649e+02,5.7414e+02,5.9670e+02,5.5649e+02,3.1121e+02,3.0775e+02,3.1062e+02,3.7618e+02,5.5492e+02,5.5440e+02,5.5384e+02,5.4829e+02,5.5389e+02,5.4867e+02,5.5518e+02,5.5444e+02,5.5485e+02,5.5464e+02,1.0000e+00,1.0000e+00,1.0000e+00,1.0000e+00,1.0000e+00,1.0000e+00,1.0000e+00,1.9496e-01,0.0000e+00,0.0000e+00,0.0000e+00,0.0000e+00,1.1288e+05,0.0000e+00,6.5290e+06,6.4782e+06,0.0000e+00,6.5388e+06,2.8763e-01,1.9173e-02,7.0104e-01,5.0724e-01,7.3571e-01
1.2400e+03,4.0766e+00,3.8194e+00,5.5374e+00,4.0563e+00,6.1741e+00,4.7119e+00,7.2332e+07,0.0000e+00,0.0000e+00,0.0000e+00,5.6185e+02,5.6316e+02,5.6685e+02,5.6870e+02,5.7067e+02,5.7253e+02,5.7431e+02,5.7612e+02,5.7673e+02,5.7824e+02,5.7587e+02,5.7619e+02,1.1782e+07,6.5629e+06,2.0235e+01,2.1200e+01,0.0000e+00,0.0000e+00,0.0000e+00,2.0481e+02,5.8246e+02,2.1049e+01,0.0000e+00,0.0000e+00,2.0935e+01,0.0000e+00,0.0000e+00,0.0000e+00,2.5131e+01,0.0000e+00,0.0000e+00,2.2854e+02,4.5098e+02,5.9647e+02,5.7406e+02,5.9669e+02,5.5642e+02,3.1125e+02,3.0775e+02,3.1065e+02,3.7616e+02,5.5529e+02,5.5461e+02,5.5406e+02,5.4854e+02,5.5402e+02,5.4924e+02,5.5563e+02,5.5465e+02,5.5505e+02,5.5482e+02,1.0000e+00,1.0000e+00,1.0000e+00,1.0000e+00,1.0000e+00,1.0000e+00,1.0000e+00,1.9193e-01,0.0000e+00,0.0000e+00,0.0000e+00,0.0000e+00,1.1280e+05,0.0000e+00,6.5490e+06,6.4978e+06,0.0000e+00,6.5593e+06,2.7460e-01,1.9303e-02,6.7484e-01,5.1712e-01,7.1848e-01
1.2450e+03,4.0766e+00,3.8194e+00,5.5374e+00,4.0453e+00,6.2055e+00,4.6991e+00,7.2221e+07,0.0000e+00,0.0000e+00,0.0000e+00,5.6178e+02,5.6308e+02,5.6677e+02,5.6861e+02,5.7058e+02,5.7243e+02,5.7421e+02,5.7602e+02,5.7663e+02,5.7814e+02,5.7577e+02,5.7610e+02,1.1778e+07,6.5804e+06,2.0837e+01,2.0995e+01,0.0000e+00,0.0000e+00,0.0000e+00,2.0444e+02,5.8228e+02,2.1092e+01,0.0000e+00,0.0000e+00,2.1187e+01,0.0000e+00,0.0000e+00,0.0000e+00,2.1741e+01,0.0000e+00,0.0000e+00,8.9066e+01,2.4953e+02,5.9645e+02,5.7397e+02,5.9666e+02,5.5635e+02,3.1129e+02,3.0776e+02,3.1067e+02,3.7614e+02,5.5560e+02,5.5479e+02,5.5426e+02,5.4853e+02,5.5431e+02,5.4907e+02,5.5602e+02,5.5483e+02,5.5523e+02,5.5503e+02,1.0000e+00,1.0000e+00,1.0000e+00,1.0000e+00,1.0000e+00,1.0000e+00,1.0000e+00,1.8889e-01,0.0000e+00,0.0000e+00,0.0000e+00,0.0000e+00,1.1273e+05,0.0000e+00,6.5704e+06,6.5182e+06,0.0000e+00,6.5770e+06,2.7475e-01,1.8852e-02,6.7927e-01,5.3162e-01,6.9604e-01
1.2500e+03,4.0766e+00,3.8194e+00,5.5374e+00,4.0346e+00,6.1839e+00,4.6874e+00,7.2111e+07,0.0000e+00,0.0000e+00,0.0000e+00,5.6170e+02,5.6300e+02,5.6669e+02,5.6853e+02,5.7050e+02,5.7235e+02,5.7413e+02,5.7593e+02,5.7653e+02,5.7804e+02,5.7567e+02,5.7600e+02,1.1774e+07,6.5965e+06,2.1371e+01,2.1017e+01,0.0000e+00,0.0000e+00,0.0000e+00,2.0374e+02,5.8183e+02,2.0891e+01,0.0000e+00,0.0000e+00,2.1319e+01,0.0000e+00,0.0000e+00,0.0000e+00,2.1026e+01,0.0000e+00,0.0000e+00,-6.7962e+00,1.4399e+02,5.9642e+02,5.7388e+02,5.9664e+02,5.5628e+02,3.1133e+02,3.0776e+02,3.1069e+02,3.7612e+02,5.5588e+02,5.5496e+02,5.5445e+02,5.4873e+02,5.5451e+02,5.4864e+02,5.5638e+02,5.5499e+02,5.5540e+02,5.5522e+02,1.0000e+00,1.0000e+00,1.0000e+00,1.0000e+00,1.0000e+00,1.0000e+00,1.0000e+00,1.8586e-01,0.0000e+00,0.0000e+00,0.0000e+00,0.0000e+00,1.1265e+05,0.0000e+00,6.5894e+06,6.5374e+06,0.0000e+00,6.5932e+06,2.7939e-01,1.8126e-02,6.9245e-01,5.2591e-01,6.8983e-01
1.2550e+03,4.0766e+00,3.8194e+00,5.5374e+00,4.0239e+00,6.2264e+00,4.5882e+00,7.2001e+07,0.0000e+00,0.0000e+00,0.0000e+00,5.6163e+02,5.6293e+02,5.6662e+02,5.6846e+02,5.7043e+02,5.7227e+02,5.7405e+02,5.7585e+02,5.7645e+02,5.7796e+02,5.7558e+02,5.7591e+02,1.1770e+07,6.5643e+06,2.1763e+01,2.2215e+01,0.0000e+00,0.0000e+00,0.0000e+00,2.0307e+02,5.8095e+02,2.0914e+01,0.0000e+00,0.0000e+00,2.0936e+01,0.0000e+00,0.0000e+00,0.0000e+00,1.0040e+01,0.0000e+00,0.0000e+00,1.6982e+02,5.7793e+02,5.9639e+02,5.7379e+02,5.9661e+02,5.5621e+02,3.1137e+02,3.0777e+02,3.1072e+02,3.7610e+02,5.5528e+02,5.5463e+02,5.5409e+02,5.4872e+02,5.5414e+02,5.4858e+02,5.5586e+02,5.5466e+02,5.5507e+02,5.5530e+02,1.0000e+00,1.0000e+00,1.0000e+00,1.0000e+00,1.0000e+00,1.0000e+00,1.0000e+00,1.8283e-01,0.0000e+00,0.0000e+00,0.0000e+00,0.0000e+00,1.1258e+05,0.0000e+00,6.5512e+06,6.5017e+06,0.0000e+00,6.5608e+06,2.7669e-01,1.9260e-02,6.8257e-01,5.1726e-01,6.9589e-01
1.2600e+03,4.0766e+00,3.8194e+00,5.5374e+00,4.0033e+00,6.1468e+00,4.2319e+00,7.1892e+07,0.0000e+00,0.0000e+00,0.0000e+00,5.6157e+02,5.6287e+02,5.6656e+02,5.6840e+02,5.7036e+02,5.7221e+02,5.7398e+02,5.7579e+02,5.7638e+02,5.7789e+02,5.7551e+02,5.7583e+02,1.1758e+07,6.4915e+06,2.0528e+01,2.1384e+01,0.0000e+00,0.0000e+00,0.0000e+00,2.0328e+02,5.7806e+02,2.0939e+01,0.0000e+00,0.0000e+00,2.0677e+01,0.0000e+00,0.0000e+00,0.0000e+00,5.2825e+00,0.0000e+00,0.0000e+00,7.5293e+01,5.3612e+02,5.9632e+02,5.7370e+02,5.9653e+02,5.5615e+02,3.1141e+02,3.0777e+02,3.1074e+02,3.7608e+02,5.5392e+02,5.5388e+02,5.5331e+02,5.4783e+02,5.5333e+02,5.4826e+02,5.5464e+02,5.5392e+02,5.5433e+02,5.5483e+02,1.0000e+00,1.0000e+00,1.0000e+00,1.0000e+00,1.0000e+00,1.0000e+00,1.0000e+00,1.7980e-01,0.0000e+00,0.0000e+00,0.0000e+00,0.0000e+00,1.1251e+05,0.0000e+00,6.4743e+06,6.4242e+06,0.0000e+00,6.4878e+06,2.7282e-01,1.9646e-02,6.5800e-01,5.2277e-01,6.8070e-01
1.2650e+03,4.0766e+00,3.8194e+00,5.5374e+00,3.9783e+00,6.0602e+00,4.6639e+00,7.1784e+07,0.0000e+00,0.0000e+00,0.0000e+00,5.6152e+02,5.6282e+02,5.6650e+02,5.6834e+02,5.7031e+02,5.7215e+02,5.7392e+02,5.7572e+02,5.7632e+02,5.7782e+02,5.7544e+02,5.7576e+02,1.1745e+07,6.4401e+06,2.0134e+01,1.9980e+01,0.0000e+00,0.0000e+00,0.0000e+00,2.0178e+02,5.7788e+02,2.0737e+01,0.0000e+00,0.0000e+00,2.0706e+01,0.0000e+00,0.0000e+00,0.0000e+00,1.2106e+01,0.0000e+00,0.0000e+00,8.4051e+01,3.8584e+02,5.9623e+02,5.7362e+02,5.9645e+02,5.5609e+02,3.1144e+02,3.0777e+02,3.1077e+02,3.7606e+02,5.5329e+02,5.5336e+02,5.5281e+02,5.4729e+02,5.5284e+02,5.4763e+02,5.5377e+02,5.5339e+02,5.5381e+02,5.5425e+02,1.0000e+00,1.0000e+00,1.0000e+00,1.0000e+00,1.0000e+00,1.0000e+00,1.0000e+00,1.7680e-01,0.0000e+00,0.0000e+00,0.0000e+00,0.0000e+00,1.1243e+05,0.0000e+00,6.4263e+06,6.3768e+06,0.0000e+00,6.4367e+06,2.7258e-01,1.9108e-02,6.6402e-01,5.2161e-01,6.5862e-01
1.2700e+03,4.0766e+00,3.8194e+00,5.5374e+00,3.9546e+00,5.9552e+00,4.4492e+00,7.1676e+07,0.0000e+00,0.0000e+00,0.0000e+00,5.6146e+02,5.6276e+02,5.6644e+02,5.6828e+02,5.7024e+02,5.7209e+02,5.7386e+02,5.7566e+02,5.7625e+02,5.7776e+02,5.7537e+02,5.7569e+02,1.1732e+07,6.3896e+06,1.9583e+01,1.8923e+01,0.0000e+00,0.0000e+00,0.0000e+00,2.0156e+02,5.7756e+02,2.0588e+01,0.0000e+00,0.0000e+00,2.0603e+01,0.0000e+00,0.0000e+00,0.0000e+00,8.5645e+00,0.0000e+00,0.0000e+00,3.8955e+02,4.2745e+02,5.9614e+02,5.7354e+02,5.9636e+02,5.5603e+02,3.1148e+02,3.0778e+02,3.1079e+02,3.7605e+02,5.5276e+02,5.5284e+02,5.5226e+02,5.4643e+02,5.5227e+02,5.4710e+02,5.5292e+02,5.5287e+02,5.5328e+02,5.5378e+02,1.0000e+00,1.0000e+00,1.0000e+00,1.0000e+00,1.0000e+00,1.0000e+00,1.0000e+00,1.7376e-01,0.0000e+00,0.0000e+00,0.0000e+00,0.0000e+00,1.1236e+05,0.0000e+00,6.3710e+06,6.3236e+06,0.0000e+00,6.3862e+06,2.6856e-01,1.9418e-02,6.7893e-01,5.4925e-01,6.5477e-01
1.2750e+03,4.0766e+00,3.8194e+00,5.5374e+00,3.9306e+00,6.0502e+00,4.5859e+00,7.1569e+07,0.0000e+00,0.0000e+00,0.0000e+00,5.6139e+02,5.6269e+02,5.6637e+02,5.6821e+02,5.7017e+02,5.7202e+02,5.7379e+02,5.7559e+02,5.7618e+02,5.7768e+02,5.7530e+02,5.7562e+02,1.1720e+07,6.4053e+06,2.0141e+01,1.8633e+01,0.0000e+00,0.0000e+00,0.0000e+00,2.0205e+02,5.7807e+02,2.0876e+01,0.0000e+00,0.0000e+00,2.0683e+01,0.0000e+00,0.0000e+00,0.0000e+00,4.0572e+01,0.0000e+00,0.0000e+00,1.4216e+02,3.9456e+02,5.9607e+02,5.7348e+02,5.9629e+02,5.5597e+02,3.1152e+02,3.0778e+02,3.1081e+02,3.7603e+02,5.5321e+02,5.5300e+02,5.5241e+02,5.4641e+02,5.5244e+02,5.4712e+02,5.5331e+02,5.5303e+02,5.5344e+02,5.5345e+02,1.0000e+00,1.0000e+00,1.0000e+00,1.0000e+00,1.0000e+00,1.0000e+00,1.0000e+00,1.7074e-01,0.0000e+00,0.0000e+00,0.0000e+00,0.0000e+00,1.1228e+05,0.0000e+00,6.3856e+06,6.3371e+06,0.0000e+00,6.4019e+06,2.7087e-01,1.9157e-02,7.1607e-01,5.4738e-01,6.7341e-01
1.2800e+03,4.0766e+00,3.8194e+00,5.5374e+00,3.9171e+00,6.0584e+00,4.6124e+00,7.1463e+07,0.0000e+00,0.0000e+00,0.0000e+00,5.6131e+02,5.6261e+02,5.6628e+02,5.6812e+02,5.7008e+02,5.7193e+02,5.7370e+02,5.7550e+02,5.7610e+02,5.7760e+02,5.7523e+02,5.7555e+02,1.1715e+07,6.4373e+06,2.2582e+01,2.1871e+01,0.0000e+00,0.0000e+00,0.0000e+00,2.0401e+02,5.7763e+02,2.1230e+01,0.0000e+00,0.0000e+00,2.0939e+01,0.0000e+00,0.0000e+00,0.0000e+00,3.0737e+00,0.0000e+00,0.0000e+00,1.3328e+01,-1.4101e+02,5.9604e+02,5.7341e+02,5.9626e+02,5.5591e+02,3.1156e+02,3.0779e+02,3.1084e+02,3.7601e+02,5.5364e+02,5.5333e+02,5.5275e+02,5.4699e+02,5.5281e+02,5.4757e+02,5.5395e+02,5.5336e+02,5.5377e+02,5.5358e+02,1.0000e+00,1.0000e+00,1.0000e+00,1.0000e+00,1.0000e+00,1.0000e+00,1.0000e+00,1.6773e-01,0.0000e+00,0.0000e+00,0.0000e+00,0.0000e+00,1.1221e+05,0.0000e+00,6.4235e+06,6.3718e+06,0.0000e+00,6.4339e+06,2.7653e-01,1.8903e-02,7.2542e-01,5.2825e-01,7.1390e-01
1.2850e+03,4.0766e+00,3.8194e+00,5.5374e+00,3.9028e+00,5.9902e+00,4.6148e+00,7.1357e+07,0.0000e+00,0.0000e+00,0.0000e+00,5.6123e+02,5.6253e+02,5.6620e+02,5.6803e+02,5.6999e+02,5.7183e+02,5.7360e+02,5.7540e+02,5.7600e+02,5.7750e+02,5.7515e+02,5.7547e+02,1.1710e+07,6.4610e+06,2.1536e+01,2.2136e+01,0.0000e+00,0.0000e+00,0.0000e+00,2.0452e+02,5.7810e+02,2.0891e+01,0.0000e+00,0.0000e+00,2.0826e+01,0.0000e+00,0.0000e+00,0.0000e+00,2.6866e+01,0.0000e+00,0.0000e+00,1.8941e+02,3.1935e+02,5.9600e+02,5.7334e+02,5.9622e+02,5.5584e+02,3.1160e+02,3.0779e+02,3.1086e+02,3.7599e+02,5.5406e+02,5.5357e+02,5.5300e+02,5.4741e+02,5.5303e+02,5.4829e+02,5.5445e+02,5.5361e+02,5.5401e+02,5.5378e+02,1.0000e+00,1.0000e+00,1.0000e+00,1.0000e+00,1.0000e+00,1.0000e+00,1.0000e+00,1.6470e-01,0.0000e+00,0.0000e+00,0.0000e+00,0.0000e+00,1.1214e+05,0.0000e+00,6.4483e+06,6.3962e+06,0.0000e+00,6.4575e+06,2.8665e-01,1.8856e-02,7.0141e-01,5.0795e-01,7.3344e-01
1.2900e+03,4.0766e+00,3.8194e+00,5.5374e+00,3.8896e+00,6.1081e+00,4.5642e+00,7.1252e+07,0.0000e+00,0.0000e+00,0.0000e+00,5.6115e+02,5.6245e+02,5.6611e+02,5.6794e+02,5.6990e+02,5.7174e+02,5.7351e+02,5.7531e+02,5.7591e+02,5.7741e+02,5.7506e+02,5.7538e+02,1.1705e+07,6.4803e+06,2.0158e+01,2.1149e+01,0.0000e+00,0.0000e+00,0.0000e+00,2.0378e+02,5.7908e+02,2.1172e+01,0.0000e+00,0.0000e+00,2.0704e+01,0.0000e+00,0.0000e+00,0.0000e+00,2.7405e+01,0.0000e+00,0.0000e+00,8.8821e+01,1.2608e+02,5.9597e+02,5.7327e+02,5.9619e+02,5.5576e+02,3.1163e+02,3.0779e+02,3.1088e+02,3.7597e+02,5.5440e+02,5.5377e+02,5.5321e+02,5.4779e+02,5.5325e+02,5.4815e+02,5.5486e+02,5.5381e+02,5.5421e+02,5.5398e+02,1.0000e+00,1.0000e+00,1.0000e+00,1.0000e+00,1.0000e+00,1.0000e+00,1.0000e+00,1.6170e-01,0.0000e+00,0.0000e+00,0.0000e+00,0.0000e+00,1.1206e+05,0.0000e+00,6.4655e+06,6.4154e+06,0.0000e+00,6.4765e+06,2.7581e-01,1.9223e-02,6.7464e-01,5.0597e-01,7.1892e-01
1.2950e+03,4.0766e+00,3.8194e+00,5.5374e+00,3.8773e+00,6.0911e+00,4.1759e+00,7.1148e+07,0.0000e+00,0.0000e+00,0.0000e+00,5.6107e+02,5.6237e+02,5.6602e+02,5.6785e+02,5.6981e+02,5.7165e+02,5.7342e+02,5.7521e+02,5.7581e+02,5.7731e+02,5.7496e+02,5.7529e+02,1.1700e+07,6.4984e+06,2.0616e+01,2.1098e+01,0.0000e+00,0.0000e+00,0.0000e+00,2.0308e+02,5.7963e+02,2.1066e+01,0.0000e+00,0.0000e+00,2.0818e+01,0.0000e+00,0.0000e+00,0.0000e+00,1.7126e+01,0.0000e+00,0.0000e+00,8.1072e+01,8.4448e+01,5.9594e+02,5.7318e+02,5.9616e+02,5.5568e+02,3.1167e+02,3.0780e+02,3.1091e+02,3.7595e+02,5.5472e+02,5.5395e+02,5.5335e+02,5.4772e+02,5.5324e+02,5.4807e+02,5.5526e+02,5.5399e+02,5.5439e+02,5.5418e+02,1.0000e+00,1.0000e+00,1.0000e+00,1.0000e+00,1.0000e+00,1.0000e+00,1.0000e+00,1.5868e-01,0.0000e+00,0.0000e+00,0.0000e+00,0.0000e+00,1.1199e+05,0.0000e+00,6.4817e+06,6.4293e+06,0.0000e+00,6.4945e+06,2.7340e-01,1.8940e-02,6.7185e-01,5.2750e-01,6.9579e-01
1.3000e+03,4.0766e+00,3.8194e+00,5.5374e+00,3.8653e+00,6.0583e+00,4.5980e+00,7.1044e+07,0.0000e+00,0.0000e+00,0.0000e+00,5.6099e+02,5.6228e+02,5.6594e+02,5.6777e+02,5.6972e+02,5.7156e+02,5.7332e+02,5.7512e+02,5.7572e+02,5.7722e+02,5.7487e+02,5.7520e+02,1.1696e+07,6.5149e+06,2.1101e+01,2.0812e+01,0.0000e+00,0.0000e+00,0.0000e+00,2.0274e+02,5.7946e+02,2.0994e+01,0.0000e+00,0.0000e+00,2.0941e+01,0.0000e+00,0.0000e+00,0.0000e+00,2.2782e+01,0.0000e+00,0.0000e+00,6.6792e+01,1.0632e+02,5.9591e+02,5.7309e+02,5.9613e+02,5.5561e+02,3.1171e+02,3.0780e+02,3.1093e+02,3.7593e+02,5.5502e+02,5.5412e+02,5.5357e+02,5.4793e+02,5.5362e+02,5.4838e+02,5.5562e+02,5.5416e+02,5.5456e+02,5.5438e+02,1.0000e+00,1.0000e+00,1.0000e+00,1.0000e+00,1.0000e+00,1.0000e+00,1.0000e+00,1.5566e-01,0.0000e+00,0.0000e+00,0.0000e+00,0.0000e+00,1.1192e+05,0.0000e+00,6.5022e+06,6.4509e+06,0.0000e+00,6.5114e+06,2.7724e-01,1.9126e-02,6.8608e-01,5.2234e-01,6.8540e-01
1.3050e+03,4.0766e+00,3.8194e+00,5.5374e+00,3.8539e+00,6.0301e+00,4.4618e+00,7.0941e+07,0.0000e+00,0.0000e+00,0.0000e+00,5.6091e+02,5.6220e+02,5.6585e+02,5.6768e+02,5.6964e+02,5.7147e+02,5.7324e+02,5.7503e+02,5.7563e+02,5.7713e+02,5.7478e+02,5.7511e+02,1.1692e+07,6.5250e+06,2.1180e+01,2.1214e+01,0.0000e+00,0.0000e+00,0.0000e+00,2.0208e+02,5.7953e+02,2.0624e+01,0.0000e+00,0.0000e+00,2.0601e+01,0.0000e+00,0.0000e+00,0.0000e+00,1.5867e+01,0.0000e+00,0.0000e+00,1.9493e+02,-6.1623e+02,5.9589e+02,5.7301e+02,5.9611e+02,5.5553e+02,3.1175e+02,3.0780e+02,3.1095e+02,3.7591e+02,5.5520e+02,5.5423e+02,5.5365e+02,5.4815e+02,5.5366e+02,5.4779e+02,5.5586e+02,5.5426e+02,5.5467e+02,5.5454e+02,1.0000e+00,1.0000e+00,1.0000e+00,1.0000e+00,1.0000e+00,1.0000e+00,1.0000e+00,1.5266e-01,0.0000e+00,0.0000e+00,0.0000e+00,0.0000e+00,1.1184e+05,0.0000e+00,6.5049e+06,6.4572e+06,0.0000e+00,6.5214e+06,2.7681e-01,1.8682e-02,6.8422e-01,5.1790e-01,6.9118e-01
1.3100e+03,4.0766e+00,3.8194e+00,5.5374e+00,3.8400e+00,5.9941e+00,4.3585e+00,7.0838e+07,0.0000e+00,0.0000e+00,0.0000e+00,5.6084e+02,5.6213e+02,5.6578e+02,5.6760e+02,5.6956e+02,5.7139e+02,5.7315e+02,5.7495e+02,5.7554e+02,5.7704e+02,5.7469e+02,5.7502e+02,1.1685e+07,6.4348e+06,2.0621e+01,2.1425e+01,0.0000e+00,0.0000e+00,0.0000e+00,2.0067e+02,5.7937e+02,2.0905e+01,0.0000e+00,0.0000e+00,2.0758e+01,0.0000e+00,0.0000e+00,0.0000e+00,1.4720e+01,0.0000e+00,0.0000e+00,3.0314e+02,7.9538e+02,5.9584e+02,5.7292e+02,5.9606e+02,5.5547e+02,3.1178e+02,3.0781e+02,3.1097e+02,3.7590e+02,5.5351e+02,5.5330e+02,5.5276e+02,5.4730e+02,5.5280e+02,5.4758e+02,5.5428e+02,5.5334e+02,5.5374e+02,5.5424e+02,1.0000e+00,1.0000e+00,1.0000e+00,1.0000e+00,1.0000e+00,1.0000e+00,1.0000e+00,1.4966e-01,0.0000e+00,0.0000e+00,0.0000e+00,0.0000e+00,1.1177e+05,0.0000e+00,6.4227e+06,6.3725e+06,0.0000e+00,6.4312e+06,2.7316e-01,1.9083e-02,6.5798e-01,5.1723e-01,6.8382e-01
1.3151e+03,4.0766e+00,3.8194e+00,5.5374e+00,3.8203e+00,5.9815e+00,4.5018e+00,7.0736e+07,0.0000e+00,0.0000e+00,0.0000e+00,5.6077e+02,5.6206e+02,5.6571e+02,5.6753e+02,5.6949e+02,5.7132e+02,5.7308e+02,5.7487e+02,5.7547e+02,5.7696e+02,5.7461e+02,5.7494e+02,1.1674e+07,6.3814e+06,2.0777e+01,2.0977e+01,0.0000e+00,0.0000e+00,0.0000e+00,2.0069e+02,5.7766e+02,2.0658e+01,0.0000e+00,0.0000e+00,2.0655e+01,0.0000e+00,0.0000e+00,0.0000e+00,2.1408e+01,0.0000e+00,0.0000e+00,1.9300e+02,5.2465e+02,5.9577e+02,5.7283e+02,5.9599e+02,5.5540e+02,3.1182e+02,3.0781e+02,3.1099e+02,3.7588e+02,5.5268e+02,5.5275e+02,5.5220e+02,5.4670e+02,5.5223e+02,5.4497e+02,5.5335e+02,5.5279e+02,5.5319e+02,5.5365e+02,1.0000e+00,1.0000e+00,1.0000e+00,1.0000e+00,1.0000e+00,1.0000e+00,1.0000e+00,1.4663e-01,0.0000e+00,0.0000e+00,0.0000e+00,0.0000e+00,1.1170e+05,0.0000e+00,6.3658e+06,6.3176e+06,0.0000e+00,6.3778e+06,2.7313e-01,1.9644e-02,6.5754e-01,5.1800e-01,6.5896e-01
1.3200e+03,4.0766e+00,3.8194e+00,5.5374e+00,3.8001e+00,5.9350e+00,4.3916e+00,7.0635e+07,0.0000e+00,0.0000e+00,0.0000e+00,5.6070e+02,5.6199e+02,5.6564e+02,5.6746e+02,5.6941e+02,5.7125e+02,5.7301e+02,5.7480e+02,5.7539e+02,5.7688e+02,5.7454e+02,5.7486e+02,1.1664e+07,6.3329e+06,1.8973e+01,1.8607e+01,0.0000e+00,0.0000e+00,0.0000e+00,2.0100e+02,5.7662e+02,2.0365e+01,0.0000e+00,0.0000e+00,2.0338e+01,0.0000e+00,0.0000e+00,0.0000e+00,3.9460e+01,0.0000e+00,0.0000e+00,7.4560e+02,-4.3417e+03,5.9571e+02,5.7275e+02,5.9593e+02,5.5533e+02,3.1186e+02,3.0781e+02,3.1102e+02,3.7586e+02,5.5218e+02,5.5224e+02,5.5167e+02,5.4596e+02,5.5164e+02,5.4654e+02,5.5250e+02,5.5228e+02,5.5266e+02,5.5315e+02,1.0000e+00,1.0000e+00,1.0000e+00,1.0000e+00,1.0000e+00,1.0000e+00,1.0000e+00,1.4365e-01,0.0000e+00,0.0000e+00,0.0000e+00,0.0000e+00,1.1162e+05,0.0000e+00,6.3132e+06,6.2665e+06,0.0000e+00,6.3294e+06,2.6833e-01,1.9427e-02,6.6613e-01,5.3677e-01,6.4974e-01
1.3250e+03,4.0766e+00,3.8194e+00,5.5374e+00,3.7761e+00,6.0392e+00,4.4885e+00,7.0534e+07,0.0000e+00,0.0000e+00,0.0000e+00,5.6063e+02,5.6192e+02,5.6556e+02,5.6739e+02,5.6934e+02,5.7117e+02,5.7293e+02,5.7472e+02,5.7531e+02,5.7681e+02,5.7446e+02,5.7478e+02,1.1651e+07,6.3009e+06,1.9628e+01,1.8430e+01,0.0000e+00,0.0000e+00,0.0000e+00,2.0336e+02,5.7433e+02,2.0390e+01,0.0000e+00,0.0000e+00,2.0680e+01,0.0000e+00,0.0000e+00,0.0000e+00,3.3687e+01,0.0000e+00,0.0000e+00,2.7994e+02,7.0758e+02,5.9562e+02,5.7267e+02,5.9584e+02,5.5527e+02,3.1189e+02,3.0782e+02,3.1104e+02,3.7584e+02,5.5193e+02,5.5191e+02,5.5134e+02,5.4538e+02,5.5138e+02,5.4608e+02,5.5198e+02,5.5195e+02,5.5235e+02,5.5267e+02,1.0000e+00,1.0000e+00,1.0000e+00,1.0000e+00,1.0000e+00,1.0000e+00,1.0000e+00,1.4064e-01,0.0000e+00,0.0000e+00,0.0000e+00,0.0000e+00,1.1155e+05,0.0000e+00,6.2857e+06,6.2369e+06,0.0000e+00,6.2976e+06,2.6956e-01,1.8291e-02,6.9399e-01,5.4510e-01,6.5978e-01
1.3300e+03,4.0766e+00,3.8194e+00,5.5374e+00,3.7533e+00,5.8896e+00,4.4525e+00,7.0434e+07,0.0000e+00,0.0000e+00,0.0000e+00,5.6055e+02,5.6184e+02,5.6548e+02,5.6731e+02,5.6926e+02,5.7109e+02,5.7285e+02,5.7464e+02,5.7523e+02,5.7672e+02,5.7438e+02,5.7470e+02,1.1640e+07,6.3494e+06,2.2124e+01,2.0834e+01,0.0000e+00,0.0000e+00,0.0000e+00,2.0446e+02,5.7321e+02,2.0696e+01,0.0000e+00,0.0000e+00,2.0643e+01,0.0000e+00,0.0000e+00,0.0000e+00,2.0880e+01,0.0000e+00,0.0000e+00,-4.2045e+01,-3.1217e+03,5.9555e+02,5.7259e+02,5.9577e+02,5.5520e+02,3.1193e+02,3.0782e+02,3.1106e+02,3.7582e+02,5.5269e+02,5.5242e+02,5.5181e+02,5.4607e+02,5.5183e+02,5.4656e+02,5.5295e+02,5.5245e+02,5.5284e+02,5.5270e+02,1.0000e+00,1.0000e+00,1.0000e+00,1.0000e+00,1.0000e+00,1.0000e+00,1.0000e+00,1.3765e-01,0.0000e+00,0.0000e+00,0.0000e+00,0.0000e+00,1.1148e+05,0.0000e+00,6.3302e+06,6.2801e+06,0.0000e+00,6.3459e+06,2.7322e-01,1.8874e-02,7.2639e-01,5.2849e-01,6.9296e-01
1.3350e+03,4.0766e+00,3.8194e+00,5.5374e+00,3.7362e+00,5.9353e+00,4.3673e+00,7.0334e+07,0.0000e+00,0.0000e+00,0.0000e+00,5.6047e+02,5.6176e+02,5.6540e+02,5.6723e+02,5.6917e+02,5.7100e+02,5.7276e+02,5.7455e+02,5.7515e+02,5.7664e+02,5.7430e+02,5.7462e+02,1.1632e+07,6.3756e+06,2.2029e+01,2.2397e+01,0.0000e+00,0.0000e+00,0.0000e+00,2.0337e+02,5.7463e+02,2.0541e+01,0.0000e+00,0.0000e+00,2.0737e+01,0.0000e+00,0.0000e+00,0.0000e+00,3.5353e+01,0.0000e+00,0.0000e+00,3.0652e+02,4.1121e+02,5.9550e+02,5.7252e+02,5.9572e+02,5.5512e+02,3.1197e+02,3.0782e+02,3.1108e+02,3.7580e+02,5.5311e+02,5.5269e+02,5.5212e+02,5.4644e+02,5.5215e+02,5.4730e+02,5.5350e+02,5.5273e+02,5.5312e+02,5.5290e+02,1.0000e+00,1.0000e+00,1.0000e+00,1.0000e+00,1.0000e+00,1.0000e+00,1.0000e+00,1.3464e-01,0.0000e+00,0.0000e+00,0.0000e+00,0.0000e+00,1.1141e+05,0.0000e+00,6.3655e+06,6.3126e+06,0.0000e+00,6.3722e+06,2.8343e-01,1.7880e-02,7.0411e-01,5.1301e-01,7.2831e-01
1.3400e+03,4.0766e+00,3.8194e+00,5.5374e+00,3.7214e+00,6.0246e+00,4.3168e+00,7.0235e+07,0.0000e+00,0.0000e+00,0.0000e+00,5.6039e+02,5.6168e+02,5.6531e+02,5.6714e+02,5.6908e+02,5.7091e+02,5.7267e+02,5.7446e+02,5.7506e+02,5.7655e+02,5.7422e+02,5.7454e+02,1.1626e+07,6.3953e+06,2.0465e+01,2.1326e+01,0.0000e+00,0.0000e+00,0.0000e+00,2.0230e+02,5.7610e+02,2.0551e+01,0.0000e+00,0.0000e+00,2.0732e+01,0.0000e+00,0.0000e+00,0.0000e+00,2.0637e+01,0.0000e+00,0.0000e+00,-2.7677e+02,1.1278e+02,5.9546e+02,5.7244e+02,5.9568e+02,5.5504e+02,3.1200e+02,3.0783e+02,3.1110e+02,3.7579e+02,5.5347e+02,5.5289e+02,5.5236e+02,5.4697e+02,5.5239e+02,5.4739e+02,5.5392e+02,5.5293e+02,5.5333e+02,5.5311e+02,1.0000e+00,1.0000e+00,1.0000e+00,1.0000e+00,1.0000e+00,1.0000e+00,1.0000e+00,1.3164e-01,0.0000e+00,0.0000e+00,0.0000e+00,0.0000e+00,1.1134e+05,0.0000e+00,6.3854e+06,6.3343e+06,0.0000e+00,6.3919e+06,2.7835e-01,1.8122e-02,6.7811e-01,4.9667e-01,7.2121e-01
1.3450e+03,4.0766e+00,3.8194e+00,5.5374e+00,3.7078e+00,5.9445e+00,4.3017e+00,7.0137e+07,0.0000e+00,0.0000e+00,0.0000e+00,5.6030e+02,5.6159e+02,5.6522e+02,5.6704e+02,5.6899e+02,5.7082e+02,5.7258e+02,5.7436e+02,5.7496e+02,5.7645e+02,5.7413e+02,5.7445e+02,1.1621e+07,6.4141e+06,2.0223e+01,2.0889e+01,0.0000e+00,0.0000e+00,0.0000e+00,2.0161e+02,5.7709e+02,2.0815e+01,0.0000e+00,0.0000e+00,2.0669e+01,0.0000e+00,0.0000e+00,0.0000e+00,1.8004e+01,0.0000e+00,0.0000e+00,1.2168e+02,8.1565e+01,5.9542e+02,5.7236e+02,5.9565e+02,5.5496e+02,3.1204e+02,3.0783e+02,3.1112e+02,3.7577e+02,5.5381e+02,5.5309e+02,5.5253e+02,5.4690e+02,5.5257e+02,5.4673e+02,5.5433e+02,5.5312e+02,5.5352e+02,5.5330e+02,1.0000e+00,1.0000e+00,1.0000e+00,1.0000e+00,1.0000e+00,1.0000e+00,1.0000e+00,1.2865e-01,0.0000e+00,0.0000e+00,0.0000e+00,0.0000e+00,1.1127e+05,0.0000e+00,6.3993e+06,6.3497e+06,0.0000e+00,6.4106e+06,2.7258e-01,1.9154e-02,6.6466e-01,5.2182e-01,6.9859e-01
1.3500e+03,4.0766e+00,3.8194e+00,5.5374e+00,3.6949e+00,5.9560e+00,4.2071e+00,7.0039e+07,0.0000e+00,0.0000e+00,0.0000e+00,5.6021e+02,5.6150e+02,5.6513e+02,5.6695e+02,5.6889e+02,5.7072e+02,5.7248e+02,5.7426e+02,5.7487e+02,5.7636e+02,5.7403e+02,5.7436e+02,1.1616e+07,6.4308e+06,2.0851e+01,2.0716e+01,0.0000e+00,0.0000e+00,0.0000e+00,2.0115e+02,5.7758e+02,2.0959e+01,0.0000e+00,0.0000e+00,2.0809e+01,0.0000e+00,0.0000e+00,0.0000e+00,2.4540e+01,0.0000e+00,0.0000e+00,9.6354e+01,1.2874e+02,5.9539e+02,5.7228e+02,5.9561e+02,5.5488e+02,3.1207e+02,3.0783e+02,3.1114e+02,3.7575e+02,5.5411e+02,5.5326e+02,5.5272e+02,5.4709e+02,5.5277e+02,5.4762e+02,5.5470e+02,5.5330e+02,5.5370e+02,5.5350e+02,1.0000e+00,1.0000e+00,1.0000e+00,1.0000e+00,1.0000e+00,1.0000e+00,1.0000e+00,1.2566e-01,0.0000e+00,0.0000e+00,0.0000e+00,0.0000e+00,1.1119e+05,0.0000e+00,6.4197e+06,6.3681e+06,0.0000e+00,6.4273e+06,2.7533e-01,1.8548e-02,6.7881e-01,5.1878e-01,6.8235e-01
1.3550e+03,4.0766e+00,3.8194e+00,5.5374e+00,3.6847e+00,5.9511e+00,4.2320e+00,6.9941e+07,0.0000e+00,0.0000e+00,0.0000e+00,5.6013e+02,5.6141e+02,5.6504e+02,5.6685e+02,5.6880e+02,5.7062e+02,5.7238e+02,5.7416e+02,5.7477e+02,5.7626e+02,5.7394e+02,5.7427e+02,1.1614e+07,6.4471e+06,2.0757e+01,2.0562e+01,0.0000e+00,0.0000e+00,0.0000e+00,1.9987e+02,5.7899e+02,2.0976e+01,0.0000e+00,0.0000e+00,2.0837e+01,0.0000e+00,0.0000e+00,0.0000e+00,2.4377e+01,0.0000e+00,0.0000e+00,-3.9887e+02,-1.0923e+03,5.9538e+02,5.7219e+02,5.9560e+02,5.5480e+02,3.1211e+02,3.0784e+02,3.1116e+02,3.7573e+02,5.5440e+02,5.5343e+02,5.5288e+02,5.4732e+02,5.5292e+02,5.4772e+02,5.5506e+02,5.5346e+02,5.5385e+02,5.5368e+02,1.0000e+00,1.0000e+00,1.0000e+00,1.0000e+00,1.0000e+00,1.0000e+00,1.0000e+00,1.2267e-01,0.0000e+00,0.0000e+00,0.0000e+00,0.0000e+00,1.1112e+05,0.0000e+00,6.4352e+06,6.3840e+06,0.0000e+00,6.4437e+06,2.7631e-01,1.8954e-02,6.8007e-01,5.1389e-01,6.8544e-01
1.3600e+03,4.0766e+00,3.8194e+00,5.5374e+00,3.6759e+00,5.9992e+00,4.1758e+00,6.9844e+07,0.0000e+00,0.0000e+00,0.0000e+00,5.6005e+02,5.6133e+02,5.6495e+02,5.6676e+02,5.6871e+02,5.7053e+02,5.7228e+02,5.7407e+02,5.7467e+02,5.7616e+02,5.7384e+02,5.7417e+02,1.1611e+07,6.3869e+06,2.1097e+01,2.2047e+01,0.0000e+00,0.0000e+00,0.0000e+00,1.9957e+02,5.7851e+02,2.0967e+01,0.0000e+00,0.0000e+00,2.0582e+01,0.0000e+00,0.0000e+00,0.0000e+00,2.4302e+01,0.0000e+00,0.0000e+00,5.1807e+02,8.4809e+02,5.9536e+02,5.7210e+02,5.9558e+02,5.5473e+02,3.1215e+02,3.0784e+02,3.1118e+02,3.7571e+02,5.5326e+02,5.5280e+02,5.5225e+02,5.4689e+02,5.5230e+02,5.4703e+02,5.5400e+02,5.5284e+02,5.5324e+02,5.5366e+02,1.0000e+00,1.0000e+00,1.0000e+00,1.0000e+00,1.0000e+00,1.0000e+00,1.0000e+00,1.1967e-01,0.0000e+00,0.0000e+00,0.0000e+00,0.0000e+00,1.1105e+05,0.0000e+00,6.3729e+06,6.3238e+06,0.0000e+00,6.3831e+06,2.7283e-01,1.9092e-02,6.6208e-01,5.1250e-01,6.8565e-01
1.3650e+03,4.0766e+00,3.8194e+00,5.5374e+00,3.6593e+00,6.0188e+00,4.3148e+00,6.9747e+07,0.0000e+00,0.0000e+00,0.0000e+00,5.5997e+02,5.6126e+02,5.6487e+02,5.6669e+02,5.6863e+02,5.7045e+02,5.7220e+02,5.7398e+02,5.7458e+02,5.7607e+02,5.7375e+02,5.7408e+02,1.1602e+07,6.3270e+06,2.0481e+01,2.0983e+01,0.0000e+00,0.0000e+00,0.0000e+00,1.9954e+02,5.7672e+02,2.0491e+01,0.0000e+00,0.0000e+00,2.0621e+01,0.0000e+00,0.0000e+00,0.0000e+00,2.0747e+01,0.0000e+00,0.0000e+00,2.8208e+02,6.4758e+02,5.9530e+02,5.7200e+02,5.9552e+02,5.5465e+02,3.1218e+02,3.0784e+02,3.1120e+02,3.7569e+02,5.5213e+02,5.5218e+02,5.5164e+02,5.4615e+02,5.5164e+02,5.4665e+02,5.5295e+02,5.5222e+02,5.5262e+02,5.5312e+02,1.0000e+00,1.0000e+00,1.0000e+00,1.0000e+00,1.0000e+00,1.0000e+00,1.0000e+00,1.1667e-01,0.0000e+00,0.0000e+00,0.0000e+00,0.0000e+00,1.1098e+05,0.0000e+00,6.3151e+06,6.2646e+06,0.0000e+00,6.3235e+06,2.7219e-01,1.8663e-02,6.5210e-01,5.1450e-01,6.6285e-01
1.3700e+03,4.0766e+00,3.8194e+00,5.5374e+00,3.6399e+00,5.9665e+00,4.2028e+00,6.9652e+07,0.0000e+00,0.0000e+00,0.0000e+00,5.5990e+02,5.6119e+02,5.6480e+02,5.6662e+02,5.6855e+02,5.7037e+02,5.7212e+02,5.7390e+02,5.7450e+02,5.7599e+02,5.7367e+02,5.7399e+02,1.1592e+07,6.2771e+06,1.9376e+01,1.9235e+01,0.0000e+00,0.0000e+00,0.0000e+00,2.0081e+02,5.7398e+02,2.0302e+01,0.0000e+00,0.0000e+00,2.0218e+01,0.0000e+00,0.0000e+00,0.0000e+00,1.7272e+01,0.0000e+00,0.0000e+00,-1.8056e+03,1.2343e+02,5.9523e+02,5.7191e+02,5.9546e+02,5.5458e+02,3.1222e+02,3.0785e+02,3.1122e+02,3.7567e+02,5.5159e+02,5.5166e+02,5.5110e+02,5.4558e+02,5.5112e+02,5.4476e+02,5.5206e+02,5.5170e+02,5.5210e+02,5.5254e+02,1.0000e+00,1.0000e+00,1.0000e+00,1.0000e+00,1.0000e+00,1.0000e+00,1.0000e+00,1.1368e-01,0.0000e+00,0.0000e+00,0.0000e+00,0.0000e+00,1.1090e+05,0.0000e+00,6.2588e+06,6.2130e+06,0.0000e+00,6.2736e+06,2.6976e-01,1.9321e-02,6.5674e-01,5.1841e-01,6.4768e-01
1.3750e+03,4.0766e+00,3.8194e+00,5.5374e+00,3.6161e+00,5.9311e+00,4.1799e+00,6.9557e+07,0.0000e+00,0.0000e+00,0.0000e+00,5.5983e+02,5.6112e+02,5.6473e+02,5.6655e+02,5.6848e+02,5.7030e+02,5.7205e+02,5.7383e+02,5.7443e+02,5.7591e+02,5.7359e+02,5.7391e+02,1.1579e+07,6.2272e+06,1.9253e+01,1.8605e+01,0.0000e+00,0.0000e+00,0.0000e+00,2.0210e+02,5.7135e+02,2.0555e+01,0.0000e+00,0.0000e+00,2.0335e+01,0.0000e+00,0.0000e+00,0.0000e+00,-1.1492e+00,0.0000e+00,0.0000e+00,1.3228e+02,8.0989e+02,5.9515e+02,5.7182e+02,5.9537e+02,5.5452e+02,3.1225e+02,3.0785e+02,3.1124e+02,3.7566e+02,5.5107e+02,5.5114e+02,5.5057e+02,5.4475e+02,5.5060e+02,5.4532e+02,5.5118e+02,5.5117e+02,5.5157e+02,5.5208e+02,1.0000e+00,1.0000e+00,1.0000e+00,1.0000e+00,1.0000e+00,1.0000e+00,1.0000e+00,1.1071e-01,0.0000e+00,0.0000e+00,0.0000e+00,0.0000e+00,1.1083e+05,0.0000e+00,6.2107e+06,6.1636e+06,0.0000e+00,6.2238e+06,2.6766e-01,1.8807e-02,6.7490e-01,5.4209e-01,6.4801e-01
1.3800e+03,4.0766e+00,3.8194e+00,5.5374e+00,3.5911e+00,5.7472e+00,4.1637e+00,6.9462e+07,0.0000e+00,0.0000e+00,0.0000e+00,5.5976e+02,5.6104e+02,5.6466e+02,5.6647e+02,5.6841e+02,5.7023e+02,5.7198e+02,5.7375e+02,5.7435e+02,5.7583e+02,5.7351e+02,5.7383e+02,1.1566e+07,6.2567e+06,2.0411e+01,1.8840e+01,0.0000e+00,0.0000e+00,0.0000e+00,2.0229e+02,5.7106e+02,2.0463e+01,0.0000e+00,0.0000e+00,2.0541e+01,0.0000e+00,0.0000e+00,0.0000e+00,2.5707e+01,0.0000e+00,0.0000e+00,-3.8297e+02,1.5112e+02,5.9506e+02,5.7174e+02,5.9528e+02,5.5445e+02,3.1229e+02,3.0785e+02,3.1126e+02,3.7564e+02,5.5169e+02,5.5145e+02,5.5086e+02,5.4495e+02,5.5089e+02,5.4540e+02,5.5182e+02,5.5148e+02,5.5188e+02,5.5183e+02,1.0000e+00,1.0000e+00,1.0000e+00,1.0000e+00,1.0000e+00,1.0000e+00,1.0000e+00,1.0773e-01,0.0000e+00,0.0000e+00,0.0000e+00,0.0000e+00,1.1076e+05,0.0000e+00,6.2392e+06,6.1907e+06,0.0000e+00,6.2533e+06,2.7054e-01,1.8948e-02,7.1379e-01,5.3599e-01,6.7041e-01
1.3850e+03,4.0766e+00,3.8194e+00,5.5374e+00,3.5749e+00,5.9833e+00,4.1281e+00,6.9368e+07,0.0000e+00,0.0000e+00,0.0000e+00,5.5968e+02,5.6096e+02,5.6457e+02,5.6639e+02,5.6833e+02,5.7014e+02,5.7189e+02,5.7367e+02,5.7427e+02,5.7575e+02,5.7343e+02,5.7375e+02,1.1559e+07,6.2868e+06,2.2518e+01,2.2216e+01,0.0000e+00,0.0000e+00,0.0000e+00,2.0194e+02,5.7210e+02,2.0572e+01,0.0000e+00,0.0000e+00,2.0759e+01,0.0000e+00,0.0000e+00,0.0000e+00,2.5096e+01,0.0000e+00,0.0000e+00,-4.8550e+01,4.7948e+02,5.9502e+02,5.7167e+02,5.9524e+02,5.5437e+02,3.1232e+02,3.0785e+02,3.1128e+02,3.7562e+02,5.5211e+02,5.5176e+02,5.5119e+02,5.4550e+02,5.5122e+02,5.4571e+02,5.5244e+02,5.5180e+02,5.5219e+02,5.5198e+02,1.0000e+00,1.0000e+00,1.0000e+00,1.0000e+00,1.0000e+00,1.0000e+00,1.0000e+00,1.0475e-01,0.0000e+00,0.0000e+00,0.0000e+00,0.0000e+00,1.1068e+05,0.0000e+00,6.2756e+06,6.2238e+06,0.0000e+00,6.2833e+06,2.7638e-01,1.8366e-02,7.1205e-01,5.1659e-01,7.1262e-01
1.3900e+03,4.0766e+00,3.8194e+00,5.5374e+00,3.5613e+00,5.7982e+00,4.0970e+00,6.9274e+07,0.0000e+00,0.0000e+00,0.0000e+00,5.5960e+02,5.6088e+02,5.6449e+02,5.6630e+02,5.6823e+02,5.7005e+02,5.7180e+02,5.7358e+02,5.7418e+02,5.7566e+02,5.7335e+02,5.7367e+02,1.1554e+07,6.3081e+06,2.0906e+01,2.1659e+01,0.0000e+00,0.0000e+00,0.0000e+00,2.0108e+02,5.7368e+02,2.0602e+01,0.0000e+00,0.0000e+00,2.0429e+01,0.0000e+00,0.0000e+00,0.0000e+00,1.2512e+01,0.0000e+00,0.0000e+00,3.5598e+01,1.5946e+02,5.9499e+02,5.7159e+02,5.9521e+02,5.5430e+02,3.1236e+02,3.0786e+02,3.1130e+02,3.7560e+02,5.5249e+02,5.5198e+02,5.5142e+02,5.4600e+02,5.5147e+02,5.4438e+02,5.5291e+02,5.5202e+02,5.5242e+02,5.5219e+02,1.0000e+00,1.0000e+00,1.0000e+00,1.0000e+00,1.0000e+00,1.0000e+00,1.0000e+00,1.0176e-01,0.0000e+00,0.0000e+00,0.0000e+00,0.0000e+00,1.1061e+05,0.0000e+00,6.2923e+06,6.2441e+06,0.0000e+00,6.3045e+06,2.8174e-01,1.9206e-02,6.8504e-01,4.9465e-01,7.2355e-01
1.3950e+03,4.0766e+00,3.8194e+00,5.5374e+00,3.5511e+00,5.8205e+00,4.1319e+00,6.9181e+07,0.0000e+00,0.0000e+00,0.0000e+00,5.5951e+02,5.6080e+02,5.6440e+02,5.6621e+02,5.6814e+02,5.6996e+02,5.7171e+02,5.7348e+02,5.7408e+02,5.7557e+02,5.7326e+02,5.7359e+02,1.1552e+07,6.3272e+06,1.9963e+01,2.0904e+01,0.0000e+00,0.0000e+00,0.0000e+00,1.9904e+02,5.7634e+02,2.0525e+01,0.0000e+00,0.0000e+00,2.0426e+01,0.0000e+00,0.0000e+00,0.0000e+00,2.5253e+01,0.0000e+00,0.0000e+00,2.3903e+02,1.3066e+02,5.9497e+02,5.7151e+02,5.9519e+02,5.5422e+02,3.1239e+02,3.0786e+02,3.1132e+02,3.7558e+02,5.5284e+02,5.5218e+02,5.5162e+02,5.4608e+02,5.5164e+02,5.4637e+02,5.5333e+02,5.5222e+02,5.5261e+02,5.5238e+02,1.0000e+00,1.0000e+00,1.0000e+00,1.0000e+00,1.0000e+00,1.0000e+00,1.0000e+00,9.8790e-02,0.0000e+00,0.0000e+00,0.0000e+00,0.0000e+00,1.1054e+05,0.0000e+00,6.3116e+06,6.2622e+06,0.0000e+00,6.3236e+06,2.7204e-01,1.8884e-02,6.6066e-01,5.1211e-01,7.0429e-01
1.4000e+03,4.0766e+00,3.8194e+00,5.5374e+00,3.5437e+00,5.8723e+00,4.1288e+00,6.9088e+07,0.0000e+00,0.0000e+00,0.0000e+00,5.5943e+02,5.6071e+02,5.6431e+02,5.6611e+02,5.6805e+02,5.6986e+02,5.7161e+02,5.7339e+02,5.7399e+02,5.7547e+02,5.7317e+02,5.7350e+02,1.1551e+07,6.3442e+06,2.0546e+01,2.0589e+01,0.0000e+00,0.0000e+00,0.0000e+00,1.9772e+02,5.7762e+02,2.0496e+01,0.0000e+00,0.0000e+00,2.0736e+01,0.0000e+00,0.0000e+00,0.0000e+00,2.2066e+01,0.0000e+00,0.0000e+00,1.0280e+02,1.2650e+02,5.9497e+02,5.7143e+02,5.9519e+02,5.5414e+02,3.1243e+02,3.0786e+02,3.1134e+02,3.7556e+02,5.5315e+02,5.5236e+02,5.5183e+02,5.4622e+02,5.5188e+02,5.4679e+02,5.5370e+02,5.5240e+02,5.5279e+02,5.5259e+02,1.0000e+00,1.0000e+00,1.0000e+00,1.0000e+00,1.0000e+00,1.0000e+00,1.0000e+00,9.5824e-02,0.0000e+00,0.0000e+00,0.0000e+00,0.0000e+00,1.1047e+05,0.0000e+00,6.3355e+06,6.2839e+06,0.0000e+00,6.3409e+06,2.7322e-01,1.7945e-02,6.6895e-01,5.1498e-01,6.8220e-01
1.4050e+03,4.0766e+00,3.8194e+00,5.5374e+00,3.5379e+00,5.8408e+00,4.1299e+00,6.8995e+07,0.0000e+00,0.0000e+00,0.0000e+00,5.5934e+02,5.6062e+02,5.6422e+02,5.6603e+02,5.6796e+02,5.6977e+02,5.7152e+02,5.7329e+02,5.7389e+02,5.7538e+02,5.7308e+02,5.7340e+02,1.1551e+07,6.3604e+06,2.0751e+01,2.0619e+01,0.0000e+00,0.0000e+00,0.0000e+00,1.9665e+02,5.7800e+02,2.0474e+01,0.0000e+00,0.0000e+00,2.0752e+01,0.0000e+00,0.0000e+00,0.0000e+00,2.0316e+01,0.0000e+00,0.0000e+00,-1.1036e+02,8.0721e+01,5.9497e+02,5.7135e+02,5.9519e+02,5.5406e+02,3.1246e+02,3.0786e+02,3.1136e+02,3.7554e+02,5.5345e+02,5.5253e+02,5.5200e+02,5.4642e+02,5.5204e+02,5.4673e+02,5.5407e+02,5.5257e+02,5.5296e+02,5.5278e+02,1.0000e+00,1.0000e+00,1.0000e+00,1.0000e+00,1.0000e+00,1.0000e+00,1.0000e+00,9.2835e-02,0.0000e+00,0.0000e+00,0.0000e+00,0.0000e+00,1.1039e+05,0.0000e+00,6.3514e+06,6.3000e+06,0.0000e+00,6.3570e+06,2.7526e-01,1.7908e-02,6.7540e-01,5.1137e-01,6.7886e-01
1.4100e+03,4.0766e+00,3.8194e+00,5.5374e+00,3.5332e+00,5.8887e+00,4.1390e+00,6.8904e+07,0.0000e+00,0.0000e+00,0.0000e+00,5.5927e+02,5.6055e+02,5.6414e+02,5.6595e+02,5.6788e+02,5.6969e+02,5.7143e+02,5.7321e+02,5.7381e+02,5.7529e+02,5.7299e+02,5.7331e+02,1.1550e+07,6.3689e+06,2.0774e+01,2.0988e+01,0.0000e+00,0.0000e+00,0.0000e+00,1.9654e+02,5.7669e+02,2.0507e+01,0.0000e+00,0.0000e+00,2.0552e+01,0.0000e+00,0.0000e+00,0.0000e+00,1.3227e+01,0.0000e+00,0.0000e+00,-8.1279e+01,3.6386e+02,5.9496e+02,5.7126e+02,5.9518e+02,5.5398e+02,3.1250e+02,3.0787e+02,3.1138e+02,3.7552e+02,5.5360e+02,5.5262e+02,5.5206e+02,5.4659e+02,5.5206e+02,5.4703e+02,5.5428e+02,5.5266e+02,5.5304e+02,5.5293e+02,1.0000e+00,1.0000e+00,1.0000e+00,1.0000e+00,1.0000e+00,1.0000e+00,1.0000e+00,8.9870e-02,0.0000e+00,0.0000e+00,0.0000e+00,0.0000e+00,1.1032e+05,0.0000e+00,6.3556e+06,6.3052e+06,0.0000e+00,6.3654e+06,2.7359e-01,1.8902e-02,6.7226e-01,5.1187e-01,6.8285e-01
1.4150e+03,4.0766e+00,3.8194e+00,5.5374e+00,3.5212e+00,5.8067e+00,4.0965e+00,6.8812e+07,0.0000e+00,0.0000e+00,0.0000e+00,5.5920e+02,5.6048e+02,5.6407e+02,5.6588e+02,5.6781e+02,5.6962e+02,5.7137e+02,5.7314e+02,5.7374e+02,5.7522e+02,5.7291e+02,5.7323e+02,1.1540e+07,6.2793e+06,2.0402e+01,2.1192e+01,0.0000e+00,0.0000e+00,0.0000e+00,1.9613e+02,5.7360e+02,2.0450e+01,0.0000e+00,0.0000e+00,2.0449e+01,0.0000e+00,0.0000e+00,0.0000e+00,7.2013e+00,0.0000e+00,0.0000e+00,1.7551e+02,5.9490e+02,5.9490e+02,5.7117e+02,5.9512e+02,5.5391e+02,3.1253e+02,3.0787e+02,3.1140e+02,3.7551e+02,5.5188e+02,5.5168e+02,5.5113e+02,5.4572e+02,5.5114e+02,5.4599e+02,5.5267e+02,5.5172e+02,5.5211e+02,5.5263e+02,1.0000e+00,1.0000e+00,1.0000e+00,1.0000e+00,1.0000e+00,1.0000e+00,1.0000e+00,8.6898e-02,0.0000e+00,0.0000e+00,0.0000e+00,0.0000e+00,1.1025e+05,0.0000e+00,6.2665e+06,6.2168e+06,0.0000e+00,6.2759e+06,2.7202e-01,1.8913e-02,6.4976e-01,5.0907e-01,6.7263e-01
1.4200e+03,4.0766e+00,3.8194e+00,5.5374e+00,3.4992e+00,5.7379e+00,4.0705e+00,6.8722e+07,0.0000e+00,0.0000e+00,0.0000e+00,5.5914e+02,5.6042e+02,5.6402e+02,5.6583e+02,5.6776e+02,5.6958e+02,5.7132e+02,5.7309e+02,5.7368e+02,5.7516e+02,5.7285e+02,5.7316e+02,1.1529e+07,6.2273e+06,2.0414e+01,2.0474e+01,0.0000e+00,0.0000e+00,0.0000e+00,1.9525e+02,5.7065e+02,2.0337e+01,0.0000e+00,0.0000e+00,2.0496e+01,0.0000e+00,0.0000e+00,0.0000e+00,9.2199e+00,0.0000e+00,0.0000e+00,7.1378e+01,3.8223e+02,5.9482e+02,5.7108e+02,5.9505e+02,5.5383e+02,3.1257e+02,3.0787e+02,3.1142e+02,3.7549e+02,5.5107e+02,5.5114e+02,5.5060e+02,5.4514e+02,5.5063e+02,5.4545e+02,5.5174e+02,5.5117e+02,5.5157e+02,5.5204e+02,1.0000e+00,1.0000e+00,1.0000e+00,1.0000e+00,1.0000e+00,1.0000e+00,1.0000e+00,8.3935e-02,0.0000e+00,0.0000e+00,0.0000e+00,0.0000e+00,1.1018e+05,0.0000e+00,6.2172e+06,6.1670e+06,0.0000e+00,6.2239e+06,2.7195e-01,1.8481e-02,6.4980e-01,5.0902e-01,6.4896e-01
1.4250e+03,4.0766e+00,3.8194e+00,5.5374e+00,3.4743e+00,5.5873e+00,4.0547e+00,6.8631e+07,0.0000e+00,0.0000e+00,0.0000e+00,5.5907e+02,5.6036e+02,5.6397e+02,5.6578e+02,5.6771e+02,5.6953e+02,5.7127e+02,5.7305e+02,5.7364e+02,5.7512e+02,5.7279e+02,5.7311e+02,1.1514e+07,6.1779e+06,1.8800e+01,1.8427e+01,0.0000e+00,0.0000e+00,0.0000e+00,1.9434e+02,5.6877e+02,1.9846e+01,0.0000e+00,0.0000e+00,2.0197e+01,0.0000e+00,0.0000e+00,0.0000e+00,2.3625e+01,0.0000e+00,0.0000e+00,5.0327e+02,-1.9843e+03,5.9472e+02,5.7101e+02,5.9495e+02,5.5376e+02,3.1260e+02,3.0787e+02,3.1143e+02,3.7547e+02,5.5054e+02,5.5061e+02,5.5007e+02,5.4437e+02,5.5008e+02,5.4475e+02,5.5084e+02,5.5065e+02,5.5106e+02,5.5155e+02,1.0000e+00,1.0000e+00,1.0000e+00,1.0000e+00,1.0000e+00,1.0000e+00,1.0000e+00,8.0953e-02,0.0000e+00,0.0000e+00,0.0000e+00,0.0000e+00,1.1010e+05,0.0000e+00,6.1636e+06,6.1169e+06,0.0000e+00,6.1746e+06,2.6758e-01,1.8110e-02,6.5798e-01,5.2872e-01,6.4133e-01
1.4300e+03,4.0766e+00,3.8194e+00,5.5374e+00,3.4460e+00,5.7088e+00,3.9515e+00,6.8541e+07,0.0000e+00,0.0000e+00,0.0000e+00,5.5901e+02,5.6029e+02,5.6391e+02,5.6572e+02,5.6766e+02,5.6948e+02,5.7123e+02,5.7300e+02,5.7359e+02,5.7507e+02,5.7274e+02,5.7306e+02,1.1498e+07,6.1487e+06,1.9553e+01,1.8426e+01,0.0000e+00,0.0000e+00,0.0000e+00,1.9331e+02,5.6823e+02,2.0258e+01,0.0000e+00,0.0000e+00,2.0184e+01,0.0000e+00,0.0000e+00,0.0000e+00,3.4853e+01,0.0000e+00,0.0000e+00,2.0653e+02,5.9937e+02,5.9462e+02,5.7095e+02,5.9484e+02,5.5369e+02,3.1264e+02,3.0788e+02,3.1145e+02,3.7545e+02,5.5032e+02,5.5030e+02,5.4966e+02,5.4381e+02,5.4954e+02,5.4437e+02,5.5038e+02,5.5034e+02,5.5074e+02,5.5104e+02,1.0000e+00,1.0000e+00,1.0000e+00,1.0000e+00,1.0000e+00,1.0000e+00,1.0000e+00,7.8002e-02,0.0000e+00,0.0000e+00,0.0000e+00,0.0000e+00,1.1003e+05,0.0000e+00,6.1262e+06,6.0779e+06,0.0000e+00,6.1451e+06,2.6928e-01,1.8739e-02,6.8554e-01,5.3639e-01,6.5131e-01
1.4350e+03,4.0766e+00,3.8194e+00,5.5374e+00,3.4266e+00,5.6709e+00,4.0154e+00,6.8452e+07,0.0000e+00,0.0000e+00,0.0000e+00,5.5893e+02,5.6022e+02,5.6383e+02,5.6565e+02,5.6759e+02,5.6941e+02,5.7116e+02,5.7294e+02,5.7353e+02,5.7501e+02,5.7269e+02,5.7300e+02,1.1489e+07,6.1964e+06,2.1649e+01,2.0431e+01,0.0000e+00,0.0000e+00,0.0000e+00,1.9166e+02,5.7086e+02,2.0264e+01,0.0000e+00,0.0000e+00,2.0518e+01,0.0000e+00,0.0000e+00,0.0000e+00,4.3507e+00,0.0000e+00,0.0000e+00,3.1359e+01,-2.5901e+02,5.9456e+02,5.7090e+02,5.9478e+02,5.5363e+02,3.1267e+02,3.0788e+02,3.1147e+02,3.7543e+02,5.5109e+02,5.5081e+02,5.5022e+02,5.4452e+02,5.5018e+02,5.4544e+02,5.5134e+02,5.5085e+02,5.5124e+02,5.5107e+02,1.0000e+00,1.0000e+00,1.0000e+00,1.0000e+00,1.0000e+00,1.0000e+00,1.0000e+00,7.5040e-02,0.0000e+00,0.0000e+00,0.0000e+00,0.0000e+00,1.0996e+05,0.0000e+00,6.1830e+06,6.1313e+06,0.0000e+00,6.1930e+06,2.7246e-01,1.7617e-02,7.1645e-01,5.1794e-01,6.8569e-01
1.4400e+03,4.0766e+00,3.8194e+00,5.5374e+00,3.4148e+00,5.6543e+00,3.9951e+00,6.8363e+07,0.0000e+00,0.0000e+00,0.0000e+00,5.5885e+02,5.6014e+02,5.6375e+02,5.6556e+02,5.6750e+02,5.6933e+02,5.7108e+02,5.7286e+02,5.7346e+02,5.7494e+02,5.7263e+02,5.7295e+02,1.1486e+07,6.2209e+06,2.1661e+01,2.2124e+01,0.0000e+00,0.0000e+00,0.0000e+00,1.9061e+02,5.7305e+02,2.0215e+01,0.0000e+00,0.0000e+00,2.0097e+01,0.0000e+00,0.0000e+00,0.0000e+00,2.8638e+01,0.0000e+00,0.0000e+00,2.1068e+02,3.2883e+02,5.9454e+02,5.7085e+02,5.9476e+02,5.5355e+02,3.1270e+02,3.0788e+02,3.1149e+02,3.7541e+02,5.5149e+02,5.5107e+02,5.5047e+02,5.4493e+02,5.5049e+02,5.4474e+02,5.5187e+02,5.5110e+02,5.5150e+02,5.5127e+02,1.0000e+00,1.0000e+00,1.0000e+00,1.0000e+00,1.0000e+00,1.0000e+00,1.0000e+00,7.2075e-02,0.0000e+00,0.0000e+00,0.0000e+00,0.0000e+00,1.0988e+05,0.0000e+00,6.2010e+06,6.1539e+06,0.0000e+00,6.2175e+06,2.8054e-01,1.8068e-02,6.9225e-01,5.0217e-01,7.1960e-01
1.4450e+03,4.0766e+00,3.8194e+00,5.5374e+00,3.4061e+00,5.7698e+00,3.9984e+00,6.8274e+07,0.0000e+00,0.0000e+00,0.0000e+00,5.5877e+02,5.6006e+02,5.6366e+02,5.6547e+02,5.6741e+02,5.6923e+02,5.7099e+02,5.7277e+02,5.7337e+02,5.7486e+02,5.7255e+02,5.7287e+02,1.1485e+07,6.2405e+06,2.0017e+01,2.0955e+01,0.0000e+00,0.0000e+00,0.0000e+00,1.8982e+02,5.7480e+02,2.0633e+01,0.0000e+00,0.0000e+00,2.0413e+01,0.0000e+00,0.0000e+00,0.0000e+00,2.6192e+01,0.0000e+00,0.0000e+00,7.7610e+01,1.1263e+02,5.9453e+02,5.7079e+02,5.9475e+02,5.5348e+02,3.1274e+02,3.0788e+02,3.1150e+02,3.7539e+02,5.5185e+02,5.5128e+02,5.5074e+02,5.4533e+02,5.5078e+02,5.4564e+02,5.5230e+02,5.5131e+02,5.5170e+02,5.5147e+02,1.0000e+00,1.0000e+00,1.0000e+00,1.0000e+00,1.0000e+00,1.0000e+00,1.0000e+00,6.9103e-02,0.0000e+00,0.0000e+00,0.0000e+00,0.0000e+00,1.0981e+05,0.0000e+00,6.2307e+06,6.1804e+06,0.0000e+00,6.2371e+06,2.7415e-01,1.8205e-02,6.6521e-01,4.9484e-01,7.1017e-01
1.4500e+03,4.0766e+00,3.8194e+00,5.5374e+00,3.3987e+00,5.7452e+00,4.0087e+00,6.8186e+07,0.0000e+00,0.0000e+00,0.0000e+00,5.5869e+02,5.5997e+02,5.6357e+02,5.6538e+02,5.6732e+02,5.6914e+02,5.7089e+02,5.7267e+02,5.7328e+02,5.7477e+02,5.7247e+02,5.7279e+02,1.1484e+07,6.2585e+06,2.0215e+01,2.0661e+01,0.0000e+00,0.0000e+00,0.0000e+00,1.8993e+02,5.7489e+02,2.0251e+01,0.0000e+00,0.0000e+00,2.0222e+01,0.0000e+00,0.0000e+00,0.0000e+00,1.7382e+01,0.0000e+00,0.0000e+00,8.5293e+01,8.4391e+01,5.9453e+02,5.7072e+02,5.9475e+02,5.5340e+02,3.1277e+02,3.0789e+02,3.1152e+02,3.7537e+02,5.5218e+02,5.5147e+02,5.5089e+02,5.4533e+02,5.5094e+02,5.4533e+02,5.5270e+02,5.5150e+02,5.5189e+02,5.5167e+02,1.0000e+00,1.0000e+00,1.0000e+00,1.0000e+00,1.0000e+00,1.0000e+00,1.0000e+00,6.6145e-02,0.0000e+00,0.0000e+00,0.0000e+00,0.0000e+00,1.0974e+05,0.0000e+00,6.2400e+06,6.1915e+06,0.0000e+00,6.2551e+06,2.7211e-01,1.8237e-02,6.5915e-01,5.1195e-01,6.8657e-01
1.4550e+03,4.0766e+00,3.8194e+00,5.5374e+00,3.3901e+00,5.7207e+00,3.9662e+00,6.8099e+07,0.0000e+00,0.0000e+00,0.0000e+00,5.5861e+02,5.5989e+02,5.6349e+02,5.6530e+02,5.6723e+02,5.6905e+02,5.7080e+02,5.7258e+02,5.7319e+02,5.7468e+02,5.7238e+02,5.7271e+02,1.1482e+07,6.2746e+06,2.0530e+01,2.0407e+01,0.0000e+00,0.0000e+00,0.0000e+00,1.9003e+02,5.7407e+02,2.0504e+01,0.0000e+00,0.0000e+00,2.0487e+01,0.0000e+00,0.0000e+00,0.0000e+00,2.2712e+01,0.0000e+00,0.0000e+00,7.1000e+01,1.0879e+02,5.9451e+02,5.7064e+02,5.9473e+02,5.5333e+02,3.1281e+02,3.0789e+02,3.1154e+02,3.7536e+02,5.5248e+02,5.5163e+02,5.5107e+02,5.4554e+02,5.5108e+02,5.4600e+02,5.5307e+02,5.5167e+02,5.5206e+02,5.5187e+02,1.0000e+00,1.0000e+00,1.0000e+00,1.0000e+00,1.0000e+00,1.0000e+00,1.0000e+00,6.3199e-02,0.0000e+00,0.0000e+00,0.0000e+00,0.0000e+00,1.0967e+05,0.0000e+00,6.2617e+06,6.2108e+06,0.0000e+00,6.2712e+06,2.7313e-01,1.8663e-02,6.6900e-01,5.0806e-01,6.7458e-01
1.4600e+03,4.0766e+00,3.8194e+00,5.5374e+00,3.3813e+00,5.6706e+00,3.9360e+00,6.8012e+07,0.0000e+00,0.0000e+00,0.0000e+00,5.5853e+02,5.5981e+02,5.6341e+02,5.6522e+02,5.6715e+02,5.6897e+02,5.7072e+02,5.7250e+02,5.7310e+02,5.7459e+02,5.7230e+02,5.7262e+02,1.1479e+07,6.2913e+06,2.0475e+01,2.0412e+01,0.0000e+00,0.0000e+00,0.0000e+00,1.8956e+02,5.7329e+02,2.0445e+01,0.0000e+00,0.0000e+00,2.0570e+01,0.0000e+00,0.0000e+00,0.0000e+00,2.4135e+01,0.0000e+00,0.0000e+00,2.9373e+01,-1.5478e+03,5.9449e+02,5.7056e+02,5.9472e+02,5.5326e+02,3.1284e+02,3.0789e+02,3.1156e+02,3.7534e+02,5.5279e+02,5.5181e+02,5.5126e+02,5.4572e+02,5.5129e+02,5.4617e+02,5.5344e+02,5.5185e+02,5.5224e+02,5.5204e+02,1.0000e+00,1.0000e+00,1.0000e+00,1.0000e+00,1.0000e+00,1.0000e+00,1.0000e+00,6.0245e-02,0.0000e+00,0.0000e+00,0.0000e+00,0.0000e+00,1.0960e+05,0.0000e+00,6.2803e+06,6.2293e+06,0.0000e+00,6.2879e+06,2.7368e-01,1.8353e-02,6.6894e-01,5.0799e-01,6.7720e-01
1.4650e+03,4.0766e+00,3.8194e+00,5.5374e+00,3.3722e+00,5.7113e+00,3.9275e+00,6.7925e+07,0.0000e+00,0.0000e+00,0.0000e+00,5.5847e+02,5.5974e+02,5.6334e+02,5.6515e+02,5.6708e+02,5.6890e+02,5.7064e+02,5.7242e+02,5.7303e+02,5.7451e+02,5.7221e+02,5.7254e+02,1.1476e+07,6.2566e+06,2.1135e+01,2.1705e+01,0.0000e+00,0.0000e+00,0.0000e+00,1.8904e+02,5.7208e+02,2.0390e+01,0.0000e+00,0.0000e+00,2.0420e+01,0.0000e+00,0.0000e+00,0.0000e+00,2.1949e+01,0.0000e+00,0.0000e+00,2.9161e+02,6.7689e+02,5.9447e+02,5.7048e+02,5.9469e+02,5.5319e+02,3.1287e+02,3.0789e+02,3.1157e+02,3.7532e+02,5.5211e+02,5.5144e+02,5.5090e+02,5.4559e+02,5.5094e+02,5.4574e+02,5.5283e+02,5.5148e+02,5.5187e+02,5.5212e+02,1.0000e+00,1.0000e+00,1.0000e+00,1.0000e+00,1.0000e+00,1.0000e+00,1.0000e+00,5.7293e-02,0.0000e+00,0.0000e+00,0.0000e+00,0.0000e+00,1.0952e+05,0.0000e+00,6.2459e+06,6.1960e+06,0.0000e+00,6.2531e+06,2.7163e-01,1.8505e-02,6.6080e-01,5.0523e-01,6.7783e-01
1.4700e+03,4.0766e+00,3.8194e+00,5.5374e+00,3.3539e+00,5.7185e+00,3.8166e+00,6.7838e+07,0.0000e+00,0.0000e+00,0.0000e+00,5.5841e+02,5.5969e+02,5.6328e+02,5.6509e+02,5.6702e+02,5.6884e+02,5.7058e+02,5.7236e+02,5.7296e+02,5.7444e+02,5.7214e+02,5.7246e+02,1.1465e+07,6.1875e+06,2.0138e+01,2.0791e+01,0.0000e+00,0.0000e+00,0.0000e+00,1.8860e+02,5.6962e+02,2.0371e+01,0.0000e+00,0.0000e+00,2.0104e+01,0.0000e+00,0.0000e+00,0.0000e+00,2.3494e+01,0.0000e+00,0.0000e+00,2.9841e+02,6.9365e+02,5.9440e+02,5.7039e+02,5.9462e+02,5.5313e+02,3.1291e+02,3.0790e+02,3.1159e+02,3.7530e+02,5.5077e+02,5.5071e+02,5.5013e+02,5.4473e+02,5.5014e+02,5.4491e+02,5.5158e+02,5.5075e+02,5.5114e+02,5.5164e+02,1.0000e+00,1.0000e+00,1.0000e+00,1.0000e+00,1.0000e+00,1.0000e+00,1.0000e+00,5.4330e-02,0.0000e+00,0.0000e+00,0.0000e+00,0.0000e+00,1.0945e+05,0.0000e+00,6.1703e+06,6.1215e+06,0.0000e+00,6.1839e+06,2.7147e-01,1.9054e-02,6.4367e-01,5.0668e-01,6.5943e-01
1.4750e+03,4.0766e+00,3.8194e+00,5.5374e+00,3.3312e+00,5.7097e+00,3.8934e+00,6.7752e+07,0.0000e+00,0.0000e+00,0.0000e+00,5.5836e+02,5.5963e+02,5.6323e+02,5.6504e+02,5.6697e+02,5.6879e+02,5.7053e+02,5.7231e+02,5.7291e+02,5.7439e+02,5.7208e+02,5.7240e+02,1.1451e+07,6.1376e+06,1.9768e+01,1.9733e+01,0.0000e+00,0.0000e+00,0.0000e+00,1.8769e+02,5.6835e+02,2.0069e+01,0.0000e+00,0.0000e+00,2.0132e+01,0.0000e+00,0.0000e+00,0.0000e+00,1.8835e+01,0.0000e+00,0.0000e+00,8.8056e+01,-4.3333e+02,5.9431e+02,5.7032e+02,5.9453e+02,5.5308e+02,3.1294e+02,3.0790e+02,3.1161e+02,3.7528e+02,5.5012e+02,5.5018e+02,5.4962e+02,5.4420e+02,5.4962e+02,5.4449e+02,5.5067e+02,5.5022e+02,5.5061e+02,5.5108e+02,1.0000e+00,1.0000e+00,1.0000e+00,1.0000e+00,1.0000e+00,1.0000e+00,1.0000e+00,5.1384e-02,0.0000e+00,0.0000e+00,0.0000e+00,0.0000e+00,1.0938e+05,0.0000e+00,6.1241e+06,6.0755e+06,0.0000e+00,6.1342e+06,2.7095e-01,1.8268e-02,6.4682e-01,5.0473e-01,6.4084e-01
1.4800e+03,4.0766e+00,3.8194e+00,5.5374e+00,3.3077e+00,5.8146e+00,3.8112e+00,6.7667e+07,0.0000e+00,0.0000e+00,0.0000e+00,5.5830e+02,5.5958e+02,5.6318e+02,5.6499e+02,5.6692e+02,5.6874e+02,5.7048e+02,5.7226e+02,5.7285e+02,5.7433e+02,5.7202e+02,5.7234e+02,1.1437e+07,6.0873e+06,1.8763e+01,1.8227e+01,0.0000e+00,0.0000e+00,0.0000e+00,1.8706e+02,5.6767e+02,1.9824e+01,0.0000e+00,0.0000e+00,1.9867e+01,0.0000e+00,0.0000e+00,0.0000e+00,1.5980e+01,0.0000e+00,0.0000e+00,2.3404e+02,8.7896e+02,5.9422e+02,5.7025e+02,5.9444e+02,5.5302e+02,3.1297e+02,3.0790e+02,3.1162e+02,3.7526e+02,5.4958e+02,5.4964e+02,5.4905e+02,5.4332e+02,5.4904e+02,5.4368e+02,5.4974e+02,5.4968e+02,5.5007e+02,5.5057e+02,1.0000e+00,1.0000e+00,1.0000e+00,1.0000e+00,1.0000e+00,1.0000e+00,1.0000e+00,4.8434e-02,0.0000e+00,0.0000e+00,0.0000e+00,0.0000e+00,1.0931e+05,0.0000e+00,6.0653e+06,6.0201e+06,0.0000e+00,6.0839e+06,2.6699e-01,1.8925e-02,6.5899e-01,5.3170e-01,6.3686e-01
1.4850e+03,4.0766e+00,3.8194e+00,5.5374e+00,3.2845e+00,5.5864e+00,3.9047e+00,6.7582e+07,0.0000e+00,0.0000e+00,0.0000e+00,5.5825e+02,5.5952e+02,5.6312e+02,5.6493e+02,5.6686e+02,5.6868e+02,5.7042e+02,5.7220e+02,5.7280e+02,5.7428e+02,5.7197e+02,5.7228e+02,1.1425e+07,6.0924e+06,1.9435e+01,1.7970e+01,0.0000e+00,0.0000e+00,0.0000e+00,1.8685e+02,5.6809e+02,2.0099e+01,0.0000e+00,0.0000e+00,2.0104e+01,0.0000e+00,0.0000e+00,0.0000e+00,1.5894e+01,0.0000e+00,0.0000e+00,-1.7423e+03,-8.3949e+02,5.9414e+02,5.7019e+02,5.9436e+02,5.5297e+02,3.1300e+02,3.0790e+02,3.1164e+02,3.7524e+02,5.4986e+02,5.4970e+02,5.4910e+02,5.4319e+02,5.4911e+02,5.4387e+02,5.4995e+02,5.4973e+02,5.5012e+02,5.5017e+02,1.0000e+00,1.0000e+00,1.0000e+00,1.0000e+00,1.0000e+00,1.0000e+00,1.0000e+00,4.5490e-02,0.0000e+00,0.0000e+00,0.0000e+00,0.0000e+00,1.0923e+05,0.0000e+00,6.0731e+06,6.0257e+06,0.0000e+00,6.0891e+06,2.6972e-01,1.8576e-02,6.9496e-01,5.3044e-01,6.5430e-01
1.4900e+03,4.0766e+00,3.8194e+00,5.5374e+00,3.2709e+00,5.7096e+00,3.8314e+00,6.7497e+07,0.0000e+00,0.0000e+00,0.0000e+00,5.5818e+02,5.5946e+02,5.6305e+02,5.6486e+02,5.6679e+02,5.6861e+02,5.7035e+02,5.7213e+02,5.7273e+02,5.7421e+02,5.7191e+02,5.7222e+02,1.1419e+07,6.1278e+06,2.1994e+01,2.1209e+01,0.0000e+00,0.0000e+00,0.0000e+00,1.8699e+02,5.6924e+02,2.0364e+01,0.0000e+00,0.0000e+00,2.0253e+01,0.0000e+00,0.0000e+00,0.0000e+00,2.7256e+01,0.0000e+00,0.0000e+00,-9.3006e+01,4.3557e+02,5.9410e+02,5.7014e+02,5.9432e+02,5.5291e+02,3.1304e+02,3.0790e+02,3.1166e+02,3.7522e+02,5.5038e+02,5.5008e+02,5.4948e+02,5.4389e+02,5.4951e+02,5.4455e+02,5.5067e+02,5.5011e+02,5.5050e+02,5.5030e+02,1.0000e+00,1.0000e+00,1.0000e+00,1.0000e+00,1.0000e+00,1.0000e+00,1.0000e+00,4.2540e-02,0.0000e+00,0.0000e+00,0.0000e+00,0.0000e+00,1.0916e+05,0.0000e+00,6.1126e+06,6.0619e+06,0.0000e+00,6.1243e+06,2.7317e-01,1.8526e-02,7.0922e-01,5.0782e-01,6.9498e-01
1.4950e+03,4.0766e+00,3.8194e+00,5.5374e+00,3.2595e+00,5.6132e+00,3.8329e+00,6.7413e+07,0.0000e+00,0.0000e+00,0.0000e+00,5.5811e+02,5.5938e+02,5.6297e+02,5.6478e+02,5.6671e+02,5.6853e+02,5.7027e+02,5.7205e+02,5.7265e+02,5.7413e+02,5.7184e+02,5.7216e+02,1.1415e+07,6.1493e+06,2.0941e+01,2.1621e+01,0.0000e+00,0.0000e+00,0.0000e+00,1.8793e+02,5.6932e+02,2.0071e+01,0.0000e+00,0.0000e+00,2.0123e+01,0.0000e+00,0.0000e+00,0.0000e+00,1.3217e+01,0.0000e+00,0.0000e+00,5.9310e+01,1.3224e+02,5.9407e+02,5.7008e+02,5.9429e+02,5.5284e+02,3.1307e+02,3.0791e+02,3.1167e+02,3.7521e+02,5.5077e+02,5.5031e+02,5.4970e+02,5.4433e+02,5.4974e+02,5.4412e+02,5.5115e+02,5.5034e+02,5.5073e+02,5.5051e+02,1.0000e+00,1.0000e+00,1.0000e+00,1.0000e+00,1.0000e+00,1.0000e+00,1.0000e+00,3.9611e-02,0.0000e+00,0.0000e+00,0.0000e+00,0.0000e+00,1.0909e+05,0.0000e+00,6.1338e+06,6.0829e+06,0.0000e+00,6.1461e+06,2.7950e-01,1.8179e-02,6.7939e-01,4.8887e-01,7.1671e-01
1.5000e+03,4.0766e+00,3.8194e+00,5.5374e+00,3.2481e+00,5.5964e+00,3.8323e+00,6.7329e+07,0.0000e+00,0.0000e+00,0.0000e+00,5.5803e+02,5.5931e+02,5.6289e+02,5.6470e+02,5.6663e+02,5.6844e+02,5.7019e+02,5.7196e+02,5.7257e+02,5.7405e+02,5.7176e+02,5.7208e+02,1.1411e+07,6.1677e+06,1.9730e+01,2.0683e+01,0.0000e+00,0.0000e+00,0.0000e+00,1.8794e+02,5.6995e+02,2.0190e+01,0.0000e+00,0.0000e+00,2.0262e+01,0.0000e+00,0.0000e+00,0.0000e+00,2.5206e+01,0.0000e+00,0.0000e+00,9.3119e+01,1.7008e+02,5.9404e+02,5.7002e+02,5.9427e+02,5.5277e+02,3.1310e+02,3.0791e+02,3.1169e+02,3.7519e+02,5.5111e+02,5.5050e+02,5.4995e+02,5.4445e+02,5.4995e+02,5.4530e+02,5.5156e+02,5.5054e+02,5.5093e+02,5.5073e+02,1.0000e+00,1.0000e+00,1.0000e+00,1.0000e+00,1.0000e+00,1.0000e+00,1.0000e+00,3.6650e-02,0.0000e+00,0.0000e+00,0.0000e+00,0.0000e+00,1.0902e+05,0.0000e+00,6.1562e+06,6.1059e+06,0.0000e+00,6.1643e+06,2.7144e-01,1.8051e-02,6.5374e-01,5.0266e-01,6.9893e-01
1.5050e+03,4.0766e+00,3.8194e+00,5.5374e+00,3.2372e+00,5.5675e+00,3.7922e+00,6.7245e+07,0.0000e+00,0.0000e+00,0.0000e+00,5.5795e+02,5.5923e+02,5.6281e+02,5.6461e+02,5.6654e+02,5.6836e+02,5.7010e+02,5.7187e+02,5.7248e+02,5.7396e+02,5.7168e+02,5.7200e+02,1.1407e+07,6.1858e+06,2.0195e+01,2.0391e+01,0.0000e+00,0.0000e+00,0.0000e+00,1.8758e+02,5.7045e+02,2.0337e+01,0.0000e+00,0.0000e+00,2.0345e+01,0.0000e+00,0.0000e+00,0.0000e+00,2.4788e+01,0.0000e+00,0.0000e+00,2.4176e+02,-1.5037e+03,5.9402e+02,5.6995e+02,5.9424e+02,5.5270e+02,3.1313e+02,3.0791e+02,3.1170e+02,3.7517e+02,5.5144e+02,5.5069e+02,5.5013e+02,5.4460e+02,5.5012e+02,5.4533e+02,5.5197e+02,5.5073e+02,5.5112e+02,5.5091e+02,1.0000e+00,1.0000e+00,1.0000e+00,1.0000e+00,1.0000e+00,1.0000e+00,1.0000e+00,3.3719e-02,0.0000e+00,0.0000e+00,0.0000e+00,0.0000e+00,1.0894e+05,0.0000e+00,6.1735e+06,6.1225e+06,0.0000e+00,6.1823e+06,2.7203e-01,1.8159e-02,6.5973e-01,5.0625e-01,6.7600e-01
1.5100e+03,4.0766e+00,3.8194e+00,5.5374e+00,3.2268e+00,5.6234e+00,3.7468e+00,6.7163e+07,0.0000e+00,0.0000e+00,0.0000e+00,5.5787e+02,5.5915e+02,5.6273e+02,5.6453e+02,5.6646e+02,5.6827e+02,5.7001e+02,5.7179e+02,5.7239e+02,5.7388e+02,5.7160e+02,5.7192e+02,1.1403e+07,6.2036e+06,2.0458e+01,2.0371e+01,0.0000e+00,0.0000e+00,0.0000e+00,1.8744e+02,5.7037e+02,2.0389e+01,0.0000e+00,0.0000e+00,2.0255e+01,0.0000e+00,0.0000e+00,0.0000e+00,2.5685e+01,0.0000e+00,0.0000e+00,1.4713e+02,3.4254e+02,5.9399e+02,5.6987e+02,5.9422e+02,5.5263e+02,3.1317e+02,3.0791e+02,3.1172e+02,3.7515e+02,5.5177e+02,5.5088e+02,5.5027e+02,5.4481e+02,5.5021e+02,5.4504e+02,5.5237e+02,5.5092e+02,5.5131e+02,5.5110e+02,1.0000e+00,1.0000e+00,1.0000e+00,1.0000e+00,1.0000e+00,1.0000e+00,1.0000e+00,3.0791e-02,0.0000e+00,0.0000e+00,0.0000e+00,0.0000e+00,1.0887e+05,0.0000e+00,6.1876e+06,6.1361e+06,0.0000e+00,6.1999e+06,2.7287e-01,1.8342e-02,6.6531e-01,5.0402e-01,6.7147e-01
1.5150e+03,4.0766e+00,3.8194e+00,5.5374e+00,3.2170e+00,5.6305e+00,3.7983e+00,6.7080e+07,0.0000e+00,0.0000e+00,0.0000e+00,5.5780e+02,5.5908e+02,5.6265e+02,5.6445e+02,5.6638e+02,5.6819e+02,5.6993e+02,5.7170e+02,5.7231e+02,5.7379e+02,5.7151e+02,5.7184e+02,1.1400e+07,6.2184e+06,2.0357e+01,2.0433e+01,0.0000e+00,0.0000e+00,0.0000e+00,1.8673e+02,5.7065e+02,2.0262e+01,0.0000e+00,0.0000e+00,2.0349e+01,0.0000e+00,0.0000e+00,0.0000e+00,2.0312e+01,0.0000e+00,0.0000e+00,-5.2069e+02,1.2524e+02,5.9397e+02,5.6979e+02,5.9420e+02,5.5256e+02,3.1320e+02,3.0791e+02,3.1173e+02,3.7513e+02,5.5205e+02,5.5104e+02,5.5049e+02,5.4498e+02,5.5052e+02,5.4426e+02,5.5271e+02,5.5108e+02,5.5146e+02,5.5129e+02,1.0000e+00,1.0000e+00,1.0000e+00,1.0000e+00,1.0000e+00,1.0000e+00,1.0000e+00,2.7854e-02,0.0000e+00,0.0000e+00,0.0000e+00,0.0000e+00,1.0880e+05,0.0000e+00,6.2042e+06,6.1556e+06,0.0000e+00,6.2149e+06,2.7243e-01,1.8583e-02,6.6306e-01,5.0398e-01,6.7477e-01
1.5200e+03,4.0766e+00,3.8194e+00,5.5374e+00,3.2088e+00,5.6842e+00,3.6815e+00,6.6998e+07,0.0000e+00,0.0000e+00,0.0000e+00,5.5774e+02,5.5901e+02,5.6258e+02,5.6438e+02,5.6630e+02,5.6811e+02,5.6985e+02,5.7162e+02,5.7223e+02,5.7371e+02,5.7143e+02,5.7175e+02,1.1397e+07,6.1678e+06,2.0962e+01,2.1715e+01,0.0000e+00,0.0000e+00,0.0000e+00,1.8575e+02,5.7073e+02,1.9995e+01,0.0000e+00,0.0000e+00,2.0332e+01,0.0000e+00,0.0000e+00,0.0000e+00,1.3129e+01,0.0000e+00,0.0000e+00,2.6013e+02,7.5201e+02,5.9395e+02,5.6971e+02,5.9418e+02,5.5251e+02,3.1323e+02,3.0792e+02,3.1175e+02,3.7511e+02,5.5107e+02,5.5051e+02,5.4997e+02,5.4464e+02,5.5000e+02,5.4471e+02,5.5180e+02,5.5054e+02,5.5093e+02,5.5130e+02,1.0000e+00,1.0000e+00,1.0000e+00,1.0000e+00,1.0000e+00,1.0000e+00,1.0000e+00,2.4915e-02,0.0000e+00,0.0000e+00,0.0000e+00,0.0000e+00,1.0872e+05,0.0000e+00,6.1583e+06,6.1087e+06,0.0000e+00,6.1645e+06,2.7088e-01,1.7933e-02,6.5221e-01,5.0231e-01,6.7193e-01
1.5250e+03,4.0766e+00,3.8194e+00,5.5374e+00,3.1931e+00,5.6503e+00,3.7619e+00,6.6916e+07,0.0000e+00,0.0000e+00,0.0000e+00,5.5768e+02,5.5895e+02,5.6252e+02,5.6432e+02,5.6624e+02,5.6805e+02,5.6978e+02,5.7155e+02,5.7215e+02,5.7363e+02,5.7135e+02,5.7167e+02,1.1389e+07,6.1068e+06,1.9983e+01,2.0430e+01,0.0000e+00,0.0000e+00,0.0000e+00,1.8554e+02,5.6896e+02,2.0227e+01,0.0000e+00,0.0000e+00,2.0129e+01,0.0000e+00,0.0000e+00,0.0000e+00,9.5276e+00,0.0000e+00,0.0000e+00,6.5384e+01,4.9962e+02,5.9389e+02,5.6963e+02,5.9412e+02,5.5245e+02,3.1326e+02,3.0792e+02,3.1177e+02,3.7509e+02,5.4988e+02,5.4985e+02,5.4930e+02,5.4389e+02,5.4933e+02,5.4412e+02,5.5068e+02,5.4989e+02,5.5028e+02,5.5078e+02,1.0000e+00,1.0000e+00,1.0000e+00,1.0000e+00,1.0000e+00,1.0000e+00,1.0000e+00,2.2000e-02,0.0000e+00,0.0000e+00,0.0000e+00,0.0000e+00,1.0865e+05,0.0000e+00,6.0940e+06,6.0456e+06,0.0000e+00,6.1035e+06,2.7107e-01,1.8536e-02,6.4046e-01,5.0239e-01,6.5144e-01
1.5300e+03,4.0766e+00,3.8194e+00,5.5374e+00,3.1739e+00,5.5688e+00,3.7097e+00,6.6835e+07,0.0000e+00,0.0000e+00,0.0000e+00,5.5763e+02,5.5890e+02,5.6247e+02,5.6426e+02,5.6619e+02,5.6799e+02,5.6973e+02,5.7149e+02,5.7209e+02,5.7357e+02,5.7128e+02,5.7160e+02,1.1378e+07,6.0582e+06,1.9495e+01,1.9431e+01,0.0000e+00,0.0000e+00,0.0000e+00,1.8561e+02,5.6723e+02,1.9929e+01,0.0000e+00,0.0000e+00,1.9824e+01,0.0000e+00,0.0000e+00,0.0000e+00,7.3015e+00,0.0000e+00,0.0000e+00,-8.5238e+02,1.5936e+02,5.9382e+02,5.6955e+02,5.9404e+02,5.5240e+02,3.1329e+02,3.0792e+02,3.1178e+02,3.7507e+02,5.4926e+02,5.4933e+02,5.4875e+02,5.4336e+02,5.4876e+02,5.4260e+02,5.4977e+02,5.4937e+02,5.4976e+02,5.5020e+02,1.0000e+00,1.0000e+00,1.0000e+00,1.0000e+00,1.0000e+00,1.0000e+00,1.0000e+00,1.9068e-02,0.0000e+00,0.0000e+00,0.0000e+00,0.0000e+00,1.0858e+05,0.0000e+00,6.0404e+06,5.9942e+06,0.0000e+00,6.0547e+06,2.7009e-01,1.8879e-02,6.4311e-01,5.0136e-01,6.3628e-01
1.5350e+03,4.0766e+00,3.8194e+00,5.5374e+00,3.1518e+00,5.4520e+00,3.7198e+00,6.6753e+07,0.0000e+00,0.0000e+00,0.0000e+00,5.5758e+02,5.5885e+02,5.6242e+02,5.6421e+02,5.6613e+02,5.6794e+02,5.6967e+02,5.7144e+02,5.7203e+02,5.7351e+02,5.7122e+02,5.7154e+02,1.1364e+07,6.0090e+06,1.8701e+01,1.8170e+01,0.0000e+00,0.0000e+00,0.0000e+00,1.8690e+02,5.6457e+02,1.9714e+01,0.0000e+00,0.0000e+00,1.9693e+01,0.0000e+00,0.0000e+00,0.0000e+00,-1.4859e+00,0.0000e+00,0.0000e+00,1.4943e+02,8.2462e+02,5.9373e+02,5.6947e+02,5.9396e+02,5.5234e+02,3.1333e+02,3.0792e+02,3.1180e+02,3.7505e+02,5.4873e+02,5.4880e+02,5.4820e+02,5.4249e+02,5.4818e+02,5.4294e+02,5.4887e+02,5.4883e+02,5.4922e+02,5.4974e+02,1.0000e+00,1.0000e+00,1.0000e+00,1.0000e+00,1.0000e+00,1.0000e+00,1.0000e+00,1.6130e-02,0.0000e+00,0.0000e+00,0.0000e+00,0.0000e+00,1.0850e+05,0.0000e+00,5.9874e+06,5.9423e+06,0.0000e+00,6.0056e+06,2.6664e-01,1.8765e-02,6.5692e-01,5.2890e-01,6.3375e-01
1.5400e+03,4.0766e+00,3.8194e+00,5.5374e+00,3.1259e+00,5.4408e+00,3.7178e+00,6.6673e+07,0.0000e+00,0.0000e+00,0.0000e+00,5.5751e+02,5.5878e+02,5.6236e+02,5.6415e+02,5.6607e+02,5.6788e+02,5.6961e+02,5.7138e+02,5.7198e+02,5.7345e+02,5.7116e+02,5.7148e+02,1.1349e+07,6.0195e+06,1.9448e+01,1.7999e+01,0.0000e+00,0.0000e+00,0.0000e+00,1.8744e+02,5.6410e+02,1.9904e+01,0.0000e+00,0.0000e+00,2.0089e+01,0.0000e+00,0.0000e+00,0.0000e+00,3.0613e+01,0.0000e+00,0.0000e+00,6.8707e+01,2.8784e+02,5.9363e+02,5.6941e+02,5.9385e+02,5.5228e+02,3.1336e+02,3.0792e+02,3.1181e+02,3.7503e+02,5.4910e+02,5.4891e+02,5.4832e+02,5.4242e+02,5.4834e+02,5.4318e+02,5.4919e+02,5.4895e+02,5.4934e+02,5.4937e+02,1.0000e+00,1.0000e+00,1.0000e+00,1.0000e+00,1.0000e+00,1.0000e+00,1.0000e+00,1.3204e-02,0.0000e+00,0.0000e+00,0.0000e+00,0.0000e+00,1.0842e+05,0.0000e+00,6.0038e+06,5.9554e+06,0.0000e+00,6.0162e+06,2.6936e-01,1.8054e-02,6.9373e-01,5.2628e-01,6.5221e-01
1.5450e+03,4.0766e+00,3.8194e+00,5.5374e+00,3.1085e+00,5.5672e+00,3.6689e+00,6.6592e+07,0.0000e+00,0.0000e+00,0.0000e+00,5.5744e+02,5.5871e+02,5.6228e+02,5.6408e+02,5.6600e+02,5.6781e+02,5.6954e+02,5.7131e+02,5.7191e+02,5.7338e+02,5.7110e+02,5.7142e+02,1.1340e+07,6.0532e+06,2.1845e+01,2.1160e+01,0.0000e+00,0.0000e+00,0.0000e+00,1.8747e+02,5.6489e+02,2.0205e+01,0.0000e+00,0.0000e+00,2.0308e+01,0.0000e+00,0.0000e+00,0.0000e+00,7.0202e+00,0.0000e+00,0.0000e+00,-2.7863e+02,2.5175e+02,5.9357e+02,5.6935e+02,5.9380e+02,5.5220e+02,3.1339e+02,3.0793e+02,3.1182e+02,3.7501e+02,5.4960e+02,5.4928e+02,5.4870e+02,5.4314e+02,5.4875e+02,5.4359e+02,5.4987e+02,5.4931e+02,5.4969e+02,5.4949e+02,1.0000e+00,1.0000e+00,1.0000e+00,1.0000e+00,1.0000e+00,1.0000e+00,1.0000e+00,1.0289e-02,0.0000e+00,0.0000e+00,0.0000e+00,0.0000e+00,1.0834e+05,0.0000e+00,6.0424e+06,5.9912e+06,0.0000e+00,6.0499e+06,2.7302e-01,1.7980e-02,7.0381e-01,5.0121e-01,6.9396e-01
1.5500e+03,4.0766e+00,3.8194e+00,5.5374e+00,3.0944e+00,5.4286e+00,3.6417e+00,6.6512e+07,0.0000e+00,0.0000e+00,0.0000e+00,5.5736e+02,5.5863e+02,5.6220e+02,5.6400e+02,5.6592e+02,5.6773e+02,5.6946e+02,5.7123e+02,5.7183e+02,5.7331e+02,5.7103e+02,5.7135e+02,1.1334e+07,6.0754e+06,2.0558e+01,2.1351e+01,0.0000e+00,0.0000e+00,0.0000e+00,1.8727e+02,5.6625e+02,2.0209e+01,0.0000e+00,0.0000e+00,2.0057e+01,0.0000e+00,0.0000e+00,0.0000e+00,2.1246e+01,0.0000e+00,0.0000e+00,1.4683e+02,2.5287e+02,5.9353e+02,5.6929e+02,5.9375e+02,5.5213e+02,3.1342e+02,3.0793e+02,3.1184e+02,3.7498e+02,5.5000e+02,5.4951e+02,5.4895e+02,5.4360e+02,5.4898e+02,5.4357e+02,5.5037e+02,5.4955e+02,5.4993e+02,5.4970e+02,1.0000e+00,1.0000e+00,1.0000e+00,1.0000e+00,1.0000e+00,1.0000e+00,1.0000e+00,7.3641e-03,0.0000e+00,0.0000e+00,0.0000e+00,0.0000e+00,1.0823e+05,0.0000e+00,6.0625e+06,6.0133e+06,0.0000e+00,6.0719e+06,2.7699e-01,1.8451e-02,6.7198e-01,4.8347e-01,7.1264e-01
1.5550e+03,4.0766e+00,3.8194e+00,5.5374e+00,3.0817e+00,5.5210e+00,3.7116e+00,6.6433e+07,0.0000e+00,0.0000e+00,0.0000e+00,5.5727e+02,5.5854e+02,5.6211e+02,5.6391e+02,5.6583e+02,5.6763e+02,5.6937e+02,5.7114e+02,5.7174e+02,5.7322e+02,5.7095e+02,5.7128e+02,1.1328e+07,6.0942e+06,1.9568e+01,2.0383e+01,0.0000e+00,0.0000e+00,0.0000e+00,1.8714e+02,5.6737e+02,2.0243e+01,0.0000e+00,0.0000e+00,2.0089e+01,0.0000e+00,0.0000e+00,0.0000e+00,2.4531e+01,0.0000e+00,0.0000e+00,2.2224e+02,9.3015e+01,5.9349e+02,5.6923e+02,5.9372e+02,5.5205e+02,3.1345e+02,3.0793e+02,3.1185e+02,3.7493e+02,5.5035e+02,5.4972e+02,5.4916e+02,5.4366e+02,5.4917e+02,5.4434e+02,5.5079e+02,5.4975e+02,5.5013e+02,5.4990e+02,1.0000e+00,1.0000e+00,1.0000e+00,1.0000e+00,1.0000e+00,1.0000e+00,1.0000e+00,4.4489e-03,0.0000e+00,0.0000e+00,0.0000e+00,0.0000e+00,1.0802e+05,0.0000e+00,6.0817e+06,6.0319e+06,0.0000e+00,6.0908e+06,2.7105e-01,1.8408e-02,6.4929e-01,5.0081e-01,6.9270e-01
1.5600e+03,4.0766e+00,3.8194e+00,5.5374e+00,3.0711e+00,5.5289e+00,3.6158e+00,6.6354e+07,0.0000e+00,0.0000e+00,0.0000e+00,5.5718e+02,5.5845e+02,5.6201e+02,5.6381e+02,5.6573e+02,5.6754e+02,5.6927e+02,5.7104e+02,5.7165e+02,5.7313e+02,5.7087e+02,5.7119e+02,1.1325e+07,6.1114e+06,1.8919e+01,1.8958e+01,0.0000e+00,0.0000e+00,0.0000e+00,1.8579e+02,5.6956e+02,2.0561e+01,0.0000e+00,0.0000e+00,2.0312e+01,0.0000e+00,0.0000e+00,0.0000e+00,1.8745e+01,0.0000e+00,0.0000e+00,1.0312e+02,1.0283e+02,5.9347e+02,5.6916e+02,5.9369e+02,5.5197e+02,3.1348e+02,3.0793e+02,3.1187e+02,3.7037e+02,5.5067e+02,5.4990e+02,5.4931e+02,5.4373e+02,5.4936e+02,5.4400e+02,5.5119e+02,5.4994e+02,5.5032e+02,5.5011e+02,1.0000e+00,1.0000e+00,1.0000e+00,1.0000e+00,1.0000e+00,1.0000e+00,9.9181e-01,9.8732e-03,0.0000e+00,0.0000e+00,0.0000e+00,0.0000e+00,9.1774e+04,0.0000e+00,6.0975e+06,6.0469e+06,0.0000e+00,6.1077e+06,2.7383e-01,1.8504e-02,6.5846e-01,5.0749e-01,6.7110e-01
1.5650e+03,4.0766e+00,3.8194e+00,5.5374e+00,3.0633e+00,5.5005e+00,3.5397e+00,6.6275e+07,0.0000e+00,0.0000e+00,0.0000e+00,5.5710e+02,5.5837e+02,5.6192e+02,5.6371e+02,5.6563e+02,5.6744e+02,5.6917e+02,5.7094e+02,5.7155e+02,5.7303e+02,5.7077e+02,5.7110e+02,1.1323e+07,6.1270e+06,2.0216e+01,1.9624e+01,0.0000e+00,0.0000e+00,0.0000e+00,1.8515e+02,5.7058e+02,2.0749e+01,0.0000e+00,0.0000e+00,2.0420e+01,0.0000e+00,0.0000e+00,0.0000e+00,2.0704e+01,0.0000e+00,0.0000e+00,6.0239e+01,9.9443e+01,5.9346e+02,5.6908e+02,5.9368e+02,5.5189e+02,3.1351e+02,3.0794e+02,3.1189e+02,3.7124e+02,5.5096e+02,5.5007e+02,5.4949e+02,5.4370e+02,5.4954e+02,5.4440e+02,5.5155e+02,5.5010e+02,5.5049e+02,5.5030e+02,1.0000e+00,1.0000e+00,1.0000e+00,1.0000e+00,1.0000e+00,1.0000e+00,9.4296e-01,5.6221e-02,0.0000e+00,0.0000e+00,0.0000e+00,0.0000e+00,9.4694e+04,0.0000e+00,6.1152e+06,6.0629e+06,0.0000e+00,6.1234e+06,2.7320e-01,1.8122e-02,6.8035e-01,5.2239e-01,6.6960e-01
1.5700e+03,4.0766e+00,3.8194e+00,5.5374e+00,3.0573e+00,5.4367e+00,3.6389e+00,6.6196e+07,0.0000e+00,0.0000e+00,0.0000e+00,5.5702e+02,5.5828e+02,5.6183e+02,5.6362e+02,5.6554e+02,5.6734e+02,5.6907e+02,5.7084e+02,5.7145e+02,5.7293e+02,5.7068e+02,5.7100e+02,1.1323e+07,6.1431e+06,2.0784e+01,2.0451e+01,0.0000e+00,0.0000e+00,0.0000e+00,1.8494e+02,5.7082e+02,2.0293e+01,0.0000e+00,0.0000e+00,2.0414e+01,0.0000e+00,0.0000e+00,0.0000e+00,2.5917e+01,0.0000e+00,0.0000e+00,2.1068e+02,-1.6615e+03,5.9346e+02,5.6899e+02,5.9368e+02,5.5183e+02,3.1354e+02,3.0795e+02,3.1191e+02,3.7257e+02,5.5127e+02,5.5024e+02,5.4968e+02,5.4414e+02,5.4973e+02,5.4487e+02,5.5192e+02,5.5028e+02,5.5066e+02,5.5047e+02,1.0000e+00,1.0000e+00,1.0000e+00,1.0000e+00,1.0000e+00,1.0000e+00,9.5225e-01,4.4229e-02,0.0000e+00,0.0000e+00,0.0000e+00,0.0000e+00,9.9353e+04,0.0000e+00,6.1338e+06,6.0811e+06,0.0000e+00,6.1398e+06,2.7473e-01,1.7548e-02,6.8654e-01,5.0063e-01,6.8741e-01
1.5750e+03,4.0766e+00,3.8194e+00,5.5374e+00,3.0505e+00,5.4706e+00,3.5441e+00,6.6118e+07,0.0000e+00,0.0000e+00,0.0000e+00,5.5695e+02,5.5821e+02,5.6175e+02,5.6354e+02,5.6545e+02,5.6725e+02,5.6898e+02,5.7074e+02,5.7135e+02,5.7283e+02,5.7058e+02,5.7091e+02,1.1320e+07,6.0835e+06,2.0705e+01,2.1750e+01,0.0000e+00,0.0000e+00,0.0000e+00,1.8560e+02,5.6908e+02,1.9941e+01,0.0000e+00,0.0000e+00,1.9997e+01,0.0000e+00,0.0000e+00,0.0000e+00,2.0046e+01,0.0000e+00,0.0000e+00,3.3920e+02,8.0973e+02,5.9344e+02,5.6890e+02,5.9366e+02,5.5176e+02,3.1358e+02,3.0795e+02,3.1192e+02,3.7235e+02,5.5010e+02,5.4960e+02,5.4901e+02,5.4360e+02,5.4903e+02,5.4372e+02,5.5083e+02,5.4964e+02,5.5002e+02,5.5044e+02,1.0000e+00,1.0000e+00,1.0000e+00,1.0000e+00,1.0000e+00,1.0000e+00,9.5098e-01,4.2822e-02,0.0000e+00,0.0000e+00,0.0000e+00,0.0000e+00,9.8545e+04,0.0000e+00,6.0656e+06,6.0169e+06,0.0000e+00,6.0801e+06,2.7170e-01,1.8150e-02,6.5838e-01,5.0689e-01,6.9130e-01
1.5800e+03,4.0766e+00,3.8194e+00,5.5374e+00,3.0326e+00,5.4628e+00,3.5713e+00,6.6040e+07,0.0000e+00,0.0000e+00,0.0000e+00,5.5689e+02,5.5815e+02,5.6169e+02,5.6348e+02,5.6539e+02,5.6718e+02,5.6891e+02,5.7067e+02,5.7127e+02,5.7275e+02,5.7049e+02,5.7082e+02,1.1309e+07,6.0260e+06,2.0035e+01,2.0554e+01,0.0000e+00,0.0000e+00,0.0000e+00,1.8651e+02,5.6573e+02,2.0174e+01,0.0000e+00,0.0000e+00,2.0030e+01,0.0000e+00,0.0000e+00,0.0000e+00,2.2833e+01,0.0000e+00,0.0000e+00,2.6320e+02,6.3451e+02,5.9336e+02,5.6880e+02,5.9359e+02,5.5170e+02,3.1361e+02,3.0796e+02,3.1194e+02,3.7215e+02,5.4896e+02,5.4898e+02,5.4836e+02,5.4287e+02,5.4827e+02,5.4309e+02,5.4976e+02,5.4902e+02,5.4940e+02,5.4989e+02,1.0000e+00,1.0000e+00,1.0000e+00,1.0000e+00,1.0000e+00,1.0000e+00,9.4960e-01,4.1550e-02,0.0000e+00,0.0000e+00,0.0000e+00,0.0000e+00,9.7844e+04,0.0000e+00,6.0101e+06,5.9589e+06,0.0000e+00,6.0223e+06,2.7186e-01,1.8297e-02,6.5145e-01,5.0900e-01,6.6436e-01
1.5850e+03,4.0766e+00,3.8194e+00,5.5374e+00,3.0095e+00,5.4506e+00,3.5640e+00,6.5963e+07,0.0000e+00,0.0000e+00,0.0000e+00,5.5683e+02,5.5810e+02,5.6164e+02,5.6342e+02,5.6533e+02,5.6713e+02,5.6885e+02,5.7061e+02,5.7121e+02,5.7268e+02,5.7042e+02,5.7074e+02,1.1293e+07,5.9782e+06,1.9127e+01,1.8954e+01,0.0000e+00,0.0000e+00,0.0000e+00,1.8681e+02,5.6299e+02,1.9771e+01,0.0000e+00,0.0000e+00,1.9959e+01,0.0000e+00,0.0000e+00,0.0000e+00,2.4808e+01,0.0000e+00,0.0000e+00,6.6463e+02,-1.9870e+03,5.9326e+02,5.6871e+02,5.9349e+02,5.5164e+02,3.1364e+02,3.0797e+02,3.1196e+02,3.7199e+02,5.4840e+02,5.4846e+02,5.4790e+02,5.4233e+02,5.4792e+02,5.4251e+02,5.4886e+02,5.4850e+02,5.4886e+02,5.4936e+02,1.0000e+00,1.0000e+00,1.0000e+00,1.0000e+00,1.0000e+00,1.0000e+00,9.4723e-01,4.1277e-02,0.0000e+00,0.0000e+00,0.0000e+00,0.0000e+00,9.7290e+04,0.0000e+00,5.9656e+06,5.9172e+06,0.0000e+00,5.9750e+06,2.7043e-01,1.7775e-02,6.5732e-01,5.0915e-01,6.4909e-01
1.5900e+03,4.0766e+00,3.8194e+00,5.5374e+00,2.9828e+00,5.5848e+00,3.5216e+00,6.5886e+07,0.0000e+00,0.0000e+00,0.0000e+00,5.5677e+02,5.5804e+02,5.6158e+02,5.6337e+02,5.6528e+02,5.6707e+02,5.6880e+02,5.7055e+02,5.7115e+02,5.7262e+02,5.7035e+02,5.7067e+02,1.1277e+07,5.9296e+06,1.8715e+01,1.7974e+01,0.0000e+00,0.0000e+00,0.0000e+00,1.8684e+02,5.6168e+02,1.9860e+01,0.0000e+00,0.0000e+00,1.9901e+01,0.0000e+00,0.0000e+00,0.0000e+00,1.9986e+01,0.0000e+00,0.0000e+00,2.9810e+02,9.1852e+02,5.9315e+02,5.6863e+02,5.9337e+02,5.5157e+02,3.1367e+02,3.0797e+02,3.1197e+02,3.7187e+02,5.4786e+02,5.4793e+02,5.4732e+02,5.4143e+02,5.4731e+02,5.4219e+02,5.4795e+02,5.4797e+02,5.4835e+02,5.4884e+02,1.0000e+00,1.0000e+00,1.0000e+00,1.0000e+00,1.0000e+00,1.0000e+00,9.4240e-01,4.3489e-02,0.0000e+00,0.0000e+00,0.0000e+00,0.0000e+00,9.6875e+04,0.0000e+00,5.9110e+06,5.8635e+06,0.0000e+00,5.9263e+06,2.6755e-01,1.8576e-02,6.7327e-01,5.3671e-01,6.4871e-01
1.5950e+03,4.0766e+00,3.8194e+00,5.5374e+00,2.9555e+00,5.3490e+00,3.5683e+00,6.5809e+07,0.0000e+00,0.0000e+00,0.0000e+00,5.5670e+02,5.5797e+02,5.6152e+02,5.6330e+02,5.6522e+02,5.6701e+02,5.6874e+02,5.7049e+02,5.7109e+02,5.7256e+02,5.7029e+02,5.7061e+02,1.1260e+07,5.9427e+06,1.9556e+01,1.8041e+01,0.0000e+00,0.0000e+00,0.0000e+00,1.8695e+02,5.6164e+02,1.9985e+01,0.0000e+00,0.0000e+00,1.9988e+01,0.0000e+00,0.0000e+00,0.0000e+00,2.0815e+01,0.0000e+00,0.0000e+00,-1.7176e+03,-1.9276e+03,5.9304e+02,5.6856e+02,5.9326e+02,5.5150e+02,3.1370e+02,3.0798e+02,3.1199e+02,3.7177e+02,5.4826e+02,5.4807e+02,5.4745e+02,5.4145e+02,5.4746e+02,5.4204e+02,5.4835e+02,5.4811e+02,5.4848e+02,5.4849e+02,1.0000e+00,1.0000e+00,1.0000e+00,1.0000e+00,1.0000e+00,1.0000e+00,9.3798e-01,4.5284e-02,0.0000e+00,0.0000e+00,0.0000e+00,0.0000e+00,9.6540e+04,0.0000e+00,5.9228e+06,5.8745e+06,0.0000e+00,5.9394e+06,2.7052e-01,1.8319e-02,7.1160e-01,5.3161e-01,6.6933e-01
1.6000e+03,4.0766e+00,3.8194e+00,5.5374e+00,2.9374e+00,5.4994e+00,3.4683e+00,6.5732e+07,0.0000e+00,0.0000e+00,0.0000e+00,5.5662e+02,5.5789e+02,5.6143e+02,5.6322e+02,5.6514e+02,5.6693e+02,5.6866e+02,5.7042e+02,5.7102e+02,5.7249e+02,5.7023e+02,5.7054e+02,1.1251e+07,5.9761e+06,2.2028e+01,2.1343e+01,0.0000e+00,0.0000e+00,0.0000e+00,1.8606e+02,5.6392e+02,2.0168e+01,0.0000e+00,0.0000e+00,2.0313e+01,0.0000e+00,0.0000e+00,0.0000e+00,2.8427e+01,0.0000e+00,0.0000e+00,6.0704e+00,4.0573e+02,5.9297e+02,5.6850e+02,5.9320e+02,5.5142e+02,3.1373e+02,3.0798e+02,3.1201e+02,3.7176e+02,5.4876e+02,5.4844e+02,5.4784e+02,5.4221e+02,5.4786e+02,5.4266e+02,5.4902e+02,5.4847e+02,5.4885e+02,5.4864e+02,1.0000e+00,1.0000e+00,1.0000e+00,1.0000e+00,1.0000e+00,1.0000e+00,9.3238e-01,4.8271e-02,0.0000e+00,0.0000e+00,0.0000e+00,0.0000e+00,9.6496e+04,0.0000e+00,5.9648e+06,5.9121e+06,0.0000e+00,5.9727e+06,2.7406e-01,1.7632e-02,7.1963e-01,5.0323e-01,7.1122e-01
1.6050e+03,4.0766e+00,3.8194e+00,5.5374e+00,2.9253e+00,5.3864e+00,3.4654e+00,6.5656e+07,0.0000e+00,0.0000e+00,0.0000e+00,5.5653e+02,5.5780e+02,5.6134e+02,5.6313e+02,5.6504e+02,5.6684e+02,5.6857e+02,5.7033e+02,5.7093e+02,5.7240e+02,5.7015e+02,5.7047e+02,1.1246e+07,5.9968e+06,2.0370e+01,2.1339e+01,0.0000e+00,0.0000e+00,0.0000e+00,1.8522e+02,5.6642e+02,2.0143e+01,0.0000e+00,0.0000e+00,1.9957e+01,0.0000e+00,0.0000e+00,0.0000e+00,1.1382e+01,0.0000e+00,0.0000e+00,-6.8362e+01,1.0673e+02,5.9294e+02,5.6844e+02,5.9317e+02,5.5134e+02,3.1376e+02,3.0799e+02,3.1202e+02,3.7168e+02,5.4914e+02,5.4866e+02,5.4806e+02,5.4258e+02,5.4808e+02,5.4217e+02,5.4950e+02,5.4870e+02,5.4908e+02,5.4886e+02,1.0000e+00,1.0000e+00,1.0000e+00,1.0000e+00,1.0000e+00,1.0000e+00,9.2812e-01,4.9929e-02,0.0000e+00,0.0000e+00,0.0000e+00,0.0000e+00,9.6203e+04,0.0000e+00,5.9799e+06,5.9302e+06,0.0000e+00,5.9933e+06,2.7321e-01,1.8500e-02,6.8173e-01,4.9483e-01,7.3012e-01
1.6100e+03,4.0766e+00,3.8194e+00,5.5374e+00,2.9161e+00,5.3772e+00,3.4979e+00,6.5580e+07,0.0000e+00,0.0000e+00,0.0000e+00,5.5644e+02,5.5770e+02,5.6124e+02,5.6303e+02,5.6494e+02,5.6674e+02,5.6847e+02,5.7022e+02,5.7083e+02,5.7230e+02,5.7007e+02,5.7039e+02,1.1244e+07,6.0162e+06,1.9991e+01,2.0784e+01,0.0000e+00,0.0000e+00,0.0000e+00,1.8486e+02,5.6817e+02,2.0009e+01,0.0000e+00,0.0000e+00,2.0140e+01,0.0000e+00,0.0000e+00,0.0000e+00,2.1957e+01,0.0000e+00,0.0000e+00,2.3321e+02,8.6771e+01,5.9293e+02,5.6837e+02,5.9315e+02,5.5126e+02,3.1379e+02,3.0799e+02,3.1204e+02,3.7223e+02,5.4951e+02,5.4887e+02,5.4830e+02,5.4270e+02,5.4829e+02,5.4342e+02,5.4995e+02,5.4891e+02,5.4929e+02,5.4905e+02,1.0000e+00,1.0000e+00,1.0000e+00,1.0000e+00,1.0000e+00,1.0000e+00,9.2794e-01,4.7445e-02,0.0000e+00,0.0000e+00,0.0000e+00,0.0000e+00,9.8141e+04,0.0000e+00,6.0053e+06,5.9534e+06,0.0000e+00,6.0129e+06,2.7238e-01,1.7605e-02,6.6707e-01,5.0413e-01,7.0901e-01
1.6150e+03,4.0766e+00,3.8194e+00,5.5374e+00,2.9085e+00,5.4139e+00,3.4358e+00,6.5505e+07,0.0000e+00,0.0000e+00,0.0000e+00,5.5635e+02,5.5761e+02,5.6114e+02,5.6292e+02,5.6483e+02,5.6663e+02,5.6836e+02,5.7012e+02,5.7073e+02,5.7220e+02,5.6997e+02,5.7029e+02,1.1243e+07,6.0330e+06,2.0111e+01,2.0290e+01,0.0000e+00,0.0000e+00,0.0000e+00,1.8479e+02,5.6904e+02,2.0229e+01,0.0000e+00,0.0000e+00,2.0644e+01,0.0000e+00,0.0000e+00,0.0000e+00,2.1967e+01,0.0000e+00,0.0000e+00,1.0959e+02,1.2186e+02,5.9292e+02,5.6829e+02,5.9315e+02,5.5118e+02,3.1382e+02,3.0800e+02,3.1206e+02,3.7201e+02,5.4983e+02,5.4906e+02,5.4850e+02,5.4288e+02,5.4856e+02,5.4228e+02,5.5034e+02,5.4909e+02,5.4947e+02,5.4926e+02,1.0000e+00,1.0000e+00,1.0000e+00,1.0000e+00,1.0000e+00,1.0000e+00,9.2712e-01,4.5639e-02,0.0000e+00,0.0000e+00,0.0000e+00,0.0000e+00,9.7347e+04,0.0000e+00,6.0365e+06,5.9758e+06,0.0000e+00,6.0295e+06,2.7255e-01,1.6867e-02,6.7047e-01,5.0502e-01,6.8812e-01
1.6200e+03,4.0766e+00,3.8194e+00,5.5374e+00,2.9001e+00,5.3971e+00,3.4989e+00,6.5430e+07,0.0000e+00,0.0000e+00,0.0000e+00,5.5626e+02,5.5752e+02,5.6104e+02,5.6283e+02,5.6473e+02,5.6653e+02,5.6825e+02,5.7001e+02,5.7062e+02,5.7210e+02,5.6987e+02,5.7020e+02,1.1240e+07,6.0489e+06,2.0212e+01,2.0197e+01,0.0000e+00,0.0000e+00,0.0000e+00,1.8582e+02,5.6782e+02,1.9894e+01,0.0000e+00,0.0000e+00,2.0280e+01,0.0000e+00,0.0000e+00,0.0000e+00,2.0053e+01,0.0000e+00,0.0000e+00,4.4648e+01,8.1466e+01,5.9290e+02,5.6820e+02,5.9313e+02,5.5110e+02,3.1385e+02,3.0800e+02,3.1207e+02,3.7187e+02,5.5014e+02,5.4923e+02,5.4867e+02,5.4304e+02,5.4867e+02,5.4391e+02,5.5072e+02,5.4926e+02,5.4964e+02,5.4946e+02,1.0000e+00,1.0000e+00,1.0000e+00,1.0000e+00,1.0000e+00,1.0000e+00,9.2428e-01,4.5843e-02,0.0000e+00,0.0000e+00,0.0000e+00,0.0000e+00,9.6886e+04,0.0000e+00,6.0403e+06,5.9876e+06,0.0000e+00,6.0456e+06,2.7263e-01,1.6475e-02,6.7253e-01,5.0612e-01,6.8377e-01
1.6250e+03,4.0766e+00,3.8194e+00,5.5374e+00,2.8908e+00,5.3966e+00,3.4676e+00,6.5356e+07,0.0000e+00,0.0000e+00,0.0000e+00,5.5618e+02,5.5744e+02,5.6096e+02,5.6274e+02,5.6464e+02,5.6643e+02,5.6816e+02,5.6991e+02,5.7052e+02,5.7199e+02,5.6977e+02,5.7009e+02,1.1237e+07,6.0640e+06,2.0107e+01,2.0068e+01,0.0000e+00,0.0000e+00,0.0000e+00,1.8594e+02,5.6699e+02,2.0436e+01,0.0000e+00,0.0000e+00,2.0223e+01,0.0000e+00,0.0000e+00,0.0000e+00,2.1810e+01,0.0000e+00,0.0000e+00,-2.4380e+02,6.4248e+01,5.9288e+02,5.6811e+02,5.9311e+02,5.5103e+02,3.1388e+02,3.0801e+02,3.1209e+02,3.7179e+02,5.5042e+02,5.4939e+02,5.4881e+02,5.4319e+02,5.4885e+02,5.4367e+02,5.5107e+02,5.4943e+02,5.4980e+02,5.4964e+02,1.0000e+00,1.0000e+00,1.0000e+00,1.0000e+00,1.0000e+00,1.0000e+00,9.2104e-01,4.6480e-02,0.0000e+00,0.0000e+00,0.0000e+00,0.0000e+00,9.6606e+04,0.0000e+00,6.0518e+06,6.0006e+06,0.0000e+00,6.0605e+06,2.7260e-01,1.8163e-02,6.7401e-01,5.0761e-01,6.8463e-01
1.6300e+03,4.0766e+00,3.8194e+00,5.5374e+00,2.8803e+00,5.5175e+00,3.4611e+00,6.5281e+07,0.0000e+00,0.0000e+00,0.0000e+00,5.5611e+02,5.5736e+02,5.6088e+02,5.6266e+02,5.6456e+02,5.6635e+02,5.6807e+02,5.6982e+02,5.7043e+02,5.7190e+02,5.6967e+02,5.7000e+02,1.1233e+07,6.0182e+06,2.0979e+01,2.1607e+01,0.0000e+00,0.0000e+00,0.0000e+00,1.8597e+02,5.6558e+02,1.9807e+01,0.0000e+00,0.0000e+00,2.0167e+01,0.0000e+00,0.0000e+00,0.0000e+00,1.8682e+01,0.0000e+00,0.0000e+00,3.6549e+02,8.5733e+02,5.9285e+02,5.6801e+02,5.9308e+02,5.5096e+02,3.1391e+02,3.0802e+02,3.1211e+02,3.7173e+02,5.4951e+02,5.4890e+02,5.4833e+02,5.4290e+02,5.4831e+02,5.4359e+02,5.5023e+02,5.4893e+02,5.4931e+02,5.4966e+02,1.0000e+00,1.0000e+00,1.0000e+00,1.0000e+00,1.0000e+00,1.0000e+00,9.1885e-01,4.6059e-02,0.0000e+00,0.0000e+00,0.0000e+00,0.0000e+00,9.6395e+04,0.0000e+00,6.0084e+06,5.9566e+06,0.0000e+00,6.0149e+06,2.7147e-01,1.7112e-02,6.6489e-01,5.0449e-01,6.8422e-01
1.6350e+03,4.0766e+00,3.8194e+00,5.5374e+00,2.8607e+00,5.4568e+00,3.4454e+00,6.5207e+07,0.0000e+00,0.0000e+00,0.0000e+00,5.5605e+02,5.5730e+02,5.6082e+02,5.6260e+02,5.6449e+02,5.6628e+02,5.6800e+02,5.6975e+02,5.7036e+02,5.7182e+02,5.6959e+02,5.6991e+02,1.1221e+07,5.9569e+06,1.9880e+01,2.0422e+01,0.0000e+00,0.0000e+00,0.0000e+00,1.8589e+02,5.6307e+02,2.0219e+01,0.0000e+00,0.0000e+00,1.9956e+01,0.0000e+00,0.0000e+00,0.0000e+00,1.4822e+01,0.0000e+00,0.0000e+00,-9.3091e+02,4.8383e+02,5.9277e+02,5.6791e+02,5.9300e+02,5.5089e+02,3.1395e+02,3.0802e+02,3.1212e+02,3.7172e+02,5.4828e+02,5.4823e+02,5.4765e+02,5.4215e+02,5.4769e+02,5.4255e+02,5.4908e+02,5.4827e+02,5.4864e+02,5.4915e+02,1.0000e+00,1.0000e+00,1.0000e+00,1.0000e+00,1.0000e+00,1.0000e+00,9.1592e-01,4.6385e-02,0.0000e+00,0.0000e+00,0.0000e+00,0.0000e+00,9.6346e+04,0.0000e+00,5.9441e+06,5.8942e+06,0.0000e+00,5.9534e+06,2.7163e-01,1.8311e-02,6.5069e-01,5.0463e-01,6.6640e-01
1.6400e+03,4.0766e+00,3.8194e+00,5.5374e+00,2.8362e+00,5.4211e+00,3.3992e+00,6.5133e+07,0.0000e+00,0.0000e+00,0.0000e+00,5.5599e+02,5.5724e+02,5.6076e+02,5.6254e+02,5.6444e+02,5.6622e+02,5.6794e+02,5.6969e+02,5.7029e+02,5.7175e+02,5.6951e+02,5.6983e+02,1.1205e+07,5.9087e+06,1.9427e+01,1.9458e+01,0.0000e+00,0.0000e+00,0.0000e+00,1.8586e+02,5.6097e+02,2.0094e+01,0.0000e+00,0.0000e+00,1.9745e+01,0.0000e+00,0.0000e+00,0.0000e+00,1.1697e+01,0.0000e+00,0.0000e+00,2.1136e+02,1.8262e+02,5.9267e+02,5.6782e+02,5.9290e+02,5.5083e+02,3.1398e+02,3.0803e+02,3.1214e+02,3.7163e+02,5.4763e+02,5.4770e+02,5.4709e+02,5.4161e+02,5.4712e+02,5.4188e+02,5.4816e+02,5.4774e+02,5.4812e+02,5.4864e+02,1.0000e+00,1.0000e+00,1.0000e+00,1.0000e+00,1.0000e+00,1.0000e+00,9.1208e-01,4.7617e-02,0.0000e+00,0.0000e+00,0.0000e+00,0.0000e+00,9.6038e+04,0.0000e+00,5.8925e+06,5.8442e+06,0.0000e+00,5.9051e+06,2.7118e-01,1.8314e-02,6.5295e-01,5.0317e-01,6.4986e-01
1.6450e+03,4.0766e+00,3.8194e+00,5.5374e+00,2.8114e+00,5.3499e+00,3.4018e+00,6.5060e+07,0.0000e+00,0.0000e+00,0.0000e+00,5.5592e+02,5.5718e+02,5.6070e+02,5.6248e+02,5.6438e+02,5.6616e+02,5.6788e+02,5.6963e+02,5.7023e+02,5.7169e+02,5.6945e+02,5.6976e+02,1.1190e+07,5.8639e+06,1.8454e+01,1.7820e+01,0.0000e+00,0.0000e+00,0.0000e+00,1.8483e+02,5.6101e+02,1.9776e+01,0.0000e+00,0.0000e+00,1.9795e+01,0.0000e+00,0.0000e+00,0.0000e+00,8.4116e+00,0.0000e+00,0.0000e+00,-7.5408e+02,-1.2577e+02,5.9256e+02,5.6774e+02,5.9279e+02,5.5076e+02,3.1400e+02,3.0803e+02,3.1215e+02,3.7157e+02,5.4714e+02,5.4721e+02,5.4661e+02,5.4076e+02,5.4663e+02,5.4140e+02,5.4731e+02,5.4724e+02,5.4762e+02,5.4808e+02,1.0000e+00,1.0000e+00,1.0000e+00,1.0000e+00,1.0000e+00,1.0000e+00,9.0909e-01,4.8017e-02,0.0000e+00,0.0000e+00,0.0000e+00,0.0000e+00,9.5839e+04,0.0000e+00,5.8478e+06,5.8003e+06,0.0000e+00,5.8608e+06,2.6725e-01,1.8265e-02,6.6633e-01,5.3069e-01,6.4608e-01
1.6500e+03,4.0766e+00,3.8194e+00,5.5374e+00,2.7873e+00,5.2703e+00,3.3071e+00,6.4987e+07,0.0000e+00,0.0000e+00,0.0000e+00,5.5585e+02,5.5711e+02,5.6063e+02,5.6241e+02,5.6431e+02,5.6610e+02,5.6782e+02,5.6957e+02,5.7017e+02,5.7163e+02,5.6938e+02,5.6970e+02,1.1175e+07,5.8458e+06,1.9124e+01,1.8002e+01,0.0000e+00,0.0000e+00,0.0000e+00,1.8451e+02,5.6141e+02,1.9964e+01,0.0000e+00,0.0000e+00,1.9778e+01,0.0000e+00,0.0000e+00,0.0000e+00,-3.8214e+00,0.0000e+00,0.0000e+00,-6.4287e+02,2.9195e+02,5.9247e+02,5.6767e+02,5.9270e+02,5.5068e+02,3.1403e+02,3.0804e+02,3.1217e+02,3.7153e+02,5.4707e+02,5.4700e+02,5.4633e+02,5.4039e+02,5.4637e+02,5.4100e+02,5.4714e+02,5.4704e+02,5.4742e+02,5.4767e+02,1.0000e+00,1.0000e+00,1.0000e+00,1.0000e+00,1.0000e+00,1.0000e+00,9.0570e-01,4.8819e-02,0.0000e+00,0.0000e+00,0.0000e+00,0.0000e+00,9.5690e+04,0.0000e+00,5.8237e+06,5.7763e+06,0.0000e+00,5.8420e+06,2.6971e-01,1.8157e-02,6.9748e-01,5.2815e-01,6.6259e-01
1.6550e+03,4.0766e+00,3.8194e+00,5.5374e+00,2.7708e+00,5.2407e+00,3.2820e+00,6.4914e+07,0.0000e+00,0.0000e+00,0.0000e+00,5.5576e+02,5.5702e+02,5.6054e+02,5.6233e+02,5.6423e+02,5.6602e+02,5.6774e+02,5.6949e+02,5.7009e+02,5.7155e+02,5.6931e+02,5.6963e+02,1.1167e+07,5.8876e+06,2.1499e+01,2.0412e+01,0.0000e+00,0.0000e+00,0.0000e+00,1.8443e+02,5.6301e+02,1.9770e+01,0.0000e+00,0.0000e+00,2.0323e+01,0.0000e+00,0.0000e+00,0.0000e+00,3.7501e+01,0.0000e+00,0.0000e+00,2.7759e+02,1.8045e+02,5.9241e+02,5.6760e+02,5.9264e+02,5.5061e+02,3.1406e+02,3.0804e+02,3.1218e+02,3.7151e+02,5.4775e+02,5.4747e+02,5.4689e+02,5.4114e+02,5.4691e+02,5.4148e+02,5.4795e+02,5.4750e+02,5.4788e+02,5.4772e+02,1.0000e+00,1.0000e+00,1.0000e+00,1.0000e+00,1.0000e+00,1.0000e+00,9.0300e-01,4.8933e-02,0.0000e+00,0.0000e+00,0.0000e+00,0.0000e+00,9.5620e+04,0.0000e+00,5.8828e+06,5.8276e+06,0.0000e+00,5.8845e+06,2.7267e-01,1.6225e-02,7.2047e-01,5.0817e-01,6.9786e-01
1.6600e+03,4.0766e+00,3.8194e+00,5.5374e+00,2.7593e+00,5.2575e+00,3.3562e+00,6.4841e+07,0.0000e+00,0.0000e+00,0.0000e+00,5.5567e+02,5.5694e+02,5.6045e+02,5.6223e+02,5.6413e+02,5.6592e+02,5.6764e+02,5.6939e+02,5.7000e+02,5.7146e+02,5.6924e+02,5.6955e+02,1.1163e+07,5.9106e+06,2.0613e+01,2.1294e+01,0.0000e+00,0.0000e+00,0.0000e+00,1.8533e+02,5.6334e+02,2.0199e+01,0.0000e+00,0.0000e+00,1.9925e+01,0.0000e+00,0.0000e+00,0.0000e+00,1.3070e+01,0.0000e+00,0.0000e+00,-1.8515e+02,-7.7701e+02,5.9238e+02,5.6754e+02,5.9261e+02,5.5052e+02,3.1409e+02,3.0805e+02,3.1220e+02,3.7146e+02,5.4815e+02,5.4772e+02,5.4713e+02,5.4170e+02,5.4718e+02,5.4187e+02,5.4847e+02,5.4776e+02,5.4814e+02,5.4792e+02,1.0000e+00,1.0000e+00,1.0000e+00,1.0000e+00,1.0000e+00,1.0000e+00,9.0089e-01,4.8457e-02,0.0000e+00,0.0000e+00,0.0000e+00,0.0000e+00,9.5452e+04,0.0000e+00,5.8981e+06,5.8475e+06,0.0000e+00,5.9073e+06,2.7410e-01,1.8042e-02,6.8729e-01,4.8571e-01,7.2763e-01
1.6650e+03,4.0766e+00,3.8194e+00,5.5374e+00,2.7474e+00,5.2507e+00,3.3657e+00,6.4769e+07,0.0000e+00,0.0000e+00,0.0000e+00,5.5558e+02,5.5684e+02,5.6035e+02,5.6213e+02,5.6403e+02,5.6582e+02,5.6754e+02,5.6930e+02,5.6990e+02,5.7137e+02,5.6915e+02,5.6947e+02,1.1158e+07,5.9320e+06,1.9758e+01,2.0710e+01,0.0000e+00,0.0000e+00,0.0000e+00,1.8575e+02,5.6384e+02,1.9855e+01,0.0000e+00,0.0000e+00,1.9873e+01,0.0000e+00,0.0000e+00,0.0000e+00,2.2133e+01,0.0000e+00,0.0000e+00,2.0116e+02,3.1308e+02,5.9235e+02,5.6747e+02,5.9258e+02,5.5043e+02,3.1412e+02,3.0805e+02,3.1222e+02,3.7142e+02,5.4857e+02,5.4795e+02,5.4736e+02,5.4177e+02,5.4738e+02,5.4157e+02,5.4896e+02,5.4799e+02,5.4836e+02,5.4812e+02,1.0000e+00,1.0000e+00,1.0000e+00,1.0000e+00,1.0000e+00,1.0000e+00,8.9730e-01,4.9454e-02,0.0000e+00,0.0000e+00,0.0000e+00,0.0000e+00,9.5297e+04,0.0000e+00,5.9148e+06,5.8667e+06,0.0000e+00,5.9286e+06,2.7216e-01,1.7776e-02,6.6374e-01,5.0180e-01,7.1258e-01
1.6700e+03,4.0766e+00,3.8194e+00,5.5374e+00,2.7357e+00,5.3100e+00,3.2691e+00,6.4697e+07,0.0000e+00,0.0000e+00,0.0000e+00,5.5548e+02,5.5675e+02,5.6025e+02,5.6203e+02,5.6393e+02,5.6572e+02,5.6744e+02,5.6919e+02,5.6980e+02,5.7127e+02,5.6905e+02,5.6938e+02,1.1153e+07,5.9483e+06,2.0006e+01,2.0224e+01,0.0000e+00,0.0000e+00,0.0000e+00,1.8557e+02,5.6435e+02,2.0017e+01,0.0000e+00,0.0000e+00,1.9993e+01,0.0000e+00,0.0000e+00,0.0000e+00,2.1863e+01,0.0000e+00,0.0000e+00,1.0736e+02,2.1369e+02,5.9232e+02,5.6739e+02,5.9255e+02,5.5035e+02,3.1415e+02,3.0806e+02,3.1223e+02,3.7204e+02,5.4888e+02,5.4813e+02,5.4754e+02,5.4195e+02,5.4754e+02,5.4249e+02,5.4935e+02,5.4817e+02,5.4854e+02,5.4834e+02,1.0000e+00,1.0000e+00,1.0000e+00,1.0000e+00,1.0000e+00,1.0000e+00,8.9369e-01,5.0483e-02,0.0000e+00,0.0000e+00,0.0000e+00,0.0000e+00,9.7461e+04,0.0000e+00,5.9351e+06,5.8843e+06,0.0000e+00,5.9449e+06,2.7230e-01,1.8135e-02,6.6824e-01,5.0230e-01,6.8899e-01
1.6750e+03,4.0766e+00,3.8194e+00,5.5374e+00,2.7243e+00,5.2817e+00,3.3291e+00,6.4625e+07,0.0000e+00,0.0000e+00,0.0000e+00,5.5539e+02,5.5665e+02,5.6016e+02,5.6193e+02,5.6383e+02,5.6562e+02,5.6734e+02,5.6909e+02,5.6970e+02,5.7117e+02,5.6896e+02,5.6928e+02,1.1149e+07,5.9641e+06,2.0053e+01,2.0150e+01,0.0000e+00,0.0000e+00,0.0000e+00,1.8537e+02,5.6435e+02,2.0086e+01,0.0000e+00,0.0000e+00,1.9933e+01,0.0000e+00,0.0000e+00,0.0000e+00,1.8864e+01,0.0000e+00,0.0000e+00,-5.2454e+02,7.1161e+01,5.9229e+02,5.6730e+02,5.9252e+02,5.5026e+02,3.1418e+02,3.0806e+02,3.1225e+02,3.7191e+02,5.4918e+02,5.4831e+02,5.4771e+02,5.4219e+02,5.4775e+02,5.4098e+02,5.4973e+02,5.4834e+02,5.4871e+02,5.4853e+02,1.0000e+00,1.0000e+00,1.0000e+00,1.0000e+00,1.0000e+00,1.0000e+00,8.9537e-01,4.6162e-02,0.0000e+00,0.0000e+00,0.0000e+00,0.0000e+00,9.7011e+04,0.0000e+00,5.9484e+06,5.8997e+06,0.0000e+00,5.9606e+06,2.7218e-01,1.8483e-02,6.6787e-01,4.9772e-01,6.8240e-01
1.6800e+03,4.0766e+00,3.8194e+00,5.5374e+00,2.7132e+00,5.3653e+00,3.1800e+00,6.4554e+07,0.0000e+00,0.0000e+00,0.0000e+00,5.5531e+02,5.5657e+02,5.6006e+02,5.6184e+02,5.6374e+02,5.6552e+02,5.6724e+02,5.6899e+02,5.6960e+02,5.7107e+02,5.6886e+02,5.6918e+02,1.1145e+07,5.9817e+06,1.9920e+01,2.0006e+01,0.0000e+00,0.0000e+00,0.0000e+00,1.8512e+02,5.6420e+02,2.0064e+01,0.0000e+00,0.0000e+00,2.0007e+01,0.0000e+00,0.0000e+00,0.0000e+00,1.9475e+01,0.0000e+00,0.0000e+00,-1.0910e+02,4.1032e+02,5.9226e+02,5.6720e+02,5.9249e+02,5.5019e+02,3.1421e+02,3.0807e+02,3.1226e+02,3.7157e+02,5.4952e+02,5.4850e+02,5.4790e+02,5.4232e+02,5.4793e+02,5.4142e+02,5.5014e+02,5.4854e+02,5.4890e+02,5.4870e+02,1.0000e+00,1.0000e+00,1.0000e+00,1.0000e+00,1.0000e+00,1.0000e+00,8.9399e-01,4.4924e-02,0.0000e+00,0.0000e+00,0.0000e+00,0.0000e+00,9.5848e+04,0.0000e+00,5.9656e+06,5.9165e+06,0.0000e+00,5.9782e+06,2.7216e-01,1.8426e-02,6.6676e-01,5.0344e-01,6.8082e-01
1.6850e+03,4.0766e+00,3.8194e+00,5.5374e+00,2.7033e+00,5.2691e+00,3.2553e+00,6.4483e+07,0.0000e+00,0.0000e+00,0.0000e+00,5.5523e+02,5.5649e+02,5.5998e+02,5.6175e+02,5.6365e+02,5.6543e+02,5.6715e+02,5.6889e+02,5.6950e+02,5.7097e+02,5.6876e+02,5.6908e+02,1.1141e+07,5.9639e+06,2.0730e+01,2.1143e+01,0.0000e+00,0.0000e+00,0.0000e+00,1.8406e+02,5.6476e+02,1.9877e+01,0.0000e+00,0.0000e+00,1.9900e+01,0.0000e+00,0.0000e+00,0.0000e+00,1.0800e+01,0.0000e+00,0.0000e+00,6.2369e+00,3.1008e+02,5.9224e+02,5.6711e+02,5.9247e+02,5.5012e+02,3.1424e+02,3.0807e+02,3.1228e+02,3.7139e+02,5.4916e+02,5.4830e+02,5.4772e+02,5.4230e+02,5.4775e+02,5.4167e+02,5.4985e+02,5.4834e+02,5.4871e+02,5.4882e+02,1.0000e+00,1.0000e+00,1.0000e+00,1.0000e+00,1.0000e+00,1.0000e+00,8.9037e-01,4.5959e-02,0.0000e+00,0.0000e+00,0.0000e+00,0.0000e+00,9.5225e+04,0.0000e+00,5.9495e+06,5.9008e+06,0.0000e+00,5.9605e+06,2.7113e-01,1.8394e-02,6.6654e-01,5.0259e-01,6.7971e-01
1.6900e+03,4.0766e+00,3.8194e+00,5.5374e+00,2.6885e+00,5.2174e+00,3.2392e+00,6.4412e+07,0.0000e+00,0.0000e+00,0.0000e+00,5.5517e+02,5.5642e+02,5.5991e+02,5.6168e+02,5.6357e+02,5.6535e+02,5.6707e+02,5.6881e+02,5.6942e+02,5.7088e+02,5.6867e+02,5.6899e+02,1.1133e+07,5.8892e+06,1.9802e+01,2.0322e+01,0.0000e+00,0.0000e+00,0.0000e+00,1.8351e+02,5.6338e+02,1.9934e+01,0.0000e+00,0.0000e+00,1.9926e+01,0.0000e+00,0.0000e+00,0.0000e+00,1.0295e+01,0.0000e+00,0.0000e+00,3.0370e+02,5.7516e+02,5.9218e+02,5.6701e+02,5.9241e+02,5.5006e+02,3.1427e+02,3.0808e+02,3.1229e+02,3.7127e+02,5.4765e+02,5.4749e+02,5.4690e+02,5.4142e+02,5.4691e+02,5.4187e+02,5.4843e+02,5.4752e+02,5.4790e+02,5.4843e+02,1.0000e+00,1.0000e+00,1.0000e+00,1.0000e+00,1.0000e+00,1.0000e+00,8.8741e-01,4.6365e-02,0.0000e+00,0.0000e+00,0.0000e+00,0.0000e+00,9.4784e+04,0.0000e+00,5.8771e+06,5.8267e+06,0.0000e+00,5.8859e+06,2.7135e-01,1.8261e-02,6.4740e-01,5.0054e-01,6.6709e-01
1.6950e+03,4.0766e+00,3.8194e+00,5.5374e+00,2.6692e+00,5.1658e+00,3.1865e+00,6.4341e+07,0.0000e+00,0.0000e+00,0.0000e+00,5.5511e+02,5.5636e+02,5.5985e+02,5.6162e+02,5.6351e+02,5.6529e+02,5.6700e+02,5.6874e+02,5.6934e+02,5.7080e+02,5.6858e+02,5.6890e+02,1.1122e+07,5.8408e+06,1.9884e+01,1.9911e+01,0.0000e+00,0.0000e+00,0.0000e+00,1.8347e+02,5.6154e+02,1.9771e+01,0.0000e+00,0.0000e+00,1.9776e+01,0.0000e+00,0.0000e+00,0.0000e+00,1.2906e+01,0.0000e+00,0.0000e+00,1.3585e+02,3.7484e+02,5.9210e+02,5.6692e+02,5.9233e+02,5.4999e+02,3.1430e+02,3.0808e+02,3.1231e+02,3.7118e+02,5.4688e+02,5.4695e+02,5.4633e+02,5.4087e+02,5.4626e+02,5.4113e+02,5.4749e+02,5.4699e+02,5.4736e+02,5.4784e+02,1.0000e+00,1.0000e+00,1.0000e+00,1.0000e+00,1.0000e+00,1.0000e+00,8.8315e-01,4.8063e-02,0.0000e+00,0.0000e+00,0.0000e+00,0.0000e+00,9.4483e+04,0.0000e+00,5.8258e+06,5.7749e+06,0.0000e+00,5.8374e+06,2.7175e-01,1.8000e-02,6.4913e-01,4.9950e-01,6.4736e-01
1.7000e+03,4.0766e+00,3.8194e+00,5.5374e+00,2.6488e+00,5.0109e+00,3.1211e+00,6.4272e+07,0.0000e+00,0.0000e+00,0.0000e+00,5.5505e+02,5.5630e+02,5.5979e+02,5.6156e+02,5.6345e+02,5.6522e+02,5.6693e+02,5.6867e+02,5.6928e+02,5.7073e+02,5.6851e+02,5.6883e+02,1.1109e+07,5.7950e+06,1.8190e+01,1.7755e+01,0.0000e+00,0.0000e+00,0.0000e+00,1.8397e+02,5.5979e+02,1.9330e+01,0.0000e+00,0.0000e+00,1.9352e+01,0.0000e+00,0.0000e+00,0.0000e+00,4.6414e+01,0.0000e+00,0.0000e+00,6.0058e+02,-1.8331e+03,5.9202e+02,5.6683e+02,5.9225e+02,5.4993e+02,3.1433e+02,3.0809e+02,3.1232e+02,3.7119e+02,5.4637e+02,5.4644e+02,5.4584e+02,5.4010e+02,5.4583e+02,5.4038e+02,5.4661e+02,5.4648e+02,5.4688e+02,5.4735e+02,1.0000e+00,1.0000e+00,1.0000e+00,1.0000e+00,1.0000e+00,1.0000e+00,8.8006e-01,4.8602e-02,0.0000e+00,0.0000e+00,0.0000e+00,0.0000e+00,9.4512e+04,0.0000e+00,5.7727e+06,5.7290e+06,0.0000e+00,5.7919e+06,2.6739e-01,1.7967e-02,6.5845e-01,5.2116e-01,6.4214e-01
1.7050e+03,4.0766e+00,3.8194e+00,5.5374e+00,2.6233e+00,5.2280e+00,3.2195e+00,6.4202e+07,0.0000e+00,0.0000e+00,0.0000e+00,5.5498e+02,5.5623e+02,5.5973e+02,5.6150e+02,5.6339e+02,5.6516e+02,5.6687e+02,5.6861e+02,5.6921e+02,5.7067e+02,5.6844e+02,5.6876e+02,1.1092e+07,5.7586e+06,1.9272e+01,1.8242e+01,0.0000e+00,0.0000e+00,0.0000e+00,1.8515e+02,5.5770e+02,1.9342e+01,0.0000e+00,0.0000e+00,1.9352e+01,0.0000e+00,0.0000e+00,0.0000e+00,2.9275e+01,0.0000e+00,0.0000e+00,5.8825e+02,4.7805e+02,5.9191e+02,5.6675e+02,5.9214e+02,5.4986e+02,3.1436e+02,3.0809e+02,3.1234e+02,3.7197e+02,5.4601e+02,5.4603e+02,5.4538e+02,5.3955e+02,5.4536e+02,5.3961e+02,5.4607e+02,5.4607e+02,5.4644e+02,5.4686e+02,1.0000e+00,1.0000e+00,1.0000e+00,1.0000e+00,1.0000e+00,1.0000e+00,8.8172e-01,4.4320e-02,0.0000e+00,0.0000e+00,0.0000e+00,0.0000e+00,9.7236e+04,0.0000e+00,5.7321e+06,5.6886e+06,0.0000e+00,5.7553e+06,2.6814e-01,1.7682e-02,6.8505e-01,5.2278e-01,6.5354e-01
1.7100e+03,4.0766e+00,3.8194e+00,5.5374e+00,2.6019e+00,5.0812e+00,3.2477e+00,6.4132e+07,0.0000e+00,0.0000e+00,0.0000e+00,5.5490e+02,5.5615e+02,5.5965e+02,5.6142e+02,5.6331e+02,5.6509e+02,5.6680e+02,5.6854e+02,5.6914e+02,5.7060e+02,5.6838e+02,5.6869e+02,1.1081e+07,5.8057e+06,2.0731e+01,1.9488e+01,0.0000e+00,0.0000e+00,0.0000e+00,1.8541e+02,5.5823e+02,2.0058e+01,0.0000e+00,0.0000e+00,1.9863e+01,0.0000e+00,0.0000e+00,0.0000e+00,2.0644e+01,0.0000e+00,0.0000e+00,8.6597e+01,-1.2915e+03,5.9183e+02,5.6668e+02,5.9206e+02,5.4978e+02,3.1438e+02,3.0809e+02,3.1235e+02,3.7140e+02,5.4683e+02,5.4656e+02,5.4594e+02,5.4019e+02,5.4598e+02,5.4064e+02,5.4699e+02,5.4660e+02,5.4697e+02,5.4685e+02,1.0000e+00,1.0000e+00,1.0000e+00,1.0000e+00,1.0000e+00,1.0000e+00,8.8076e-01,4.2693e-02,0.0000e+00,0.0000e+00,0.0000e+00,0.0000e+00,9.5258e+04,0.0000e+00,5.7900e+06,5.7402e+06,0.0000e+00,5.8024e+06,2.7164e-01,1.7891e-02,7.1335e-01,5.0802e-01,6.8510e-01
1.7150e+03,4.0766e+00,3.8194e+00,5.5374e+00,2.5862e+00,5.1529e+00,3.0726e+00,6.4063e+07,0.0000e+00,0.0000e+00,0.0000e+00,5.5481e+02,5.5607e+02,5.5956e+02,5.6133e+02,5.6323e+02,5.6501e+02,5.6672e+02,5.6846e+02,5.6906e+02,5.7052e+02,5.6830e+02,5.6862e+02,1.1073e+07,5.8314e+06,2.1070e+01,2.1485e+01,0.0000e+00,0.0000e+00,0.0000e+00,1.8523e+02,5.5937e+02,1.9831e+01,0.0000e+00,0.0000e+00,1.9965e+01,0.0000e+00,0.0000e+00,0.0000e+00,2.3716e+01,0.0000e+00,0.0000e+00,2.4679e+02,4.3282e+02,5.9178e+02,5.6662e+02,5.9201e+02,5.4969e+02,3.1441e+02,3.0810e+02,3.1237e+02,3.7175e+02,5.4727e+02,5.4685e+02,5.4627e+02,5.4082e+02,5.4632e+02,5.4110e+02,5.4757e+02,5.4688e+02,5.4725e+02,5.4703e+02,1.0000e+00,1.0000e+00,1.0000e+00,1.0000e+00,1.0000e+00,1.0000e+00,8.7996e-01,4.0897e-02,0.0000e+00,0.0000e+00,0.0000e+00,0.0000e+00,9.6471e+04,0.0000e+00,5.8227e+06,5.7709e+06,0.0000e+00,5.8283e+06,2.7341e-01,1.7376e-02,6.8748e-01,4.8316e-01,7.1992e-01
1.7200e+03,4.0766e+00,3.8194e+00,5.5374e+00,2.5723e+00,5.2021e+00,3.0557e+00,6.3994e+07,0.0000e+00,0.0000e+00,0.0000e+00,5.5472e+02,5.5597e+02,5.5947e+02,5.6124e+02,5.6313e+02,5.6491e+02,5.6663e+02,5.6837e+02,5.6898e+02,5.7043e+02,5.6823e+02,5.6854e+02,1.1067e+07,5.8502e+06,1.9481e+01,2.0584e+01,0.0000e+00,0.0000e+00,0.0000e+00,1.8503e+02,5.6054e+02,2.0175e+01,0.0000e+00,0.0000e+00,1.9796e+01,0.0000e+00,0.0000e+00,0.0000e+00,2.1250e+01,0.0000e+00,0.0000e+00,1.0172e+02,2.3994e+02,5.9174e+02,5.6655e+02,5.9197e+02,5.4960e+02,3.1444e+02,3.0810e+02,3.1238e+02,3.7176e+02,5.4763e+02,5.4705e+02,5.4647e+02,5.4097e+02,5.4651e+02,5.4130e+02,5.4801e+02,5.4709e+02,5.4746e+02,5.4725e+02,1.0000e+00,1.0000e+00,1.0000e+00,1.0000e+00,1.0000e+00,1.0000e+00,8.8177e-01,3.6464e-02,0.0000e+00,0.0000e+00,0.0000e+00,0.0000e+00,9.6483e+04,0.0000e+00,5.8385e+06,5.7884e+06,0.0000e+00,5.8467e+06,2.7164e-01,1.7833e-02,6.5738e-01,4.9207e-01,7.1021e-01
1.7250e+03,4.0766e+00,3.8194e+00,5.5374e+00,2.5592e+00,5.1698e+00,3.1542e+00,6.3925e+07,0.0000e+00,0.0000e+00,0.0000e+00,5.5462e+02,5.5588e+02,5.5936e+02,5.6114e+02,5.6303e+02,5.6481e+02,5.6652e+02,5.6827e+02,5.6888e+02,5.7034e+02,5.6814e+02,5.6846e+02,1.1062e+07,5.8669e+06,1.9858e+01,2.0210e+01,0.0000e+00,0.0000e+00,0.0000e+00,1.8436e+02,5.6197e+02,1.9792e+01,0.0000e+00,0.0000e+00,1.9702e+01,0.0000e+00,0.0000e+00,0.0000e+00,1.9858e+01,0.0000e+00,0.0000e+00,-1.7306e+02,1.2847e+02,5.9170e+02,5.6647e+02,5.9193e+02,5.4951e+02,3.1447e+02,3.0811e+02,3.1240e+02,3.7218e+02,5.4795e+02,5.4724e+02,5.4664e+02,5.4109e+02,5.4666e+02,5.4135e+02,5.4842e+02,5.4728e+02,5.4764e+02,5.4746e+02,1.0000e+00,1.0000e+00,1.0000e+00,1.0000e+00,1.0000e+00,1.0000e+00,8.8093e-01,3.4694e-02,0.0000e+00,0.0000e+00,0.0000e+00,0.0000e+00,9.7970e+04,0.0000e+00,5.8518e+06,5.8025e+06,0.0000e+00,5.8636e+06,2.7131e-01,1.7914e-02,6.5851e-01,4.9793e-01,6.8387e-01
1.7300e+03,4.0766e+00,3.8194e+00,5.5374e+00,2.5491e+00,5.2255e+00,3.1082e+00,6.3856e+07,0.0000e+00,0.0000e+00,0.0000e+00,5.5452e+02,5.5578e+02,5.5926e+02,5.6103e+02,5.6292e+02,5.6470e+02,5.6642e+02,5.6816e+02,5.6877e+02,5.7023e+02,5.6804e+02,5.6836e+02,1.1060e+07,5.8853e+06,1.9778e+01,1.9751e+01,0.0000e+00,0.0000e+00,0.0000e+00,1.8319e+02,5.6371e+02,2.0142e+01,0.0000e+00,0.0000e+00,1.9856e+01,0.0000e+00,0.0000e+00,0.0000e+00,1.1832e+01,0.0000e+00,0.0000e+00,-1.5961e+02,2.7355e+02,5.9168e+02,5.6639e+02,5.9192e+02,5.4942e+02,3.1450e+02,3.0811e+02,3.1241e+02,3.7192e+02,5.4831e+02,5.4744e+02,5.4686e+02,5.4131e+02,5.4691e+02,5.4183e+02,5.4885e+02,5.4748e+02,5.4784e+02,5.4763e+02,1.0000e+00,1.0000e+00,1.0000e+00,1.0000e+00,1.0000e+00,1.0000e+00,8.8018e-01,3.2832e-02,0.0000e+00,0.0000e+00,0.0000e+00,0.0000e+00,9.7042e+04,0.0000e+00,5.8747e+06,5.8239e+06,0.0000e+00,5.8819e+06,2.7189e-01,1.7587e-02,6.6325e-01,4.9618e-01,6.7460e-01
1.7350e+03,4.0766e+00,3.8194e+00,5.5374e+00,2.5411e+00,5.1389e+00,3.0877e+00,6.3788e+07,0.0000e+00,0.0000e+00,0.0000e+00,5.5443e+02,5.5568e+02,5.5916e+02,5.6093e+02,5.6282e+02,5.6460e+02,5.6631e+02,5.6805e+02,5.6867e+02,5.7013e+02,5.6794e+02,5.6826e+02,1.1059e+07,5.9013e+06,1.9887e+01,1.9870e+01,0.0000e+00,0.0000e+00,0.0000e+00,1.8275e+02,5.6439e+02,2.0087e+01,0.0000e+00,0.0000e+00,1.9833e+01,0.0000e+00,0.0000e+00,0.0000e+00,1.7992e+01,0.0000e+00,0.0000e+00,1.6467e+02,1.8097e+02,5.9168e+02,5.6630e+02,5.9191e+02,5.4935e+02,3.1453e+02,3.0811e+02,3.1242e+02,3.7165e+02,5.4863e+02,5.4762e+02,5.4703e+02,5.4149e+02,5.4707e+02,5.4193e+02,5.4924e+02,5.4765e+02,5.4802e+02,5.4780e+02,1.0000e+00,1.0000e+00,1.0000e+00,1.0000e+00,1.0000e+00,1.0000e+00,8.8029e-01,3.0113e-02,0.0000e+00,0.0000e+00,0.0000e+00,0.0000e+00,9.6122e+04,0.0000e+00,5.8880e+06,5.8380e+06,0.0000e+00,5.8980e+06,2.7190e-01,1.7899e-02,6.6331e-01,4.9659e-01,6.7620e-01
1.7400e+03,4.0766e+00,3.8194e+00,5.5374e+00,2.5347e+00,5.1765e+00,3.0448e+00,6.3720e+07,0.0000e+00,0.0000e+00,0.0000e+00,5.5435e+02,5.5560e+02,5.5907e+02,5.6084e+02,5.6272e+02,5.6450e+02,5.6621e+02,5.6795e+02,5.6856e+02,5.7002e+02,5.6784e+02,5.6816e+02,1.1059e+07,5.9143e+06,1.9886e+01,1.9977e+01,0.0000e+00,0.0000e+00,0.0000e+00,1.8263e+02,5.6434e+02,1.9641e+01,0.0000e+00,0.0000e+00,2.0170e+01,0.0000e+00,0.0000e+00,0.0000e+00,2.3314e+01,0.0000e+00,0.0000e+00,1.2144e+02,1.9766e+02,5.9168e+02,5.6621e+02,5.9191e+02,5.4928e+02,3.1455e+02,3.0812e+02,3.1244e+02,3.7215e+02,5.4889e+02,5.4776e+02,5.4722e+02,5.4164e+02,5.4720e+02,5.4171e+02,5.4955e+02,5.4780e+02,5.4816e+02,5.4799e+02,1.0000e+00,1.0000e+00,1.0000e+00,1.0000e+00,1.0000e+00,1.0000e+00,8.7896e-01,2.8835e-02,0.0000e+00,0.0000e+00,0.0000e+00,0.0000e+00,9.7851e+04,0.0000e+00,5.9115e+06,5.8572e+06,0.0000e+00,5.9112e+06,2.7176e-01,1.6258e-02,6.6283e-01,4.9754e-01,6.7660e-01
1.7450e+03,4.0766e+00,3.8194e+00,5.5374e+00,2.5243e+00,5.2294e+00,2.9595e+00,6.3653e+07,0.0000e+00,0.0000e+00,0.0000e+00,5.5428e+02,5.5553e+02,5.5900e+02,5.6076e+02,5.6264e+02,5.6441e+02,5.6612e+02,5.6786e+02,5.6847e+02,5.6993e+02,5.6774e+02,5.6806e+02,1.1054e+07,5.8346e+06,2.0078e+01,2.0901e+01,0.0000e+00,0.0000e+00,0.0000e+00,1.8371e+02,5.6140e+02,1.9640e+01,0.0000e+00,0.0000e+00,1.9640e+01,0.0000e+00,0.0000e+00,0.0000e+00,1.3871e+01,0.0000e+00,0.0000e+00,1.6171e+02,5.4111e+02,5.9164e+02,5.6611e+02,5.9188e+02,5.4921e+02,3.1458e+02,3.0812e+02,3.1245e+02,3.7180e+02,5.4725e+02,5.4688e+02,5.4629e+02,5.4092e+02,5.4630e+02,5.4110e+02,5.4801e+02,5.4692e+02,5.4728e+02,5.4778e+02,1.0000e+00,1.0000e+00,1.0000e+00,1.0000e+00,1.0000e+00,1.0000e+00,8.8079e-01,2.4370e-02,0.0000e+00,0.0000e+00,0.0000e+00,0.0000e+00,9.6642e+04,0.0000e+00,5.8196e+06,5.7706e+06,0.0000e+00,5.8312e+06,2.7092e-01,1.8056e-02,6.4293e-01,4.9227e-01,6.6869e-01
1.7500e+03,4.0766e+00,3.8194e+00,5.5374e+00,2.5046e+00,5.2054e+00,3.0276e+00,6.3585e+07,0.0000e+00,0.0000e+00,0.0000e+00,5.5422e+02,5.5546e+02,5.5894e+02,5.6069e+02,5.6257e+02,5.6434e+02,5.6605e+02,5.6778e+02,5.6839e+02,5.6984e+02,5.6765e+02,5.6797e+02,1.1041e+07,5.7833e+06,1.9399e+01,1.9725e+01,0.0000e+00,0.0000e+00,0.0000e+00,1.8436e+02,5.5808e+02,1.9879e+01,0.0000e+00,0.0000e+00,1.9584e+01,0.0000e+00,0.0000e+00,0.0000e+00,1.7501e+01,0.0000e+00,0.0000e+00,-1.5658e+03,2.0808e+02,5.9156e+02,5.6601e+02,5.9179e+02,5.4914e+02,3.1461e+02,3.0812e+02,3.1247e+02,3.7210e+02,5.4623e+02,5.4631e+02,5.4572e+02,5.4028e+02,5.4576e+02,5.4059e+02,5.4701e+02,5.4635e+02,5.4671e+02,5.4719e+02,1.0000e+00,1.0000e+00,1.0000e+00,1.0000e+00,1.0000e+00,1.0000e+00,8.6370e-01,3.8852e-02,0.0000e+00,0.0000e+00,0.0000e+00,0.0000e+00,9.7692e+04,0.0000e+00,5.7701e+06,5.7216e+06,0.0000e+00,5.7798e+06,2.7111e-01,1.8072e-02,6.3882e-01,4.9486e-01,6.4416e-01
1.7550e+03,4.0766e+00,3.8194e+00,5.5374e+00,2.4808e+00,5.0221e+00,3.0846e+00,6.3518e+07,0.0000e+00,0.0000e+00,0.0000e+00,5.5416e+02,5.5540e+02,5.5888e+02,5.6064e+02,5.6252e+02,5.6429e+02,5.6599e+02,5.6772e+02,5.6833e+02,5.6978e+02,5.6757e+02,5.6789e+02,1.1025e+07,5.7343e+06,1.8397e+01,1.8234e+01,0.0000e+00,0.0000e+00,0.0000e+00,1.8452e+02,5.5558e+02,1.9072e+01,0.0000e+00,0.0000e+00,1.9518e+01,0.0000e+00,0.0000e+00,0.0000e+00,-4.7834e+00,0.0000e+00,0.0000e+00,6.6118e+01,7.8062e+02,5.9145e+02,5.6591e+02,5.9168e+02,5.4907e+02,3.1464e+02,3.0813e+02,3.1248e+02,3.7186e+02,5.4569e+02,5.4576e+02,5.4520e+02,5.3971e+02,5.4520e+02,5.3940e+02,5.4604e+02,5.4580e+02,5.4617e+02,5.4670e+02,1.0000e+00,1.0000e+00,1.0000e+00,1.0000e+00,1.0000e+00,1.0000e+00,8.8047e-01,1.9404e-02,0.0000e+00,0.0000e+00,0.0000e+00,0.0000e+00,9.6823e+04,0.0000e+00,5.7222e+06,5.6755e+06,0.0000e+00,5.7312e+06,2.6809e-01,1.7145e-02,6.4156e-01,4.9620e-01,6.3395e-01
1.7600e+03,4.0766e+00,3.8194e+00,5.5374e+00,2.4537e+00,5.0042e+00,2.9278e+00,6.3451e+07,0.0000e+00,0.0000e+00,0.0000e+00,5.5409e+02,5.5534e+02,5.5882e+02,5.6058e+02,5.6246e+02,5.6423e+02,5.6594e+02,5.6767e+02,5.6827e+02,5.6972e+02,5.6751e+02,5.6782e+02,1.1008e+07,5.6922e+06,1.8399e+01,1.7695e+01,0.0000e+00,0.0000e+00,0.0000e+00,1.8448e+02,5.5439e+02,1.9278e+01,0.0000e+00,0.0000e+00,1.9270e+01,0.0000e+00,0.0000e+00,0.0000e+00,1.6427e+01,0.0000e+00,0.0000e+00,4.4300e+02,4.8808e+02,5.9133e+02,5.6583e+02,5.9156e+02,5.4900e+02,3.1466e+02,3.0813e+02,3.1249e+02,3.7259e+02,5.4522e+02,5.4528e+02,5.4465e+02,5.3886e+02,5.4466e+02,5.3838e+02,5.4526e+02,5.4532e+02,5.4569e+02,5.4619e+02,1.0000e+00,1.0000e+00,1.0000e+00,1.0000e+00,1.0000e+00,1.0000e+00,8.8036e-01,1.6875e-02,0.0000e+00,0.0000e+00,0.0000e+00,0.0000e+00,9.9414e+04,0.0000e+00,5.6704e+06,5.6259e+06,0.0000e+00,5.6889e+06,2.6627e-01,1.8493e-02,6.6115e-01,5.2363e-01,6.3396e-01
1.7650e+03,4.0766e+00,3.8194e+00,5.5374e+00,2.4275e+00,5.0554e+00,2.9266e+00,6.3385e+07,0.0000e+00,0.0000e+00,0.0000e+00,5.5402e+02,5.5527e+02,5.5875e+02,5.6051e+02,5.6240e+02,5.6417e+02,5.6587e+02,5.6760e+02,5.6821e+02,5.6965e+02,5.6744e+02,5.6776e+02,1.0991e+07,5.7129e+06,1.9663e+01,1.8170e+01,0.0000e+00,0.0000e+00,0.0000e+00,1.8452e+02,5.5450e+02,1.9490e+01,0.0000e+00,0.0000e+00,1.9488e+01,0.0000e+00,0.0000e+00,0.0000e+00,3.7657e+01,0.0000e+00,0.0000e+00,1.1847e+02,-8.3166e+02,5.9122e+02,5.6576e+02,5.9145e+02,5.4892e+02,3.1469e+02,3.0813e+02,3.1250e+02,3.7192e+02,5.4573e+02,5.4552e+02,5.4488e+02,5.3906e+02,5.4489e+02,5.3938e+02,5.4581e+02,5.4555e+02,5.4592e+02,5.4592e+02,1.0000e+00,1.0000e+00,1.0000e+00,1.0000e+00,1.0000e+00,1.0000e+00,8.7859e-01,1.5999e-02,0.0000e+00,0.0000e+00,0.0000e+00,0.0000e+00,9.7054e+04,0.0000e+00,5.6927e+06,5.6453e+06,0.0000e+00,5.7096e+06,2.6956e-01,1.7985e-02,6.9955e-01,5.1132e-01,6.5837e-01
1.7700e+03,4.0766e+00,3.8194e+00,5.5374e+00,2.4100e+00,5.0722e+00,3.0478e+00,6.3318e+07,0.0000e+00,0.0000e+00,0.0000e+00,5.5393e+02,5.5518e+02,5.5866e+02,5.6042e+02,5.6231e+02,5.6409e+02,5.6579e+02,5.6753e+02,5.6813e+02,5.6958e+02,5.6738e+02,5.6769e+02,1.0984e+07,5.7415e+06,2.1321e+01,2.1031e+01,0.0000e+00,0.0000e+00,0.0000e+00,1.8340e+02,5.5691e+02,1.9632e+01,0.0000e+00,0.0000e+00,1.9709e+01,0.0000e+00,0.0000e+00,0.0000e+00,7.0525e+00,0.0000e+00,0.0000e+00,-1.4015e+03,-5.8181e+02,5.9117e+02,5.6570e+02,5.9140e+02,5.4883e+02,3.1472e+02,3.0813e+02,3.1252e+02,3.7199e+02,5.4616e+02,5.4584e+02,5.4524e+02,5.3979e+02,5.4527e+02,5.4004e+02,5.4640e+02,5.4588e+02,5.4624e+02,5.4606e+02,1.0000e+00,1.0000e+00,1.0000e+00,1.0000e+00,1.0000e+00,1.0000e+00,8.6907e-01,2.2880e-02,0.0000e+00,0.0000e+00,0.0000e+00,0.0000e+00,9.7275e+04,0.0000e+00,5.7285e+06,5.6783e+06,0.0000e+00,5.7383e+06,2.7327e-01,1.7563e-02,6.9439e-01,4.8230e-01,7.0124e-01
1.7750e+03,4.0766e+00,3.8194e+00,5.5374e+00,2.3977e+00,5.0544e+00,3.0168e+00,6.3252e+07,0.0000e+00,0.0000e+00,0.0000e+00,5.5383e+02,5.5508e+02,5.5856e+02,5.6033e+02,5.6221e+02,5.6399e+02,5.6570e+02,5.6743e+02,5.6804e+02,5.6950e+02,5.6730e+02,5.6762e+02,1.0981e+07,5.7642e+06,1.9734e+01,2.0816e+01,0.0000e+00,0.0000e+00,0.0000e+00,1.8267e+02,5.5935e+02,1.9824e+01,0.0000e+00,0.0000e+00,1.9471e+01,0.0000e+00,0.0000e+00,0.0000e+00,1.5040e+01,0.0000e+00,0.0000e+00,1.1959e+02,3.3624e+02,5.9115e+02,5.6563e+02,5.9138e+02,5.4875e+02,3.1474e+02,3.0813e+02,3.1253e+02,3.7324e+02,5.4660e+02,5.4609e+02,5.4549e+02,5.4012e+02,5.4553e+02,5.4049e+02,5.4693e+02,5.4613e+02,5.4650e+02,5.4626e+02,1.0000e+00,1.0000e+00,1.0000e+00,1.0000e+00,1.0000e+00,1.0000e+00,8.7976e-01,9.4952e-03,0.0000e+00,0.0000e+00,0.0000e+00,0.0000e+00,1.0173e+05,0.0000e+00,5.7500e+06,5.7014e+06,0.0000e+00,5.7606e+06,2.7101e-01,1.7910e-02,6.5584e-01,4.8003e-01,7.0973e-01
1.7800e+03,4.0766e+00,3.8194e+00,5.5374e+00,2.3878e+00,5.0663e+00,2.9621e+00,6.3187e+07,0.0000e+00,0.0000e+00,0.0000e+00,5.5374e+02,5.5499e+02,5.5845e+02,5.6022e+02,5.6211e+02,5.6388e+02,5.6559e+02,5.6733e+02,5.6794e+02,5.6940e+02,5.6721e+02,5.6753e+02,1.0979e+07,5.7813e+06,1.9677e+01,2.0313e+01,0.0000e+00,0.0000e+00,0.0000e+00,1.8233e+02,5.6111e+02,1.9606e+01,0.0000e+00,0.0000e+00,1.9661e+01,0.0000e+00,0.0000e+00,0.0000e+00,2.1382e+01,0.0000e+00,0.0000e+00,9.5536e+01,2.3081e+02,5.9114e+02,5.6556e+02,5.9137e+02,5.4866e+02,3.1477e+02,3.0814e+02,3.1254e+02,3.7334e+02,5.4694e+02,5.4629e+02,5.4570e+02,5.4023e+02,5.4571e+02,5.4064e+02,5.4735e+02,5.4632e+02,5.4669e+02,5.4649e+02,1.0000e+00,1.0000e+00,1.0000e+00,1.0000e+00,1.0000e+00,1.0000e+00,8.7777e-01,8.7999e-03,0.0000e+00,0.0000e+00,0.0000e+00,0.0000e+00,1.0212e+05,0.0000e+00,5.7690e+06,5.7198e+06,0.0000e+00,5.7780e+06,2.7094e-01,1.7754e-02,6.4565e-01,4.8882e-01,6.8330e-01
1.7850e+03,4.0766e+00,3.8194e+00,5.5374e+00,2.3794e+00,5.0604e+00,2.9123e+00,6.3121e+07,0.0000e+00,0.0000e+00,0.0000e+00,5.5364e+02,5.5489e+02,5.5835e+02,5.6011e+02,5.6200e+02,5.6377e+02,5.6548e+02,5.6722e+02,5.6783e+02,5.6929e+02,5.6712e+02,5.6744e+02,1.0979e+07,5.7977e+06,1.9425e+01,1.9426e+01,0.0000e+00,0.0000e+00,0.0000e+00,1.8257e+02,5.6160e+02,1.9794e+01,0.0000e+00,0.0000e+00,1.9660e+01,0.0000e+00,0.0000e+00,0.0000e+00,2.0117e+01,0.0000e+00,0.0000e+00,-4.8951e+02,-3.6916e+02,5.9113e+02,5.6548e+02,5.9137e+02,5.4858e+02,3.1479e+02,3.0814e+02,3.1255e+02,3.7230e+02,5.4726e+02,5.4647e+02,5.4589e+02,5.4046e+02,5.4591e+02,5.4080e+02,5.4776e+02,5.4651e+02,5.4686e+02,5.4668e+02,1.0000e+00,1.0000e+00,1.0000e+00,1.0000e+00,1.0000e+00,1.0000e+00,8.7878e-01,5.0432e-03,0.0000e+00,0.0000e+00,0.0000e+00,0.0000e+00,9.8387e+04,0.0000e+00,5.7861e+06,5.7365e+06,0.0000e+00,5.7945e+06,2.7064e-01,1.7926e-02,6.4732e-01,4.8501e-01,6.6529e-01
1.7900e+03,4.0766e+00,3.8194e+00,5.5374e+00,2.3703e+00,5.1348e+00,2.7627e+00,6.3055e+07,0.0000e+00,0.0000e+00,0.0000e+00,5.5355e+02,5.5480e+02,5.5825e+02,5.6001e+02,5.6189e+02,5.6367e+02,5.6537e+02,5.6711e+02,5.6772e+02,5.6918e+02,5.6701e+02,5.6733e+02,1.0976e+07,5.8157e+06,1.9784e+01,1.9804e+01,0.0000e+00,0.0000e+00,0.0000e+00,1.8342e+02,5.6056e+02,1.9494e+01,0.0000e+00,0.0000e+00,1.9703e+01,0.0000e+00,0.0000e+00,0.0000e+00,2.4295e+01,0.0000e+00,0.0000e+00,-5.6800e+01,3.5124e+02,5.9112e+02,5.6539e+02,5.9135e+02,5.4850e+02,3.1482e+02,3.0814e+02,3.1256e+02,3.7380e+02,5.4762e+02,5.4667e+02,5.4611e+02,5.4065e+02,5.4612e+02,5.4112e+02,5.4819e+02,5.4671e+02,5.4707e+02,5.4685e+02,1.0000e+00,1.0000e+00,1.0000e+00,1.0000e+00,1.0000e+00,1.0000e+00,8.7894e-01,2.1208e-03,0.0000e+00,0.0000e+00,0.0000e+00,0.0000e+00,1.0378e+05,0.0000e+00,5.8058e+06,5.7561e+06,0.0000e+00,5.8124e+06,2.7043e-01,1.7068e-02,6.4827e-01,4.8750e-01,6.6154e-01
1.7950e+03,4.0766e+00,3.8194e+00,5.5374e+00,2.3607e+00,5.0746e+00,2.8900e+00,6.2991e+07,0.0000e+00,0.0000e+00,0.0000e+00,5.5347e+02,5.5471e+02,5.5817e+02,5.5992e+02,5.6180e+02,5.6357e+02,5.6527e+02,5.6701e+02,5.6762e+02,5.6908e+02,5.6691e+02,5.6723e+02,1.0973e+07,5.8303e+06,1.9683e+01,1.9714e+01,0.0000e+00,0.0000e+00,0.0000e+00,1.8353e+02,5.5974e+02,1.9829e+01,0.0000e+00,0.0000e+00,1.9655e+01,0.0000e+00,0.0000e+00,0.0000e+00,1.4028e+01,0.0000e+00,0.0000e+00,7.6478e+01,1.3788e+02,5.9109e+02,5.6529e+02,5.9133e+02,5.4842e+02,3.1485e+02,3.0814e+02,3.1257e+02,3.7372e+02,5.4791e+02,5.4683e+02,5.4626e+02,5.4083e+02,5.4630e+02,5.4095e+02,5.4854e+02,5.4687e+02,5.4723e+02,5.4703e+02,1.0000e+00,1.0000e+00,1.0000e+00,1.0000e+00,1.0000e+00,1.0000e+00,8.7747e-01,8.3843e-04,0.0000e+00,0.0000e+00,0.0000e+00,0.0000e+00,1.0348e+05,0.0000e+00,5.8182e+06,5.7698e+06,0.0000e+00,5.8270e+06,2.7030e-01,1.7803e-02,6.4735e-01,4.8623e-01,6.6155e-01
1.8000e+03,4.0766e+00,3.8194e+00,5.5374e+00,2.3507e+00,5.0416e+00,2.9576e+00,6.2925e+07,0.0000e+00,0.0000e+00,0.0000e+00,5.5340e+02,5.5464e+02,5.5809e+02,5.5984e+02,5.6172e+02,5.6348e+02,5.6519e+02,5.6692e+02,5.6753e+02,5.6898e+02,5.6681e+02,5.6713e+02,1.0969e+07,5.8042e+06,2.0294e+01,2.0886e+01,0.0000e+00,0.0000e+00,0.0000e+00,1.8335e+02,5.5860e+02,1.9538e+01,0.0000e+00,0.0000e+00,1.9514e+01,0.0000e+00,0.0000e+00,0.0000e+00,1.6457e+01,0.0000e+00,0.0000e+00,1.9558e+02,4.5087e+02,5.9106e+02,5.6519e+02,5.9130e+02,5.4836e+02,3.1487e+02,3.0814e+02,3.1258e+02,3.7323e+02,5.4737e+02,5.4654e+02,5.4597e+02,5.4073e+02,5.4598e+02,5.4087e+02,5.4806e+02,5.4658e+02,5.4694e+02,5.4714e+02,1.0000e+00,1.0000e+00,1.0000e+00,1.0000e+00,1.0000e+00,1.0000e+00,8.7506e-01,4.8067e-04,0.0000e+00,0.0000e+00,0.0000e+00,0.0000e+00,1.0170e+05,0.0000e+00,5.7918e+06,5.7436e+06,0.0000e+00,5.8009e+06,2.6928e-01,1.8022e-02,6.4053e-01,4.8538e-01,6.5943e-01
1.8050e+03,4.0766e+00,3.8194e+00,5.5374e+00,2.3334e+00,5.0199e+00,2.8036e+00,6.2861e+07,0.0000e+00,0.0000e+00,0.0000e+00,5.5334e+02,5.5458e+02,5.5803e+02,5.5978e+02,5.6165e+02,5.6342e+02,5.6512e+02,5.6684e+02,5.6745e+02,5.6890e+02,5.6672e+02,5.6704e+02,1.0958e+07,5.7362e+06,1.9364e+01,1.9990e+01,0.0000e+00,0.0000e+00,0.0000e+00,1.8332e+02,5.5598e+02,1.9246e+01,0.0000e+00,0.0000e+00,1.9585e+01,0.0000e+00,0.0000e+00,0.0000e+00,1.9092e+01,0.0000e+00,0.0000e+00,2.6210e+02,6.0192e+02,5.9099e+02,5.6509e+02,5.9122e+02,5.4829e+02,3.1490e+02,3.0814e+02,3.1260e+02,3.7318e+02,5.4596e+02,5.4578e+02,5.4523e+02,5.3988e+02,5.4522e+02,5.4012e+02,5.4674e+02,5.4582e+02,5.4618e+02,5.4668e+02,1.0000e+00,1.0000e+00,1.0000e+00,1.0000e+00,1.0000e+00,1.0000e+00,8.7253e-01,2.7467e-04,0.0000e+00,0.0000e+00,0.0000e+00,0.0000e+00,1.0153e+05,0.0000e+00,5.7274e+06,5.6785e+06,0.0000e+00,5.7330e+06,2.6961e-01,1.6932e-02,6.2415e-01,4.8524e-01,6.4108e-01
1.8100e+03,4.0766e+00,3.8194e+00,5.5374e+00,2.3108e+00,4.9795e+00,2.9356e+00,6.2797e+07,0.0000e+00,0.0000e+00,0.0000e+00,5.5328e+02,5.5452e+02,5.5797e+02,5.5973e+02,5.6160e+02,5.6336e+02,5.6506e+02,5.6678e+02,5.6739e+02,5.6883e+02,5.6665e+02,5.6696e+02,1.0943e+07,5.6886e+06,1.9526e+01,1.9526e+01,0.0000e+00,0.0000e+00,0.0000e+00,1.8291e+02,5.5397e+02,1.9180e+01,0.0000e+00,0.0000e+00,1.9479e+01,0.0000e+00,0.0000e+00,0.0000e+00,2.5201e+01,0.0000e+00,0.0000e+00,6.9455e+02,-1.9628e+03,5.9089e+02,5.6500e+02,5.9112e+02,5.4822e+02,3.1492e+02,3.0814e+02,3.1261e+02,3.7310e+02,5.4518e+02,5.4524e+02,5.4468e+02,5.3933e+02,5.4469e+02,5.3979e+02,5.4579e+02,5.4528e+02,5.4562e+02,5.4614e+02,1.0000e+00,1.0000e+00,1.0000e+00,1.0000e+00,1.0000e+00,1.0000e+00,8.6990e-01,1.5741e-04,0.0000e+00,0.0000e+00,0.0000e+00,0.0000e+00,1.0124e+05,0.0000e+00,5.6792e+06,5.6302e+06,0.0000e+00,5.6855e+06,2.6982e-01,1.7034e-02,6.2672e-01,4.8285e-01,6.2101e-01
1.8150e+03,4.0766e+00,3.8194e+00,5.5374e+00,2.2873e+00,5.1665e+00,2.9227e+00,6.2733e+07,0.0000e+00,0.0000e+00,0.0000e+00,5.5322e+02,5.5446e+02,5.5792e+02,5.5967e+02,5.6154e+02,5.6331e+02,5.6500e+02,5.6673e+02,5.6733e+02,5.6877e+02,5.6658e+02,5.6689e+02,1.0929e+07,5.6406e+06,1.7557e+01,1.7151e+01,0.0000e+00,0.0000e+00,0.0000e+00,1.8209e+02,5.5359e+02,1.9284e+01,0.0000e+00,0.0000e+00,1.9060e+01,0.0000e+00,0.0000e+00,0.0000e+00,1.7304e+01,0.0000e+00,0.0000e+00,-1.0645e+03,6.4473e+02,5.9079e+02,5.6492e+02,5.9102e+02,5.4816e+02,3.1495e+02,3.0814e+02,3.1262e+02,3.7302e+02,5.4463e+02,5.4469e+02,5.4408e+02,5.3850e+02,5.4409e+02,5.3886e+02,5.4482e+02,5.4473e+02,5.4510e+02,5.4560e+02,1.0000e+00,1.0000e+00,1.0000e+00,1.0000e+00,1.0000e+00,1.0000e+00,8.6723e-01,9.0147e-05,0.0000e+00,0.0000e+00,0.0000e+00,0.0000e+00,1.0096e+05,0.0000e+00,5.6216e+06,5.5773e+06,0.0000e+00,5.6372e+06,2.6531e-01,1.8258e-02,6.3354e-01,5.0520e-01,6.1583e-01
1.8200e+03,4.0766e+00,3.8194e+00,5.5374e+00,2.2631e+00,5.0211e+00,2.8165e+00,6.2669e+07,0.0000e+00,0.0000e+00,0.0000e+00,5.5315e+02,5.5439e+02,5.5785e+02,5.5961e+02,5.6148e+02,5.6325e+02,5.6494e+02,5.6667e+02,5.6727e+02,5.6871e+02,5.6652e+02,5.6683e+02,1.0915e+07,5.6035e+06,1.8734e+01,1.7564e+01,0.0000e+00,0.0000e+00,0.0000e+00,1.8188e+02,5.5335e+02,1.9090e+01,0.0000e+00,0.0000e+00,1.9183e+01,0.0000e+00,0.0000e+00,0.0000e+00,5.6528e+00,0.0000e+00,0.0000e+00,5.2060e+01,1.9118e+02,5.9070e+02,5.6485e+02,5.9093e+02,5.4809e+02,3.1497e+02,3.0814e+02,3.1263e+02,3.7294e+02,5.4423e+02,5.4427e+02,5.4364e+02,5.3792e+02,5.4364e+02,5.3842e+02,5.4428e+02,5.4431e+02,5.4468e+02,5.4513e+02,1.0000e+00,1.0000e+00,1.0000e+00,1.0000e+00,1.0000e+00,1.0000e+00,8.6454e-01,5.1592e-05,0.0000e+00,0.0000e+00,0.0000e+00,0.0000e+00,1.0067e+05,0.0000e+00,5.5840e+06,5.5380e+06,0.0000e+00,5.6003e+06,2.6608e-01,1.7955e-02,6.6360e-01,5.1202e-01,6.2701e-01
1.8250e+03,4.0766e+00,3.8194e+00,5.5374e+00,2.2438e+00,4.8753e+00,2.7729e+00,6.2605e+07,0.0000e+00,0.0000e+00,0.0000e+00,5.5307e+02,5.5431e+02,5.5777e+02,5.5953e+02,5.6141e+02,5.6317e+02,5.6487e+02,5.6660e+02,5.6720e+02,5.6865e+02,5.6646e+02,5.6677e+02,1.0908e+07,5.6477e+06,2.0384e+01,1.9113e+01,0.0000e+00,0.0000e+00,0.0000e+00,1.8185e+02,5.5458e+02,1.9708e+01,0.0000e+00,0.0000e+00,1.9518e+01,0.0000e+00,0.0000e+00,0.0000e+00,5.3245e+01,0.0000e+00,0.0000e+00,7.8181e+01,-1.4481e+03,5.9065e+02,5.6479e+02,5.9089e+02,5.4801e+02,3.1500e+02,3.0814e+02,3.1264e+02,3.7286e+02,5.4504e+02,5.4478e+02,5.4417e+02,5.3854e+02,5.4423e+02,5.3895e+02,5.4516e+02,5.4481e+02,5.4519e+02,5.4507e+02,1.0000e+00,1.0000e+00,1.0000e+00,1.0000e+00,1.0000e+00,1.0000e+00,8.6185e-01,2.9447e-05,0.0000e+00,0.0000e+00,0.0000e+00,0.0000e+00,1.0038e+05,0.0000e+00,5.6349e+06,5.5862e+06,0.0000e+00,5.6444e+06,2.6999e-01,1.7324e-02,6.9506e-01,4.9413e-01,6.6326e-01
1.8300e+03,4.0766e+00,3.8194e+00,5.5374e+00,2.2298e+00,4.9961e+00,2.7064e+00,6.2542e+07,0.0000e+00,0.0000e+00,0.0000e+00,5.5298e+02,5.5423e+02,5.5768e+02,5.5944e+02,5.6132e+02,5.6309e+02,5.6479e+02,5.6652e+02,5.6712e+02,5.6857e+02,5.6639e+02,5.6670e+02,1.0907e+07,5.6725e+06,2.0566e+01,2.1101e+01,0.0000e+00,0.0000e+00,0.0000e+00,1.8288e+02,5.5483e+02,1.9763e+01,0.0000e+00,0.0000e+00,1.9339e+01,0.0000e+00,0.0000e+00,0.0000e+00,2.4474e+01,0.0000e+00,0.0000e+00,3.9266e+02,-1.2566e+03,5.9064e+02,5.6473e+02,5.9088e+02,5.4793e+02,3.1502e+02,3.0814e+02,3.1265e+02,3.7278e+02,5.4544e+02,5.4505e+02,5.4445e+02,5.3917e+02,5.4449e+02,5.3933e+02,5.4571e+02,5.4510e+02,5.4544e+02,5.4524e+02,1.0000e+00,1.0000e+00,1.0000e+00,1.0000e+00,1.0000e+00,1.0000e+00,8.5915e-01,1.6759e-05,0.0000e+00,0.0000e+00,0.0000e+00,0.0000e+00,1.0009e+05,0.0000e+00,5.6593e+06,5.6102e+06,0.0000e+00,5.6688e+06,2.7194e-01,1.7589e-02,6.6848e-01,4.6928e-01,7.0075e-01
1.8350e+03,4.0766e+00,3.8194e+00,5.5374e+00,2.2155e+00,4.9824e+00,2.8401e+00,6.2479e+07,0.0000e+00,0.0000e+00,0.0000e+00,5.5289e+02,5.5414e+02,5.5759e+02,5.5935e+02,5.6122e+02,5.6299e+02,5.6469e+02,5.6642e+02,5.6703e+02,5.6848e+02,5.6631e+02,5.6662e+02,1.0907e+07,5.6928e+06,1.9078e+01,2.0111e+01,0.0000e+00,0.0000e+00,0.0000e+00,1.8323e+02,5.5557e+02,1.9865e+01,0.0000e+00,0.0000e+00,1.9368e+01,0.0000e+00,0.0000e+00,0.0000e+00,1.5065e+01,0.0000e+00,0.0000e+00,1.0275e+02,2.9457e+02,5.9064e+02,5.6466e+02,5.9087e+02,5.4784e+02,3.1505e+02,3.0814e+02,3.1266e+02,3.7270e+02,5.4585e+02,5.4529e+02,5.4471e+02,5.3930e+02,5.4475e+02,5.3964e+02,5.4620e+02,5.4533e+02,5.4569e+02,5.4546e+02,1.0000e+00,1.0000e+00,1.0000e+00,1.0000e+00,1.0000e+00,1.0000e+00,8.5645e-01,9.5067e-06,0.0000e+00,0.0000e+00,0.0000e+00,0.0000e+00,9.9802e+04,0.0000e+00,5.6811e+06,5.6325e+06,0.0000e+00,5.6894e+06,2.7017e-01,1.7595e-02,6.3985e-01,4.8010e-01,6.9040e-01
1.8400e+03,4.0766e+00,3.8194e+00,5.5374e+00,2.2014e+00,4.9494e+00,2.7163e+00,6.2416e+07,0.0000e+00,0.0000e+00,0.0000e+00,5.5280e+02,5.5404e+02,5.5749e+02,5.5925e+02,5.6112e+02,5.6289e+02,5.6459e+02,5.6632e+02,5.6694e+02,5.6838e+02,5.6622e+02,5.6654e+02,1.0906e+07,5.7091e+06,1.9295e+01,1.9634e+01,0.0000e+00,0.0000e+00,0.0000e+00,1.8310e+02,5.5629e+02,1.9739e+01,0.0000e+00,0.0000e+00,1.9434e+01,0.0000e+00,0.0000e+00,0.0000e+00,1.8319e+01,0.0000e+00,0.0000e+00,6.1048e+01,1.7989e+02,5.9063e+02,5.6459e+02,5.9087e+02,5.4776e+02,3.1507e+02,3.0814e+02,3.1267e+02,3.7262e+02,5.4618e+02,5.4547e+02,5.4490e+02,5.3946e+02,5.4494e+02,5.3985e+02,5.4661e+02,5.4551e+02,5.4587e+02,5.4568e+02,1.0000e+00,1.0000e+00,1.0000e+00,1.0000e+00,1.0000e+00,1.0000e+00,8.5375e-01,5.3793e-06,0.0000e+00,0.0000e+00,0.0000e+00,0.0000e+00,9.9518e+04,0.0000e+00,5.6983e+06,5.6490e+06,0.0000e+00,5.7058e+06,2.7050e-01,1.7405e-02,6.4111e-01,4.8301e-01,6.6565e-01
1.8450e+03,4.0766e+00,3.8194e+00,5.5374e+00,2.1884e+00,4.8827e+00,2.7578e+00,6.2353e+07,0.0000e+00,0.0000e+00,0.0000e+00,5.5271e+02,5.5395e+02,5.5740e+02,5.5915e+02,5.6103e+02,5.6279e+02,5.6449e+02,5.6622e+02,5.6684e+02,5.6829e+02,5.6613e+02,5.6645e+02,1.0904e+07,5.7257e+06,1.9457e+01,1.9459e+01,0.0000e+00,0.0000e+00,0.0000e+00,1.8278e+02,5.5666e+02,1.9709e+01,0.0000e+00,0.0000e+00,1.9419e+01,0.0000e+00,0.0000e+00,0.0000e+00,2.8422e+01,0.0000e+00,0.0000e+00,3.2574e+02,-1.4082e+03,5.9062e+02,5.6450e+02,5.9086e+02,5.4767e+02,3.1510e+02,3.0815e+02,3.1268e+02,3.7254e+02,5.4651e+02,5.4566e+02,5.4504e+02,5.3964e+02,5.4497e+02,5.3977e+02,5.4703e+02,5.4570e+02,5.4605e+02,5.4585e+02,1.0000e+00,1.0000e+00,1.0000e+00,1.0000e+00,1.0000e+00,1.0000e+00,8.5107e-01,3.0518e-06,0.0000e+00,0.0000e+00,0.0000e+00,0.0000e+00,9.9238e+04,0.0000e+00,5.7109e+06,5.6610e+06,0.0000e+00,5.7221e+06,2.7059e-01,1.7631e-02,6.4523e-01,4.8320e-01,6.5733e-01
1.8500e+03,4.0766e+00,3.8194e+00,5.5374e+00,2.1766e+00,4.9552e+00,2.6772e+00,6.2291e+07,0.0000e+00,0.0000e+00,0.0000e+00,5.5262e+02,5.5386e+02,5.5730e+02,5.5906e+02,5.6093e+02,5.6269e+02,5.6439e+02,5.6612e+02,5.6674e+02,5.6819e+02,5.6603e+02,5.6635e+02,1.0900e+07,5.7425e+06,1.9428e+01,1.9469e+01,0.0000e+00,0.0000e+00,0.0000e+00,1.8253e+02,5.5661e+02,1.9868e+01,0.0000e+00,0.0000e+00,1.9501e+01,0.0000e+00,0.0000e+00,0.0000e+00,2.6286e+01,0.0000e+00,0.0000e+00,3.1005e+02,3.5244e+02,5.9060e+02,5.6441e+02,5.9083e+02,5.4760e+02,3.1512e+02,3.0815e+02,3.1269e+02,3.7246e+02,5.4684e+02,5.4585e+02,5.4525e+02,5.3983e+02,5.4531e+02,5.3991e+02,5.4743e+02,5.4589e+02,5.4624e+02,5.4603e+02,1.0000e+00,1.0000e+00,1.0000e+00,1.0000e+00,1.0000e+00,1.0000e+00,8.4839e-01,1.7395e-06,0.0000e+00,0.0000e+00,0.0000e+00,0.0000e+00,9.8962e+04,0.0000e+00,5.7292e+06,5.6811e+06,0.0000e+00,5.7389e+06,2.7056e-01,1.7700e-02,6.4646e-01,4.8428e-01,6.5886e-01
1.8550e+03,4.0766e+00,3.8194e+00,5.5374e+00,2.1669e+00,5.0011e+00,2.8082e+00,6.2229e+07,0.0000e+00,0.0000e+00,0.0000e+00,5.5254e+02,5.5378e+02,5.5722e+02,5.5897e+02,5.6084e+02,5.6260e+02,5.6430e+02,5.6603e+02,5.6664e+02,5.6809e+02,5.6593e+02,5.6625e+02,1.0898e+07,5.7561e+06,1.9500e+01,1.9584e+01,0.0000e+00,0.0000e+00,0.0000e+00,1.8137e+02,5.5745e+02,1.9838e+01,0.0000e+00,0.0000e+00,1.9522e+01,0.0000e+00,0.0000e+00,0.0000e+00,1.7757e+01,0.0000e+00,0.0000e+00,1.0861e+02,2.0206e+02,5.9058e+02,5.6432e+02,5.9081e+02,5.4753e+02,3.1515e+02,3.0815e+02,3.1270e+02,3.7239e+02,5.4712e+02,5.4600e+02,5.4540e+02,5.3998e+02,5.4546e+02,5.4011e+02,5.4776e+02,5.4604e+02,5.4640e+02,5.4621e+02,1.0000e+00,1.0000e+00,1.0000e+00,1.0000e+00,1.0000e+00,1.0000e+00,8.4572e-01,1.0009e-06,0.0000e+00,0.0000e+00,0.0000e+00,0.0000e+00,9.8690e+04,0.0000e+00,5.7429e+06,5.6944e+06,0.0000e+00,5.7525e+06,2.7060e-01,1.7703e-02,6.4679e-01,4.8498e-01,6.6021e-01
1.8600e+03,4.0766e+00,3.8194e+00,5.5374e+00,2.1586e+00,4.9302e+00,2.8165e+00,6.2167e+07,0.0000e+00,0.0000e+00,0.0000e+00,5.5247e+02,5.5371e+02,5.5714e+02,5.5889e+02,5.6076e+02,5.6251e+02,5.6421e+02,5.6594e+02,5.6655e+02,5.6800e+02,5.6584e+02,5.6616e+02,1.0894e+07,5.7028e+06,2.0001e+01,2.0828e+01,0.0000e+00,0.0000e+00,0.0000e+00,1.8075e+02,5.5710e+02,1.9611e+01,0.0000e+00,0.0000e+00,1.9386e+01,0.0000e+00,0.0000e+00,0.0000e+00,9.5067e+00,0.0000e+00,0.0000e+00,1.9439e+02,5.4590e+02,5.9055e+02,5.6423e+02,5.9079e+02,5.4746e+02,3.1517e+02,3.0815e+02,3.1271e+02,3.7231e+02,5.4600e+02,5.4540e+02,5.4483e+02,5.3957e+02,5.4486e+02,5.3978e+02,5.4673e+02,5.4544e+02,5.4580e+02,5.4621e+02,1.0000e+00,1.0000e+00,1.0000e+00,1.0000e+00,1.0000e+00,1.0000e+00,8.4305e-01,5.8557e-07,0.0000e+00,0.0000e+00,0.0000e+00,0.0000e+00,9.8421e+04,0.0000e+00,5.6915e+06,5.6429e+06,0.0000e+00,5.6994e+06,2.6964e-01,1.7566e-02,6.3460e-01,4.8219e-01,6.5757e-01
1.8650e+03,4.0766e+00,3.8194e+00,5.5374e+00,2.1437e+00,4.8703e+00,2.6630e+00,6.2105e+07,0.0000e+00,0.0000e+00,0.0000e+00,5.5241e+02,5.5365e+02,5.5708e+02,5.5882e+02,5.6069e+02,5.6244e+02,5.6414e+02,5.6586e+02,5.6647e+02,5.6792e+02,5.6575e+02,5.6607e+02,1.0885e+07,5.6469e+06,1.9145e+01,1.9525e+01,0.0000e+00,0.0000e+00,0.0000e+00,1.8072e+02,5.5505e+02,1.9370e+01,0.0000e+00,0.0000e+00,1.9383e+01,0.0000e+00,0.0000e+00,0.0000e+00,1.0512e+01,0.0000e+00,0.0000e+00,1.2070e+02,4.3900e+02,5.9049e+02,5.6413e+02,5.9073e+02,5.4740e+02,3.1520e+02,3.0815e+02,3.1272e+02,3.7224e+02,5.4484e+02,5.4477e+02,5.4420e+02,5.3883e+02,5.4421e+02,5.3906e+02,5.4562e+02,5.4481e+02,5.4517e+02,5.4566e+02,1.0000e+00,1.0000e+00,1.0000e+00,1.0000e+00,1.0000e+00,1.0000e+00,8.4041e-01,3.5519e-07,0.0000e+00,0.0000e+00,0.0000e+00,0.0000e+00,9.8158e+04,0.0000e+00,5.6355e+06,5.5873e+06,0.0000e+00,5.6437e+06,2.6953e-01,1.7823e-02,6.2457e-01,4.8391e-01,6.3537e-01
1.8700e+03,4.0766e+00,3.8194e+00,5.5374e+00,2.1255e+00,4.7027e+00,2.6248e+00,6.2043e+07,0.0000e+00,0.0000e+00,0.0000e+00,5.5236e+02,5.5359e+02,5.5702e+02,5.5877e+02,5.6063e+02,5.6238e+02,5.6408e+02,5.6580e+02,5.6640e+02,5.6784e+02,5.6567e+02,5.6599e+02,1.0874e+07,5.6006e+06,1.8994e+01,1.8874e+01,0.0000e+00,0.0000e+00,0.0000e+00,1.8120e+02,5.5281e+02,1.9250e+01,0.0000e+00,0.0000e+00,1.9177e+01,0.0000e+00,0.0000e+00,0.0000e+00,6.6044e+01,0.0000e+00,0.0000e+00,6.7049e+02,-2.7558e+03,5.9041e+02,5.6404e+02,5.9065e+02,5.4734e+02,3.1522e+02,3.0815e+02,3.1273e+02,3.7216e+02,5.4417e+02,5.4424e+02,5.4364e+02,5.3832e+02,5.4364e+02,5.3851e+02,5.4468e+02,5.4428e+02,5.4461e+02,5.4514e+02,1.0000e+00,1.0000e+00,1.0000e+00,1.0000e+00,1.0000e+00,1.0000e+00,8.3775e-01,2.2552e-07,0.0000e+00,0.0000e+00,0.0000e+00,0.0000e+00,9.7897e+04,0.0000e+00,5.5866e+06,5.5389e+06,0.0000e+00,5.5975e+06,2.6947e-01,1.7798e-02,6.2791e-01,4.8060e-01,6.2084e-01
1.8750e+03,4.0766e+00,3.8194e+00,5.5374e+00,2.1022e+00,5.0252e+00,2.5783e+00,6.1982e+07,0.0000e+00,0.0000e+00,0.0000e+00,5.5230e+02,5.5353e+02,5.5697e+02,5.5871e+02,5.6058e+02,5.6233e+02,5.6402e+02,5.6574e+02,5.6634e+02,5.6778e+02,5.6561e+02,5.6592e+02,1.0860e+07,5.5545e+06,1.7513e+01,1.6814e+01,0.0000e+00,0.0000e+00,0.0000e+00,1.8242e+02,5.5000e+02,1.9043e+01,0.0000e+00,0.0000e+00,1.9058e+01,0.0000e+00,0.0000e+00,0.0000e+00,2.4688e+01,0.0000e+00,0.0000e+00,7.0869e+02,6.0422e+02,5.9032e+02,5.6396e+02,5.9055e+02,5.4727e+02,3.1524e+02,3.0816e+02,3.1274e+02,3.7209e+02,5.4365e+02,5.4371e+02,5.4310e+02,5.3739e+02,5.4310e+02,5.3792e+02,5.4375e+02,5.4375e+02,5.4410e+02,5.4462e+02,1.0000e+00,1.0000e+00,1.0000e+00,1.0000e+00,1.0000e+00,1.0000e+00,8.3511e-01,1.5322e-07,0.0000e+00,0.0000e+00,0.0000e+00,0.0000e+00,9.7641e+04,0.0000e+00,5.5373e+06,5.4917e+06,0.0000e+00,5.5514e+06,2.6454e-01,1.8111e-02,6.3954e-01,5.1123e-01,6.1704e-01
1.8800e+03,4.0766e+00,3.8194e+00,5.5374e+00,2.0755e+00,4.9591e+00,2.6643e+00,6.1921e+07,0.0000e+00,0.0000e+00,0.0000e+00,5.5223e+02,5.5347e+02,5.5691e+02,5.5865e+02,5.6052e+02,5.6227e+02,5.6396e+02,5.6568e+02,5.6628e+02,5.6772e+02,5.6555e+02,5.6586e+02,1.0845e+07,5.5309e+06,1.8825e+01,1.7505e+01,0.0000e+00,0.0000e+00,0.0000e+00,1.8279e+02,5.4897e+02,1.9145e+01,0.0000e+00,0.0000e+00,1.9053e+01,0.0000e+00,0.0000e+00,0.0000e+00,1.7902e+01,0.0000e+00,0.0000e+00,-9.7336e+02,-4.1730e+02,5.9021e+02,5.6389e+02,5.9045e+02,5.4720e+02,3.1527e+02,3.0816e+02,3.1275e+02,3.7202e+02,5.4345e+02,5.4344e+02,5.4277e+02,5.3701e+02,5.4277e+02,5.3740e+02,5.4351e+02,5.4347e+02,5.4383e+02,5.4416e+02,1.0000e+00,1.0000e+00,1.0000e+00,1.0000e+00,1.0000e+00,1.0000e+00,8.3247e-01,1.1243e-07,0.0000e+00,0.0000e+00,0.0000e+00,0.0000e+00,9.7388e+04,0.0000e+00,5.5080e+06,5.4619e+06,0.0000e+00,5.5276e+06,2.6751e-01,1.7832e-02,6.7296e-01,5.0779e-01,6.3480e-01
1.8850e+03,4.0766e+00,3.8194e+00,5.5374e+00,2.0553e+00,4.6798e+00,2.6001e+00,6.1860e+07,0.0000e+00,0.0000e+00,0.0000e+00,5.5215e+02,5.5339e+02,5.5683e+02,5.5858e+02,5.6045e+02,5.6220e+02,5.6389e+02,5.6562e+02,5.6622e+02,5.6766e+02,5.6548e+02,5.6579e+02,1.0835e+07,5.5756e+06,2.0736e+01,1.9700e+01,0.0000e+00,0.0000e+00,0.0000e+00,1.8270e+02,5.5012e+02,1.9148e+01,0.0000e+00,0.0000e+00,1.9495e+01,0.0000e+00,0.0000e+00,0.0000e+00,3.8531e+01,0.0000e+00,0.0000e+00,2.4955e+02,5.3146e+02,5.9014e+02,5.6382e+02,5.9038e+02,5.4712e+02,3.1529e+02,3.0816e+02,3.1276e+02,3.7195e+02,5.4423e+02,5.4395e+02,5.4336e+02,5.3780e+02,5.4340e+02,5.3828e+02,5.4438e+02,5.4399e+02,5.4435e+02,5.4419e+02,1.0000e+00,1.0000e+00,1.0000e+00,1.0000e+00,1.0000e+00,1.0000e+00,8.2984e-01,8.9035e-08,0.0000e+00,0.0000e+00,0.0000e+00,0.0000e+00,9.7139e+04,0.0000e+00,5.5654e+06,5.5154e+06,0.0000e+00,5.5725e+06,2.7088e-01,1.6594e-02,6.9482e-01,4.8484e-01,6.7494e-01
1.8900e+03,4.0766e+00,3.8194e+00,5.5374e+00,2.0403e+00,4.9370e+00,2.6326e+00,6.1800e+07,0.0000e+00,0.0000e+00,0.0000e+00,5.5206e+02,5.5330e+02,5.5674e+02,5.5849e+02,5.6036e+02,5.6212e+02,5.6381e+02,5.6554e+02,5.6614e+02,5.6758e+02,5.6542e+02,5.6573e+02,1.0827e+07,5.5976e+06,1.9995e+01,2.0799e+01,0.0000e+00,0.0000e+00,0.0000e+00,1.8245e+02,5.5148e+02,1.9324e+01,0.0000e+00,0.0000e+00,1.9137e+01,0.0000e+00,0.0000e+00,0.0000e+00,1.7172e+01,0.0000e+00,0.0000e+00,3.1436e+02,-6.0131e+02,5.9009e+02,5.6376e+02,5.9033e+02,5.4703e+02,3.1531e+02,3.0816e+02,3.1277e+02,3.7188e+02,5.4463e+02,5.4420e+02,5.4359e+02,5.3831e+02,5.4362e+02,5.3861e+02,5.4488e+02,5.4424e+02,5.4459e+02,5.4438e+02,1.0000e+00,1.0000e+00,1.0000e+00,1.0000e+00,1.0000e+00,1.0000e+00,8.2721e-01,7.5195e-08,0.0000e+00,0.0000e+00,0.0000e+00,0.0000e+00,9.6894e+04,0.0000e+00,5.5826e+06,5.5337e+06,0.0000e+00,5.5943e+06,2.7128e-01,1.7528e-02,6.5951e-01,4.6712e-01,7.0376e-01
1.8950e+03,4.0766e+00,3.8194e+00,5.5374e+00,2.0272e+00,4.8614e+00,2.5939e+00,6.1739e+07,0.0000e+00,0.0000e+00,0.0000e+00,5.5196e+02,5.5321e+02,5.5664e+02,5.5839e+02,5.6026e+02,5.6202e+02,5.6372e+02,5.6544e+02,5.6605e+02,5.6750e+02,5.6534e+02,5.6565e+02,1.0821e+07,5.6166e+06,1.9140e+01,1.9993e+01,0.0000e+00,0.0000e+00,0.0000e+00,1.8213e+02,5.5301e+02,1.9140e+01,0.0000e+00,0.0000e+00,1.9493e+01,0.0000e+00,0.0000e+00,0.0000e+00,1.0367e+01,0.0000e+00,0.0000e+00,7.5900e+01,2.6146e+02,5.9005e+02,5.6370e+02,5.9029e+02,5.4694e+02,3.1534e+02,3.0816e+02,3.1278e+02,3.7181e+02,5.4502e+02,5.4442e+02,5.4387e+02,5.3840e+02,5.4385e+02,5.3818e+02,5.4536e+02,5.4446e+02,5.4482e+02,5.4459e+02,1.0000e+00,1.0000e+00,1.0000e+00,1.0000e+00,1.0000e+00,1.0000e+00,8.2460e-01,6.6638e-08,0.0000e+00,0.0000e+00,0.0000e+00,0.0000e+00,9.6654e+04,0.0000e+00,5.6119e+06,5.5600e+06,0.0000e+00,5.6135e+06,2.7004e-01,1.6276e-02,6.3832e-01,4.8022e-01,6.8545e-01
1.9000e+03,4.0766e+00,3.8194e+00,5.5374e+00,2.0170e+00,4.8450e+00,2.6951e+00,6.1679e+07,0.0000e+00,0.0000e+00,0.0000e+00,5.5187e+02,5.5311e+02,5.5654e+02,5.5829e+02,5.6016e+02,5.6192e+02,5.6361e+02,5.6534e+02,5.6595e+02,5.6740e+02,5.6525e+02,5.6557e+02,1.0817e+07,5.6324e+06,1.9248e+01,1.9439e+01,0.0000e+00,0.0000e+00,0.0000e+00,1.8079e+02,5.5545e+02,1.9408e+01,0.0000e+00,0.0000e+00,1.9164e+01,0.0000e+00,0.0000e+00,0.0000e+00,1.6298e+01,0.0000e+00,0.0000e+00,7.0064e+01,1.8524e+02,5.9002e+02,5.6363e+02,5.9026e+02,5.4686e+02,3.1536e+02,3.0817e+02,3.1280e+02,3.7174e+02,5.4533e+02,5.4460e+02,5.4399e+02,5.3857e+02,5.4401e+02,5.3896e+02,5.4576e+02,5.4464e+02,5.4500e+02,5.4481e+02,1.0000e+00,1.0000e+00,1.0000e+00,1.0000e+00,1.0000e+00,1.0000e+00,8.2197e-01,6.0870e-08,0.0000e+00,0.0000e+00,0.0000e+00,0.0000e+00,9.6416e+04,0.0000e+00,5.6164e+06,5.5677e+06,0.0000e+00,5.6291e+06,2.7054e-01,1.7653e-02,6.4261e-01,4.8099e-01,6.6302e-01
1.9050e+03,4.0766e+00,3.8194e+00,5.5374e+00,2.0094e+00,4.7741e+00,2.5934e+00,6.1619e+07,0.0000e+00,0.0000e+00,0.0000e+00,5.5177e+02,5.5301e+02,5.5643e+02,5.5818e+02,5.6005e+02,5.6181e+02,5.6351e+02,5.6523e+02,5.6585e+02,5.6729e+02,5.6515e+02,5.6547e+02,1.0814e+07,5.6485e+06,1.9379e+01,1.9367e+01,0.0000e+00,0.0000e+00,0.0000e+00,1.8020e+02,5.5665e+02,1.9357e+01,0.0000e+00,0.0000e+00,1.9436e+01,0.0000e+00,0.0000e+00,0.0000e+00,2.2455e+01,0.0000e+00,0.0000e+00,3.1471e+02,-1.1098e+03,5.9000e+02,5.6355e+02,5.9024e+02,5.4677e+02,3.1539e+02,3.0817e+02,3.1281e+02,3.7167e+02,5.4566e+02,5.4479e+02,5.4421e+02,5.3876e+02,5.4424e+02,5.3807e+02,5.4617e+02,5.4482e+02,5.4516e+02,5.4497e+02,1.0000e+00,1.0000e+00,1.0000e+00,1.0000e+00,1.0000e+00,1.0000e+00,8.1938e-01,5.6692e-08,0.0000e+00,0.0000e+00,0.0000e+00,0.0000e+00,9.6184e+04,0.0000e+00,5.6363e+06,5.5885e+06,0.0000e+00,5.6453e+06,2.7051e-01,1.7630e-02,6.4540e-01,4.8074e-01,6.5832e-01
1.9100e+03,4.0766e+00,3.8194e+00,5.5374e+00,2.0035e+00,4.8765e+00,2.5779e+00,6.1559e+07,0.0000e+00,0.0000e+00,0.0000e+00,5.5169e+02,5.5292e+02,5.5634e+02,5.5808e+02,5.5995e+02,5.6171e+02,5.6340e+02,5.6512e+02,5.6574e+02,5.6719e+02,5.6505e+02,5.6537e+02,1.0812e+07,5.6651e+06,1.9374e+01,1.9278e+01,0.0000e+00,0.0000e+00,0.0000e+00,1.8003e+02,5.5697e+02,1.9411e+01,0.0000e+00,0.0000e+00,1.9448e+01,0.0000e+00,0.0000e+00,0.0000e+00,2.6231e+01,0.0000e+00,0.0000e+00,2.9783e+02,3.7954e+02,5.8999e+02,5.6346e+02,5.9022e+02,5.4670e+02,3.1541e+02,3.0817e+02,3.1282e+02,3.7161e+02,5.4600e+02,5.4498e+02,5.4439e+02,5.3893e+02,5.4442e+02,5.3897e+02,5.4658e+02,5.4501e+02,5.4536e+02,5.4515e+02,1.0000e+00,1.0000e+00,1.0000e+00,1.0000e+00,1.0000e+00,1.0000e+00,8.1678e-01,5.3334e-08,0.0000e+00,0.0000e+00,0.0000e+00,0.0000e+00,9.5955e+04,0.0000e+00,5.6529e+06,5.6041e+06,0.0000e+00,5.6619e+06,2.7042e-01,1.7553e-02,6.4608e-01,4.8242e-01,6.5971e-01
1.9150e+03,4.0766e+00,3.8194e+00,5.5374e+00,1.9980e+00,4.8952e+00,2.5014e+00,6.1500e+07,0.0000e+00,0.0000e+00,0.0000e+00,5.5161e+02,5.5284e+02,5.5625e+02,5.5799e+02,5.5986e+02,5.6161e+02,5.6330e+02,5.6502e+02,5.6564e+02,5.6708e+02,5.6495e+02,5.6527e+02,1.0810e+07,5.6784e+06,1.9473e+01,1.9517e+01,0.0000e+00,0.0000e+00,0.0000e+00,1.8090e+02,5.5557e+02,1.9291e+01,0.0000e+00,0.0000e+00,1.9592e+01,0.0000e+00,0.0000e+00,0.0000e+00,1.2767e+01,0.0000e+00,0.0000e+00,6.1440e+01,1.6277e+02,5.8997e+02,5.6336e+02,5.9021e+02,5.4663e+02,3.1543e+02,3.0817e+02,3.1283e+02,3.7154e+02,5.4627e+02,5.4513e+02,5.4455e+02,5.3908e+02,5.4455e+02,5.3933e+02,5.4691e+02,5.4516e+02,5.4551e+02,5.4533e+02,1.0000e+00,1.0000e+00,1.0000e+00,1.0000e+00,1.0000e+00,1.0000e+00,8.1419e-01,5.0440e-08,0.0000e+00,0.0000e+00,0.0000e+00,0.0000e+00,9.5730e+04,0.0000e+00,5.6696e+06,5.6194e+06,0.0000e+00,5.6752e+06,2.7051e-01,1.6557e-02,6.4672e-01,4.8304e-01,6.6070e-01
1.9200e+03,4.0766e+00,3.8194e+00,5.5374e+00,1.9888e+00,4.8113e+00,2.4455e+00,6.1441e+07,0.0000e+00,0.0000e+00,0.0000e+00,5.5154e+02,5.5277e+02,5.5618e+02,5.5792e+02,5.5978e+02,5.6153e+02,5.6322e+02,5.6493e+02,5.6555e+02,5.6699e+02,5.6485e+02,5.6517e+02,1.0805e+07,5.6169e+06,1.9726e+01,2.0515e+01,0.0000e+00,0.0000e+00,0.0000e+00,1.8155e+02,5.5318e+02,1.9405e+01,0.0000e+00,0.0000e+00,1.9279e+01,0.0000e+00,0.0000e+00,0.0000e+00,7.8517e+00,0.0000e+00,0.0000e+00,1.7775e+02,5.6626e+02,5.8994e+02,5.6326e+02,5.9017e+02,5.4657e+02,3.1546e+02,3.0818e+02,3.1284e+02,3.7148e+02,5.4497e+02,5.4443e+02,5.4385e+02,5.3856e+02,5.4388e+02,5.3864e+02,5.4569e+02,5.4446e+02,5.4482e+02,5.4527e+02,1.0000e+00,1.0000e+00,1.0000e+00,1.0000e+00,1.0000e+00,1.0000e+00,8.1162e-01,4.7813e-08,0.0000e+00,0.0000e+00,0.0000e+00,0.0000e+00,9.5510e+04,0.0000e+00,5.6048e+06,5.5569e+06,0.0000e+00,5.6138e+06,2.6967e-01,1.7595e-02,6.3197e-01,4.7984e-01,6.5704e-01
1.9250e+03,4.0766e+00,3.8194e+00,5.5374e+00,1.9704e+00,4.7555e+00,2.5461e+00,6.1381e+07,0.0000e+00,0.0000e+00,0.0000e+00,5.5149e+02,5.5271e+02,5.5613e+02,5.5786e+02,5.5972e+02,5.6146e+02,5.6315e+02,5.6487e+02,5.6547e+02,5.6691e+02,5.6476e+02,5.6508e+02,1.0793e+07,5.5638e+06,1.8993e+01,1.9500e+01,0.0000e+00,0.0000e+00,0.0000e+00,1.8175e+02,5.5023e+02,1.9485e+01,0.0000e+00,0.0000e+00,1.9188e+01,0.0000e+00,0.0000e+00,0.0000e+00,9.6448e+00,0.0000e+00,0.0000e+00,1.1060e+02,4.2171e+02,5.8986e+02,5.6316e+02,5.9009e+02,5.4650e+02,3.1548e+02,3.0818e+02,3.1285e+02,3.7141e+02,5.4384e+02,5.4382e+02,5.4324e+02,5.3786e+02,5.4328e+02,5.3819e+02,5.4462e+02,5.4385e+02,5.4421e+02,5.4470e+02,1.0000e+00,1.0000e+00,1.0000e+00,1.0000e+00,1.0000e+00,1.0000e+00,8.0903e-01,4.5316e-08,0.0000e+00,0.0000e+00,0.0000e+00,0.0000e+00,9.5293e+04,0.0000e+00,5.5534e+06,5.5047e+06,0.0000e+00,5.5605e+06,2.6947e-01,1.7360e-02,6.2444e-01,4.8196e-01,6.3298e-01
1.9300e+03,4.0766e+00,3.8194e+00,5.5374e+00,1.9479e+00,4.5745e+00,2.4728e+00,6.1322e+07,0.0000e+00,0.0000e+00,0.0000e+00,5.5143e+02,5.5266e+02,5.5607e+02,5.5781e+02,5.5967e+02,5.6141e+02,5.6310e+02,5.6481e+02,5.6541e+02,5.6685e+02,5.6469e+02,5.6500e+02,1.0779e+07,5.5182e+06,1.8586e+01,1.8412e+01,0.0000e+00,0.0000e+00,0.0000e+00,1.8181e+02,5.4788e+02,1.9100e+01,0.0000e+00,0.0000e+00,1.9048e+01,0.0000e+00,0.0000e+00,0.0000e+00,7.1537e+01,0.0000e+00,0.0000e+00,6.5048e+02,-2.2444e+03,5.8976e+02,5.6307e+02,5.9000e+02,5.4644e+02,3.1550e+02,3.0818e+02,3.1286e+02,3.7135e+02,5.4322e+02,5.4329e+02,5.4268e+02,5.3734e+02,5.4269e+02,5.3751e+02,5.4368e+02,5.4333e+02,5.4366e+02,5.4418e+02,1.0000e+00,1.0000e+00,1.0000e+00,1.0000e+00,1.0000e+00,1.0000e+00,8.0646e-01,4.2920e-08,0.0000e+00,0.0000e+00,0.0000e+00,0.0000e+00,9.5080e+04,0.0000e+00,5.5040e+06,5.4568e+06,0.0000e+00,5.5150e+06,2.6895e-01,1.7806e-02,6.2834e-01,4.7977e-01,6.2061e-01
1.9350e+03,4.0766e+00,3.8194e+00,5.5374e+00,1.9223e+00,4.9360e+00,2.4938e+00,6.1264e+07,0.0000e+00,0.0000e+00,0.0000e+00,5.5137e+02,5.5260e+02,5.5602e+02,5.5776e+02,5.5962e+02,5.6136e+02,5.6305e+02,5.6476e+02,5.6536e+02,5.6679e+02,5.6463e+02,5.6494e+02,1.0764e+07,5.4731e+06,1.7538e+01,1.6885e+01,0.0000e+00,0.0000e+00,0.0000e+00,1.8181e+02,5.4647e+02,1.8638e+01,0.0000e+00,0.0000e+00,1.8709e+01,0.0000e+00,0.0000e+00,0.0000e+00,2.2921e+01,0.0000e+00,0.0000e+00,7.0863e+02,5.9345e+02,5.8965e+02,5.6299e+02,5.8989e+02,5.4637e+02,3.1553e+02,3.0818e+02,3.1287e+02,3.7129e+02,5.4271e+02,5.4277e+02,5.4216e+02,5.3640e+02,5.4214e+02,5.3685e+02,5.4276e+02,5.4280e+02,5.4315e+02,5.4366e+02,1.0000e+00,1.0000e+00,1.0000e+00,1.0000e+00,1.0000e+00,1.0000e+00,8.0390e-01,4.0601e-08,0.0000e+00,0.0000e+00,0.0000e+00,0.0000e+00,9.4871e+04,0.0000e+00,5.4514e+06,5.4089e+06,0.0000e+00,5.4701e+06,2.6477e-01,1.7463e-02,6.4239e-01,5.1105e-01,6.1791e-01
1.9400e+03,4.0766e+00,3.8194e+00,5.5374e+00,1.8957e+00,4.8082e+00,2.5553e+00,6.1205e+07,0.0000e+00,0.0000e+00,0.0000e+00,5.5130e+02,5.5253e+02,5.5595e+02,5.5770e+02,5.5956e+02,5.6131e+02,5.6299e+02,5.6470e+02,5.6530e+02,5.6674e+02,5.6457e+02,5.6488e+02,1.0749e+07,5.4557e+06,1.8527e+01,1.7136e+01,0.0000e+00,0.0000e+00,0.0000e+00,1.8116e+02,5.4703e+02,1.9020e+01,0.0000e+00,0.0000e+00,1.8943e+01,0.0000e+00,0.0000e+00,0.0000e+00,1.7265e+01,0.0000e+00,0.0000e+00,-9.2370e+02,-9.5713e+02,5.8955e+02,5.6292e+02,5.8979e+02,5.4629e+02,3.1555e+02,3.0818e+02,3.1288e+02,3.7123e+02,5.4262e+02,5.4256e+02,5.4190e+02,5.3610e+02,5.4191e+02,5.3655e+02,5.4268e+02,5.4260e+02,5.4295e+02,5.4322e+02,1.0000e+00,1.0000e+00,1.0000e+00,1.0000e+00,1.0000e+00,1.0000e+00,8.0133e-01,3.8322e-08,0.0000e+00,0.0000e+00,0.0000e+00,0.0000e+00,9.4666e+04,0.0000e+00,5.4345e+06,5.3882e+06,0.0000e+00,5.4526e+06,2.6724e-01,1.7657e-02,6.7625e-01,5.0413e-01,6.3851e-01
1.9450e+03,4.0766e+00,3.8194e+00,5.5374e+00,1.8788e+00,4.5414e+00,2.5006e+00,6.1147e+07,0.0000e+00,0.0000e+00,0.0000e+00,5.5121e+02,5.5245e+02,5.5587e+02,5.5761e+02,5.5948e+02,5.6123e+02,5.6291e+02,5.6463e+02,5.6523e+02,5.6667e+02,5.6451e+02,5.6482e+02,1.0740e+07,5.4976e+06,2.0963e+01,2.0014e+01,0.0000e+00,0.0000e+00,0.0000e+00,1.8041e+02,5.4953e+02,1.8983e+01,0.0000e+00,0.0000e+00,1.9125e+01,0.0000e+00,0.0000e+00,0.0000e+00,3.1217e+01,0.0000e+00,0.0000e+00,2.3517e+02,5.0514e+02,5.8949e+02,5.6286e+02,5.8973e+02,5.4621e+02,3.1557e+02,3.0819e+02,3.1289e+02,3.7117e+02,5.4333e+02,5.4305e+02,5.4238e+02,5.3691e+02,5.4224e+02,5.3730e+02,5.4347e+02,5.4309e+02,5.4344e+02,5.4328e+02,1.0000e+00,1.0000e+00,1.0000e+00,1.0000e+00,1.0000e+00,1.0000e+00,7.9878e-01,3.6108e-08,0.0000e+00,0.0000e+00,0.0000e+00,0.0000e+00,9.4466e+04,0.0000e+00,5.4803e+06,5.4295e+06,0.0000e+00,5.4943e+06,2.7089e-01,1.7074e-02,6.9489e-01,4.8014e-01,6.7914e-01
1.9500e+03,4.0766e+00,3.8194e+00,5.5374e+00,1.8677e+00,4.8164e+00,2.4427e+00,6.1089e+07,0.0000e+00,0.0000e+00,0.0000e+00,5.5112e+02,5.5236e+02,5.5577e+02,5.5752e+02,5.5938e+02,5.6114e+02,5.6282e+02,5.6454e+02,5.6515e+02,5.6659e+02,5.6444e+02,5.6475e+02,1.0735e+07,5.5192e+06,1.9695e+01,2.0532e+01,0.0000e+00,0.0000e+00,0.0000e+00,1.8011e+02,5.5159e+02,1.9064e+01,0.0000e+00,0.0000e+00,1.9273e+01,0.0000e+00,0.0000e+00,0.0000e+00,1.7946e+01,0.0000e+00,0.0000e+00,3.5042e+02,-4.1076e+02,5.8945e+02,5.6280e+02,5.8969e+02,5.4613e+02,3.1560e+02,3.0819e+02,3.1290e+02,3.7111e+02,5.4374e+02,5.4330e+02,5.4273e+02,5.3739e+02,5.4277e+02,5.3752e+02,5.4398e+02,5.4334e+02,5.4369e+02,5.4347e+02,1.0000e+00,1.0000e+00,1.0000e+00,1.0000e+00,1.0000e+00,1.0000e+00,7.9623e-01,3.3935e-08,0.0000e+00,0.0000e+00,0.0000e+00,0.0000e+00,9.4269e+04,0.0000e+00,5.5112e+06,5.4615e+06,0.0000e+00,5.5162e+06,2.7098e-01,1.6620e-02,6.5719e-01,4.6515e-01,7.0520e-01
1.9550e+03,4.0766e+00,3.8194e+00,5.5374e+00,1.8592e+00,4.7699e+00,2.4719e+00,6.1031e+07,0.0000e+00,0.0000e+00,0.0000e+00,5.5102e+02,5.5226e+02,5.5567e+02,5.5742e+02,5.5928e+02,5.6103e+02,5.6272e+02,5.6444e+02,5.6505e+02,5.6649e+02,5.6436e+02,5.6467e+02,1.0732e+07,5.5377e+06,1.8891e+01,1.9727e+01,0.0000e+00,0.0000e+00,0.0000e+00,1.7998e+02,5.5335e+02,1.9271e+01,0.0000e+00,0.0000e+00,1.9182e+01,0.0000e+00,0.0000e+00,0.0000e+00,9.7353e+00,0.0000e+00,0.0000e+00,6.1064e+01,2.5611e+02,5.8943e+02,5.6274e+02,5.8967e+02,5.4604e+02,3.1562e+02,3.0819e+02,3.1291e+02,3.7106e+02,5.4412e+02,5.4352e+02,5.4292e+02,5.3747e+02,5.4294e+02,5.3768e+02,5.4445e+02,5.4355e+02,5.4390e+02,5.4368e+02,1.0000e+00,1.0000e+00,1.0000e+00,1.0000e+00,1.0000e+00,1.0000e+00,7.9369e-01,3.1815e-08,0.0000e+00,0.0000e+00,0.0000e+00,0.0000e+00,9.4076e+04,0.0000e+00,5.5256e+06,5.4773e+06,0.0000e+00,5.5345e+06,2.7001e-01,1.7536e-02,6.3766e-01,4.7870e-01,6.8510e-01
1.9600e+03,4.0766e+00,3.8194e+00,5.5374e+00,1.8505e+00,4.7338e+00,2.3664e+00,6.0974e+07,0.0000e+00,0.0000e+00,0.0000e+00,5.5093e+02,5.5216e+02,5.5557e+02,5.5731e+02,5.5917e+02,5.6092e+02,5.6261e+02,5.6433e+02,5.6495e+02,5.6639e+02,5.6426e+02,5.6458e+02,1.0728e+07,5.5532e+06,1.9331e+01,1.9352e+01,0.0000e+00,0.0000e+00,0.0000e+00,1.8103e+02,5.5289e+02,1.9141e+01,0.0000e+00,0.0000e+00,1.9224e+01,0.0000e+00,0.0000e+00,0.0000e+00,1.5211e+01,0.0000e+00,0.0000e+00,5.8192e+01,1.7482e+02,5.8940e+02,5.6266e+02,5.8964e+02,5.4595e+02,3.1564e+02,3.0820e+02,3.1292e+02,3.7100e+02,5.4444e+02,5.4370e+02,5.4307e+02,5.3766e+02,5.4307e+02,5.3747e+02,5.4485e+02,5.4373e+02,5.4408e+02,5.4389e+02,1.0000e+00,1.0000e+00,1.0000e+00,1.0000e+00,1.0000e+00,1.0000e+00,7.9115e-01,0.0000e+00,0.0000e+00,0.0000e+00,0.0000e+00,0.0000e+00,9.3885e+04,0.0000e+00,5.5382e+06,5.4882e+06,0.0000e+00,5.5501e+06,2.7037e-01,1.6858e-02,6.4262e-01,4.7817e-01,6.6306e-01
1.9650e+03,4.0766e+00,3.8194e+00,5.5374e+00,1.8406e+00,4.6398e+00,2.3598e+00,6.0916e+07,0.0000e+00,0.0000e+00,0.0000e+00,5.5084e+02,5.5207e+02,5.5547e+02,5.5721e+02,5.5907e+02,5.6082e+02,5.6251e+02,5.6423e+02,5.6484e+02,5.6629e+02,5.6416e+02,5.6448e+02,1.0723e+07,5.5694e+06,1.9272e+01,1.9276e+01,0.0000e+00,0.0000e+00,0.0000e+00,1.8122e+02,5.5264e+02,1.9003e+01,0.0000e+00,0.0000e+00,1.9423e+01,0.0000e+00,0.0000e+00,0.0000e+00,2.0733e+01,0.0000e+00,0.0000e+00,2.8003e+02,-6.3653e+02,5.8937e+02,5.6257e+02,5.8961e+02,5.4587e+02,3.1567e+02,3.0820e+02,3.1293e+02,3.7095e+02,5.4477e+02,5.4388e+02,5.4331e+02,5.3784e+02,5.4330e+02,5.3835e+02,5.4527e+02,5.4392e+02,5.4427e+02,5.4406e+02,1.0000e+00,1.0000e+00,1.0000e+00,1.0000e+00,1.0000e+00,1.0000e+00,7.8861e-01,0.0000e+00,0.0000e+00,0.0000e+00,0.0000e+00,0.0000e+00,9.3700e+04,0.0000e+00,5.5622e+06,5.5115e+06,0.0000e+00,5.5664e+06,2.7036e-01,1.5850e-02,6.4443e-01,4.7845e-01,6.5852e-01
1.9700e+03,4.0766e+00,3.8194e+00,5.5374e+00,1.8309e+00,4.7658e+00,2.4191e+00,6.0859e+07,0.0000e+00,0.0000e+00,0.0000e+00,5.5075e+02,5.5198e+02,5.5538e+02,5.5712e+02,5.5897e+02,5.6072e+02,5.6241e+02,5.6413e+02,5.6474e+02,5.6618e+02,5.6406e+02,5.6438e+02,1.0719e+07,5.5857e+06,1.9188e+01,1.9176e+01,0.0000e+00,0.0000e+00,0.0000e+00,1.8106e+02,5.5224e+02,1.9508e+01,0.0000e+00,0.0000e+00,1.9233e+01,0.0000e+00,0.0000e+00,0.0000e+00,2.1762e+01,0.0000e+00,0.0000e+00,2.9721e+02,3.5026e+02,5.8934e+02,5.6248e+02,5.8958e+02,5.4579e+02,3.1569e+02,3.0820e+02,3.1294e+02,3.7089e+02,5.4510e+02,5.4407e+02,5.4348e+02,5.3802e+02,5.4351e+02,5.3834e+02,5.4567e+02,5.4411e+02,5.4445e+02,5.4424e+02,1.0000e+00,1.0000e+00,1.0000e+00,1.0000e+00,1.0000e+00,1.0000e+00,7.8610e-01,0.0000e+00,0.0000e+00,0.0000e+00,0.0000e+00,0.0000e+00,9.3519e+04,0.0000e+00,5.5733e+06,5.5247e+06,0.0000e+00,5.5825e+06,2.7026e-01,1.7429e-02,6.4491e-01,4.7993e-01,6.5951e-01
